dates,days,day1,population,susceptibles,isolated,isolatedinfected,infectednotisolated,infected,importedinfections,accumulatedinfected,tested_mit,confirmed,deaths,recovered,beta,susceptibleprop,newtested_mit,newimportedinfections,newinfected,newisolated,newisolatedinfected,newconfirmed,newrecovered,requireddxtests,actualdxtests,newdeaths,truepositives,falsepositives,truenegatives,falsenegatives,ppv,npv,incidence,prevalence,actualdeaths,reff,positive rate,detection rate
2020-01-23,0,0,8654999.0,8654996.0,0.0,0.0,3.0,3.0,0.0,0.0,0.0,0.0,0.0,0.0,0.0,3.0,0.0,0.0,3.0,0.0,0.0,0.0,0.0,0.0,0.0,0.0,0.0,0.0,0.0,0.0,,,3.4662049065516934e-07,0.0,0.0,1.0,,0.0
2020-01-24,3,3,8654999.0,8654996.0,0.0,0.0,6.9,6.9,0.0,0.0,0.0,0.0,0.0,0.0,0.0,3.0,0.0,4.0,0.0,0.0,0.0,0.0,0.0,0.0,0.0,0.0,0.0,0.0,0.0,0.0,,,0.0,0.0,0.0,0.0,,
2020-01-25,6,6,8654999.0,8654992.1,0.0,0.0,11.100000000000001,11.100000000000001,0.0,0.0,0.0,0.0,0.0,0.0,0.0,3.0,0.0,4.0,0.0,0.0,0.0,0.0,0.0,0.0,0.0,0.0,0.0,0.0,0.0,0.0,,,0.0,0.0,0.0,0.0,,
2020-01-26,9,9,8654999.0,8654987.9,0.0,0.0,15.0,15.0,0.0,0.0,0.0,0.0,0.0,0.0,0.0,3.0,0.0,4.0,0.0,0.0,0.0,0.0,0.0,0.0,0.0,0.0,0.0,0.0,0.0,0.0,,,0.0,0.0,0.0,0.0,,
2020-01-27,12,12,8654999.0,8654983.0,0.0,0.0,20.0,20.0,0.0,1.0,0.0,0.0,0.0,0.0,0.0,3.0,0.0,4.0,1.027,0.0,0.0,0.0,0.0,0.0,0.0,0.0,0.0,0.0,0.0,0.0,,,1.1865974796761963e-07,1.1554016355172311e-07,0.0,0.05134999999999999,,0.0
2020-01-28,15,15,8654999.0,8654976.6,0.0,0.0,26.4,26.4,0.0,3.4,0.0,0.0,0.0,0.0,0.0,3.0,0.0,4.0,2.406,0.0,0.0,0.0,0.0,0.0,0.0,0.0,0.0,0.0,0.0,0.0,,,2.7798963350544585e-07,3.928365560758586e-07,0.0,0.09113636363636364,,0.0
2020-01-29,18,18,8654999.0,8654968.8,0.0,0.0,34.2,34.2,0.0,7.3,0.0,0.0,0.0,0.0,0.0,3.0,0.0,4.0,3.784,0.0,0.0,0.0,0.0,0.0,0.0,0.0,0.0,0.0,0.0,0.0,,,4.372039788797202e-07,8.434431939275787e-07,0.0,0.11064327485380115,,0.0
2020-01-30,21,21,8654999.0,8654959.6,0.0,0.0,43.4,43.4,0.0,12.399999999999999,0.0,0.0,0.0,0.0,0.0,3.0,0.0,4.0,5.165,0.0,0.0,0.0,0.0,0.0,0.0,0.0,0.0,0.0,0.0,0.0,,,5.967649447446499e-07,1.4326980280413664e-06,0.0,0.11900921658986176,,0.0
2020-01-31,24,24,8654999.0,8654948.6,0.0,0.0,54.300000000000004,54.300000000000004,0.0,19.3,0.0,0.0,0.0,0.0,0.0,3.0,0.0,4.0,6.898,0.0,0.0,0.0,0.0,0.0,0.0,0.0,0.0,0.0,0.0,0.0,,,7.96996048179786e-07,2.2299251565482563e-06,0.0,0.12703499079189684,,0.0
2020-02-01,27,27,8654999.0,8654935.6,0.0,0.0,67.3,67.3,0.0,28.4,0.0,0.0,0.0,0.0,0.0,3.0,0.0,4.0,9.106,0.0,0.0,0.0,0.0,0.0,0.0,0.0,0.0,0.0,0.0,0.0,,,1.0521087293019906e-06,3.2813406448689362e-06,0.0,0.13530460624071322,,0.0
2020-02-02,30,30,8654999.0,8654919.8,0.0,0.0,83.1,83.1,0.0,40.2,0.0,0.0,0.0,0.0,0.0,3.0,0.0,4.0,11.791,0.0,0.0,0.0,0.0,0.0,0.0,0.0,0.0,0.0,0.0,0.0,,,1.3623340684383673e-06,4.64471457477927e-06,0.0,0.1418892900120337,,0.0
2020-02-03,33,33,8654999.0,8654900.9,0.0,0.0,102.2,102.2,0.0,55.099999999999994,0.0,0.0,0.0,0.0,0.0,3.0,0.0,4.0,14.951,0.0,0.0,0.0,0.0,0.0,0.0,0.0,0.0,0.0,0.0,0.0,,,1.7274409852618123e-06,6.366263011699943e-06,0.0,0.14629158512720156,,0.0
2020-02-04,36,36,8654999.0,8654878.1,0.0,0.0,124.80000000000001,124.80000000000001,0.0,73.8,0.0,0.0,0.0,0.0,0.0,3.0,0.0,4.0,18.708,0.0,0.0,0.0,0.0,0.0,0.0,0.0,0.0,0.0,0.0,0.0,,,2.161525379725636e-06,8.526864070117165e-06,0.0,0.14990384615384614,,0.0
2020-02-05,39,39,8654999.0,8654851.0,0.0,0.0,152.1,152.1,0.0,97.0,0.0,0.0,0.0,0.0,0.0,3.0,0.0,4.0,23.227,0.0,0.0,0.0,0.0,0.0,0.0,0.0,0.0,0.0,0.0,0.0,,,2.683651378815873e-06,1.1207395864517142e-05,0.0,0.1527087442472058,,0.0
2020-02-06,42,42,8654999.0,8654818.399999999,0.0,0.0,184.79999999999998,184.79999999999998,0.0,125.7,0.0,0.0,0.0,0.0,0.0,3.0,0.0,4.0,28.672,0.0,0.0,0.0,0.0,0.0,0.0,0.0,0.0,0.0,0.0,0.0,,,3.3127675693550053e-06,1.4523398558451595e-05,0.0,0.15515151515151518,,0.0
2020-02-07,45,45,8654999.0,8654779.0,0.0,0.0,221.0,221.0,0.0,161.0,0.0,0.0,0.0,3.0,0.0,3.0,0.0,4.0,35.206,0.0,0.0,0.0,2.9699999999999998,0.0,0.0,0.0,0.0,0.0,0.0,0.0,,,4.0677069980019645e-06,1.860196633182742e-05,0.0,0.1593031674208145,,0.0
2020-02-08,48,48,8654999.0,8654732.0,0.0,0.0,267.9,267.9,0.0,204.0,0.0,0.0,0.0,3.0,0.0,3.0,0.0,4.0,43.036,0.0,0.0,0.0,0.0,0.0,0.0,0.0,0.0,0.0,0.0,0.0,,,4.972386478611956e-06,2.3570193364551516e-05,0.0,0.16064203060843602,,0.0
2020-02-09,51,51,8654999.0,8654675.7,0.0,0.0,324.5,324.5,0.0,256.4,0.0,0.0,0.0,3.0,0.0,3.0,0.0,4.0,52.424,0.0,0.0,0.0,0.0,0.0,0.0,0.0,0.0,0.0,0.0,0.0,,,6.057077534035532e-06,2.9624497934661805e-05,0.0,0.16155315870570108,,0.0
2020-02-10,54,54,8654999.0,8654607.9,0.0,0.0,392.09999999999997,392.09999999999997,0.0,320.1,0.0,0.0,0.0,3.0,0.0,3.0,0.0,4.0,63.690000000000005,0.0,0.0,0.0,0.0,0.0,0.0,0.0,0.0,0.0,0.0,0.0,,,7.358753016609246e-06,3.6984406352906575e-05,0.0,0.16243305279265496,,0.0
2020-02-11,57,57,8654999.0,8654527.7,0.0,0.0,471.29999999999995,471.29999999999995,0.0,396.29999999999995,0.0,0.0,0.0,4.0,0.0,3.0,0.0,4.0,76.191,0.0,0.0,0.0,1.016,0.0,0.0,0.0,0.0,0.0,0.0,0.0,,,8.803120601169336e-06,4.578856681554786e-05,0.0,0.16166136218968813,,0.0
2020-02-12,60,60,8654999.0,8654431.4,0.0,0.0,565.3,565.3,0.0,488.70000000000005,0.0,0.0,0.0,6.4,0.0,3.0,0.0,4.0,92.408,0.0,0.0,0.0,2.383,0.0,0.0,0.0,0.0,0.0,0.0,0.0,,,1.067683543348763e-05,5.646447792772709e-05,0.0,0.16346718556518663,,0.0
2020-02-13,63,63,8654999.0,8654315.5,0.0,0.0,677.5,677.5,0.0,600.6,0.0,0.0,0.0,10.1,0.0,3.0,0.0,4.0,111.863,0.0,0.0,0.0,3.7479999999999998,0.0,0.0,0.0,0.0,0.0,0.0,0.0,,,1.2924669315386403e-05,6.93934222291649e-05,0.0,0.16511143911439113,,0.0
2020-02-14,66,66,8654999.0,8654176.2,0.0,0.0,811.5,811.5,0.0,735.8,0.0,0.0,0.0,15.2,0.0,3.0,0.0,4.0,135.202,0.0,0.0,0.0,5.113,0.0,0.0,0.0,0.0,0.0,0.0,0.0,,,1.5621261192520068e-05,8.501445234135786e-05,0.0,0.166607516943931,,0.0
2020-02-15,69,69,8654999.0,8654009.7,0.0,0.0,971.2,971.2,0.0,898.3,0.0,0.0,0.0,22.1,0.0,3.0,0.0,4.0,162.498,0.0,0.0,0.0,6.829000000000001,0.0,0.0,0.0,0.0,0.0,0.0,0.0,,,1.8775045496827902e-05,0.00010378972891851286,0.0,0.1673167215815486,,0.0
2020-02-16,72,72,8654999.0,8653810.9,0.0,0.0,1161.1000000000001,1161.1000000000001,0.0,1093.2,0.0,0.0,0.0,31.200000000000003,0.0,3.0,0.0,4.0,194.916,0.0,0.0,0.0,9.016,0.0,0.0,0.0,0.0,0.0,0.0,0.0,,,2.252062651884766e-05,0.0001263085067947437,0.0,0.16787184566359484,,0.0
2020-02-17,75,75,8654999.0,8653573.3,0.0,0.0,1387.0,1387.0,0.0,1326.7,0.0,0.0,0.0,42.8,0.0,3.0,0.0,4.0,233.56799999999998,0.0,0.0,0.0,11.674,0.0,0.0,0.0,0.0,0.0,0.0,0.0,,,2.6986484920448863e-05,0.00015328713498407106,0.0,0.1683979812545061,,0.0
2020-02-18,78,78,8654999.0,8653289.5,0.0,0.0,1656.0,1656.0,0.0,1606.5,66.1,0.0,0.0,57.5,0.0,3.0,66.1,4.0,279.796,0.0,0.0,0.0,14.802,0.0,0.0,0.0,0.0,3.7,62.599999999999994,0.0,0.0,1.0,3.232767560111792e-05,0.0001856152727458432,0.0,0.16895893719806762,0.0,0.0
2020-02-19,81,81,8654999.0,8652950.6,3.8000000000000003,0.0,1976.2,1976.2,0.0,1941.5,132.1,3.8000000000000003,0.0,76.0,0.0,3.0,66.1,4.0,334.84000000000003,3.8000000000000003,0.0,3.8000000000000003,18.522,0.0,0.0,0.0,0.0,3.7,62.599999999999994,0.0,0.0,1.0,3.868746836365897e-05,0.00022432122753567044,0.0,0.16943629187329218,0.05748865355521937,0.011348703858559312
2020-02-20,84,84,8654999.0,8652546.3,7.5,0.0,2357.5,2357.6,0.0,2341.6,198.29999999999998,7.5,0.0,99.0,0.0,3.0,66.1,4.0,400.303,3.8000000000000003,0.0,3.8000000000000003,22.997,0.0,0.0,0.0,0.1,3.7,62.599999999999994,0.0,0.02631578947368421,1.0,4.6251074090245415e-05,0.00027054884697271485,0.0,0.1697925856803529,0.05748865355521937,0.009492809197033249
2020-02-21,87,87,8654999.0,8652064.1,11.3,0.0,2811.1,2811.4,0.0,2819.9,264.3,11.3,0.0,127.5,0.0,3.0,66.1,4.0,478.171,3.8000000000000003,0.1,3.8000000000000003,28.387999999999998,0.0,0.0,0.0,0.1,3.6,62.599999999999994,0.0,0.02702702702702703,1.0,5.5247955545690995e-05,0.000325811707199504,0.0,0.17008287685850465,0.05748865355521937,0.007946947849200392
2020-02-22,90,90,8654999.0,8651499.9,15.0,0.0,3340.3999999999996,3340.7000000000003,0.0,3380.0,330.3,15.0,0.0,162.2,0.0,3.0,66.1,4.0,560.207,3.8000000000000003,0.1,3.8000000000000003,34.857,0.0,0.0,0.0,0.1,3.6,62.599999999999994,0.0,0.02702702702702703,1.0,6.472640840282015e-05,0.00039052575280482414,0.0,0.16769150178106385,0.05748865355521937,0.006783206921727148
2020-02-23,93,93,8654999.0,8650840.200000001,18.9,0.0,3957.5,3957.9,0.0,4035.9000000000005,396.4,18.9,0.0,204.89999999999998,0.0,3.0,66.1,4.0,655.792,3.8000000000000003,0.1,3.8000000000000003,42.609,0.0,0.0,0.0,0.1,3.6,62.599999999999994,0.0,0.02702702702702703,1.0,7.57703149359116e-05,0.00046630854607839937,0.0,0.16569190732459133,0.05748865355521937,0.005794520213726303
2020-02-24,96,96,8654998.9,8650069.1,22.5,0.0,4676.5,4677.0,0.0,4802.9,462.5,22.5,0.1,256.9,0.0,3.0,66.1,4.0,767.079,3.8000000000000003,0.1,3.8000000000000003,51.903,0.0,0.0,0.0,0.1,3.6,62.599999999999994,0.0,0.02702702702702703,1.0,8.862843414110659e-05,0.0005549278579342164,0.0,0.16401090442591404,0.05748865355521937,0.004953857425376005
2020-02-25,99,99,8654998.9,8649168.5,26.4,0.0,5513.8,5514.4,0.0,5699.4,528.6,26.4,0.1,320.0,0.0,3.0,66.1,4.0,896.5429999999999,3.8000000000000003,0.1,3.8000000000000003,63.05800000000001,0.0,0.0,0.0,0.1,3.6,62.5,0.0,0.02702702702702703,1.0,0.00010358672604799521,0.0006585096157551215,0.0,0.1625821485565066,0.05748865355521937,0.004238502782353998
2020-02-26,102,102,8654998.8,8648120.8,30.3,0.0,6485.9,6486.7,0.0,6743.200000000001,594.6,30.3,0.2,395.29999999999995,0.0,3.0,66.1,4.0,1043.742,3.8000000000000003,0.1,3.8000000000000003,75.435,0.0,0.0,0.0,0.2,3.6,62.5,0.0,0.05263157894736842,1.0,0.00012059412417249553,0.000779110448865689,0.0,0.16090492854610203,0.05748865355521937,0.0036407464679968807
2020-02-27,105,105,8654998.7,8646905.799999999,34.1,0.0,7609.0,7610.0,0.0,7954.099999999999,773.1999999999999,34.1,0.30000000000000004,486.8,0.0,3.0,178.6,4.0,1210.9569999999999,3.9,0.2,3.9,91.49199999999999,0.0,0.0,0.1,0.6,9.9,169.0,0.0,0.05714285714285714,1.0,0.00013991417468381596,0.0009190180467618094,0.0,0.15912706964520365,0.021836506159014557,0.0032205932993491925
2020-02-28,108,108,8654998.6,8645501.1,40.900000000000006,0.0,8902.3,8903.9,0.0,9354.9,951.7,44.6,0.4,597.6,0.0,3.0,178.6,4.0,1400.717,10.5,0.6,10.5,110.753,0.0,0.0,0.1,0.7,9.9,168.9,0.0,0.0660377358490566,1.0,0.00016183907874924442,0.001080866725963422,0.0,0.15731499679915545,0.05879059350503919,0.007496160894741764
2020-02-29,111,111,8654998.399999999,8643881.3,47.900000000000006,0.0,10387.4,10389.6,0.0,10970.7,1130.3,55.3,0.6000000000000001,731.5,0.0,3.0,178.6,4.0,1615.817,10.6,0.7,10.6,133.86,0.0,0.0,0.1,0.8999999999999999,9.9,168.8,0.0,0.08333333333333331,1.0,0.00018669177339189345,0.0012675565601491044,0.0,0.15552254177254177,0.0593505039193729,0.006560148828734937
2020-03-01,114,114,8654998.3,8642018.6,54.8,0.0,12088.2,12091.3,0.0,12829.4,1308.9,66.1,0.7,892.3,0.0,3.0,178.6,4.0,1858.681,10.8,0.8999999999999999,10.8,160.886,0.0,0.0,0.2,1.0,9.9,168.6,0.0,0.09174311926605504,1.0,0.0002147523240992433,0.0014823110941570028,0.0,0.15372052632884803,0.060470324748040316,0.005810572120767361
2020-03-02,117,117,8654998.0,8639883.3,62.099999999999994,0.0,14029.3,14033.3,0.0,14960.7,1487.6000000000001,77.0,1.0,1085.2,0.0,3.0,178.6,4.0,2131.249,10.9,1.0,10.9,192.981,0.0,0.0,0.30000000000000004,1.2,9.9,168.5,0.1,0.10810810810810811,0.9994068801897984,0.00024624488648062074,0.0017285619245665915,0.0,0.1518708357977097,0.061030235162374026,0.005114371901171567
2020-03-03,120,120,8654997.7,8637386.2,69.6,0.0,16293.900000000001,16298.8,0.0,17453.7,1666.1,88.1,1.3,1316.6,0.0,3.0,178.6,4.0,2493.084,11.1,1.2,11.1,231.252,0.0,0.0,0.30000000000000004,1.4000000000000001,9.9,168.3,0.1,0.12389380530973451,0.9994061757719715,0.0002880513763741382,0.002016603655481041,0.0,0.1529611995975164,0.06215005599104143,0.0044523168894429555
2020-03-04,123,123,8654997.4,8634473.9,77.1,0.0,18927.7,18934.0,0.0,20362.2,1844.6,99.4,1.6,1593.5,0.0,3.0,178.6,4.0,2908.453,11.3,1.4000000000000001,11.3,277.02,0.0,0.0,0.30000000000000004,1.6,9.9,168.10000000000002,0.1,0.1391304347826087,0.9994054696789536,0.0003360431974248773,0.0023526523531942367,0.0,0.15361006654695258,0.06326987681970886,0.0038852269574237578
2020-03-05,126,126,8654997.0,8631085.9,84.8,0.0,21982.3,21989.9,0.0,23746.1,2023.2,111.10000000000001,2.0,1925.1000000000001,0.0,3.0,178.6,4.0,3383.954,11.5,1.6,11.5,331.51800000000003,0.0,0.0,0.4,1.8,10.0,167.8,0.1,0.15254237288135591,0.9994044073853484,0.00039098268895991533,0.0027436289117142385,3.0,0.15388673891195503,0.06438969764837627,0.0033983913492913907
2020-03-06,129,129,8654996.5,8627155.5,92.8,0.0,25514.2,25523.5,0.0,27672.6,2201.7,122.80000000000001,2.5,2321.4,0.0,3.0,178.6,4.0,3926.381,11.8,1.8,11.8,396.332,0.0,0.0,0.5,2.1,10.0,167.6,0.1,0.17355371900826447,0.9994036970781157,0.0004536548339447624,0.003197297653442147,3.0,0.153833956941642,0.06606942889137739,0.0030053120163325976
2020-03-07,132,132,8654995.9,8622592.6,101.1,0.0,29601.0,29612.300000000003,0.0,32231.2,2380.4,134.79999999999998,3.1,2794.8,0.0,3.0,178.6,4.0,4558.828,12.100000000000001,2.1,12.100000000000001,473.427,0.0,0.0,0.6000000000000001,2.4,10.0,167.2,0.1,0.1935483870967742,0.9994022713687986,0.0005267279213846883,0.0037239994533099664,3.0,0.15395048679096188,0.06774916013437851,0.002654190945567589
2020-03-08,135,135,8654995.1,8617294.7,102.9,0.0,34341.8,34354.8,0.0,37525.3,2559.0,147.3,3.9,3349.5,0.0,3.0,178.6,4.0,5293.969999999999,12.4,2.4,12.4,554.65,0.0,0.0,0.7,2.8,10.0,166.9,0.1,0.21874999999999997,0.9994011976047904,0.0006116664352588714,0.004335681253014228,6.0,0.15409695297309253,0.06942889137737962,0.0023422875460193393
2020-03-09,138,138,8654994.1,8611144.7,105.3,0.30000000000000004,39839.4,39854.5,0.0,43671.3,4344.6,160.0,4.9,3998.8,0.0,3.0,1785.6999999999998,4.0,6145.916,12.8,2.8,12.8,649.287,0.0,0.0,0.8999999999999999,32.5,100.3,1663.9,1.7,0.2447289156626506,0.9989793467819404,0.0007101005418363024,0.005045792001175368,6.0,0.15420883463598842,0.007168057344458757,0.0020826838505440034
2020-03-10,141,141,8654993.0,8604010.600000001,227.5,0.6000000000000001,46181.3,46228.2,0.0,50801.399999999994,6130.4,292.9,6.0,4758.3,0.0,3.0,1785.6999999999998,4.0,7130.139999999999,132.9,32.5,132.9,759.4699999999999,0.0,0.0,1.1,37.599999999999994,100.6,1658.7,2.0,0.2720694645441389,0.998795688565063,0.00082381811285116,0.005869606133708022,9.0,0.15423788942680008,0.07442459539676319,0.018639185205339588
2020-03-11,144,144,8654991.7,8595738.8,354.79999999999995,0.8999999999999999,53527.600000000006,53611.0,0.0,59069.2,8987.5,431.1,7.3,5645.9,0.0,3.0,2857.1,4.0,8267.887,138.2,37.599999999999994,138.2,887.6500000000001,0.0,0.0,1.3,69.5,161.4,2644.7,3.7,0.3009961022087484,0.9986029300709863,0.000955273821926369,0.006824870785260256,12.0,0.15421997351289848,0.04837072556088341,0.016715274410499317
2020-03-12,147,147,8654990.0,8586148.6,574.8,1.5,62014.3,62166.100000000006,0.0,68655.4,11844.599999999999,662.1,9.0,6679.2,0.0,3.0,2857.1,4.0,9586.157,231.0,69.5,231.0,1033.388,0.0,0.0,1.6,80.5,162.0,2633.8999999999996,4.2,0.3319587628865979,0.9984079451120125,0.0011075872993498547,0.00793246439337307,12.0,0.15420232248765803,0.08085121276819153,0.024097247729199512
2020-03-13,150,150,8654988.2,8575031.8,805.9000000000001,2.4000000000000004,71851.20000000001,72082.1,0.0,79768.2,14701.699999999999,904.4000000000001,10.8,7878.299999999999,0.0,3.0,2857.1,4.0,11112.842,242.3,80.5,242.3,1198.944,0.0,0.0,2.0,92.8,147.2,2621.5,4.8,0.38666666666666666,0.9981723337014049,0.0012839811843995351,0.009216442374814561,33.0,0.15416923202847863,0.08480627209408141,0.02180360343465695
2020-03-14,153,153,8654985.8,8563207.0,1034.3999999999999,3.3000000000000003,82195.5,82517.7,0.0,91589.1,20737.9,1144.4,13.200000000000001,9265.1,0.0,3.0,6036.2,4.0,11820.753,240.0,92.8,240.0,1386.821,0.0,0.0,2.3,226.1,310.4,5508.200000000001,11.8,0.42143522833178004,0.9978623188405796,0.0013657738179073614,0.010582235732841987,39.0,0.14325112066865656,0.03976011397899341,0.02030327509592663
2020-03-15,156,156,8654983.0,8550731.4,1559.2,5.699999999999999,92844.20000000001,93390.79999999999,0.0,104060.6,27095.100000000002,1680.9,16.0,10864.9,0.0,3.0,6357.2,4.0,12471.599,536.5,226.1,536.5,1599.787,0.0,0.0,2.8,273.1,326.4,5766.2,14.3,0.4555462885738116,0.9975261655566127,0.00144097325205607,0.012023200969892142,42.0,0.133542051251301,0.08439249984269805,0.04301773974612237
2020-03-16,159,159,8654979.7,8537702.1,2146.7,8.399999999999999,103758.9,104576.4,0.0,117085.8,33630.7,2280.3,19.3,12705.1,0.0,3.0,6535.6,4.0,13025.233999999999,599.5,273.1,599.5,1840.242,0.0,0.0,3.3,320.3,335.0,5888.6,16.9,0.48878376316191063,0.9971382609431886,0.00150494102256531,0.013528142648329957,42.0,0.12455232729372974,0.09172837994981332,0.04602604452250148
2020-03-17,162,162,8654975.7,8524255.1,2789.6,11.7,114773.9,115909.4,0.0,130528.90000000001,40100.4,2935.7,23.299999999999997,14815.100000000002,0.0,3.0,6469.7,4.0,13443.042000000001,655.3,320.3,655.3,2110.107,0.0,0.0,3.9,360.1,330.9,5786.1,19.0,0.5211287988422576,0.9967270158998123,0.0015532154527019646,0.015081371054571536,81.0,0.11597887660534868,0.10128754038054315,0.04874640724919255
2020-03-18,165,165,8654971.0,8510754.5,3467.9,15.299999999999999,125444.09999999999,126937.0,0.0,144025.6,46570.0,3626.6,28.0,17283.5,0.0,3.0,6469.6,4.0,13496.621,690.9000000000001,360.1,690.9000000000001,2468.352,0.0,0.0,4.699999999999999,407.0,330.2,5739.1,21.5,0.5520889853499729,0.9962677498871645,0.0015594068426110265,0.016640795214680672,84.0,0.10632535037065631,0.1067917645604056,0.051190590593008435
2020-03-19,168,168,8654965.5,8497625.8,4073.6,18.9,135312.7,137180.5,0.0,157150.09999999998,53743.3,4363.9,33.5,20163.1,0.0,3.0,7173.2,4.0,13124.68,737.2,407.0,737.2,2879.601,0.0,0.0,5.6,481.90000000000003,365.7,6332.599999999999,25.400000000000002,0.568546484190656,0.9960050330292546,0.001516433543264846,0.018157218535417612,123.0,0.09567453100112626,0.10277142697819663,0.05616898850105298
2020-03-20,171,171,8654958.9,8485317.7,4784.2,23.1,143819.3,146131.7,0.0,169454.3,61224.7,5211.5,40.1,23513.5,0.0,3.0,7481.4,4.0,12304.086000000001,847.5999999999999,481.90000000000003,847.5999999999999,3350.383,0.0,0.0,6.6,531.9,381.0,6575.5,28.0,0.5826487019388761,0.9957598243355796,0.001421622695400668,0.0195788682485829,162.0,0.0841986098840977,0.11329430320528243,0.06888768495278721
2020-03-21,174,174,8654951.2,8474310.3,5468.200000000001,27.900000000000002,150468.8,153244.1,0.0,180457.7,68936.6,6124.299999999999,47.8,27400.9,0.0,3.0,7711.8,4.0,11003.472,912.6999999999999,531.9,912.6999999999999,3887.4300000000003,0.0,0.0,7.700000000000001,573.7,392.3,6752.4,30.2,0.5938923395445135,0.995547430189013,0.0012713499759536484,0.020850227324216458,225.0,0.0718035604633392,0.11835109831686505,0.08294654632646858
2020-03-22,177,177,8654942.4,8465119.9,6194.2,32.7,154642.5,157912.0,0.0,189644.2,76921.8,7090.4,56.599999999999994,31914.5,0.0,3.0,7985.5,4.0,9186.438,966.0,573.7,966.0,4513.603,0.0,0.0,8.9,1102.6,405.9,6971.8,32.3,0.7309247596950612,0.9953884153567196,0.0010614094901428806,0.021911665177575302,294.0,0.05817441359744668,0.12096925677790996,0.10515501220385964
2020-03-23,180,180,8654932.0,8458259.8,7465.1,50.400000000000006,155240.0,159520.3,0.0,196500.2,85070.0,8598.9,67.0,37156.0,0.0,3.0,8148.200000000001,4.0,6856.029,1508.5,1102.6,1508.5,5241.4529999999995,0.0,0.0,10.4,1114.0,414.1,7106.5,33.4,0.7290098815522544,0.9953220633342205,0.0007921528441817914,0.02270384100071497,360.0,0.042979037777637084,0.18513291279055497,0.22002532369685132
2020-03-24,183,183,8654920.0,8450977.2,8461.8,63.599999999999994,155535.7,160705.9,0.0,203778.8,93379.0,10127.0,79.0,43241.0,0.0,3.0,8309.0,4.0,7278.626,1528.0,1114.0,1528.0,6084.946,0.0,0.0,12.0,1124.1,422.29999999999995,7255.099999999999,33.6,0.7269141231246766,0.9953901244392004,0.0008409813146741969,0.023544850790070848,366.0,0.04529159165904924,0.18389697917920328,0.2099297312432319
2020-03-25,186,186,8654906.2,8443365.3,9414.6,76.80000000000001,155220.5,161244.5,0.0,211386.7,101863.9,11673.300000000001,92.8,50300.399999999994,0.0,3.0,8485.0,4.0,7607.868999999999,1546.4,1124.1,1546.4,7059.407999999999,0.0,0.0,13.9,1116.5,431.7,7430.8,33.2,0.7211600568402015,0.9955519828510182,0.000879023853545634,0.02442391576699006,459.0,0.04718219226082129,0.18225103123158515,0.20326322653557788
2020-03-26,189,189,8654890.1,8435547.7,10313.9,89.69999999999999,154036.9,160860.1,0.0,219200.40000000002,110236.4,13221.6,108.89999999999999,58486.2,0.0,3.0,8372.4,4.0,7813.632,1548.2,1116.5,1548.2,8185.868,0.0,0.0,16.1,1049.6999999999998,426.4,7368.8,30.8,0.7111306822031027,0.9958376128439375,0.0009027996785308689,0.02532676873620845,573.0,0.04857408394001993,0.1849171085949071,0.19814089017757686
2020-03-27,192,192,8654871.7,8427698.8,11105.8,102.60000000000001,151683.1,159199.6,0.0,227045.3,119004.30000000002,14697.7,127.3,67977.3,0.0,3.0,8767.9,4.0,7844.882,1476.1,1049.6999999999998,1476.1,9491.06,0.0,0.0,18.5,1019.0999999999999,447.4,7773.0,29.3,0.6949198772587794,0.9962446970765031,0.0009064122810740222,0.026233236940993592,693.0,0.04927702079653466,0.16835274124932995,0.1881608926686214
2020-03-28,195,195,8654850.6,8419838.1,11842.2,115.80000000000001,147904.0,156036.6,0.0,234901.90000000002,127995.29999999999,16164.1,148.4,78979.9,0.0,3.0,8991.0,4.0,7856.715,1466.3999999999999,1019.0999999999999,1466.3999999999999,11002.601,0.0,0.0,21.2,933.9,460.0,8048.5,25.900000000000002,0.6699906736494726,0.9967923313187358,0.0009077817010498137,0.027141069309734825,792.0,0.0503517443984296,0.1630964297630964,0.18664289082650953
2020-03-29,198,198,8654825.9,8411996.6,12396.7,128.39999999999998,143560.6,152149.9,0.0,242739.4,137173.90000000002,17558.0,173.1,90683.4,0.0,3.0,9178.5,4.0,7837.49,1393.9,933.9,1393.9,11703.489,0.0,0.0,24.7,965.8,469.4,8207.7,26.9,0.6729375696767002,0.9967332960920993,0.0009055629876968408,0.02804671091073016,900.0,0.05151163425017039,0.1518657732745002,0.17785030666705798
2020-03-30,201,201,8654797.0,8404218.3,12928.199999999999,141.0,138523.1,147551.5,0.0,250513.8,146488.3,18993.2,202.0,103031.29999999999,0.0,3.0,9314.3,4.0,7774.3330000000005,1435.1,965.8,1435.1,12347.877,0.0,0.0,28.900000000000002,986.4000000000001,476.3,8324.5,27.5,0.6743693170164764,0.9967073754789272,0.0008982686711196115,0.02894508097648044,1077.0,0.05268894589346771,0.15407491706301063,0.18459461409744088
2020-03-31,204,204,8654763.4,8396562.0,13433.099999999999,152.7,132831.8,142278.1,0.0,258166.0,155902.4,20456.0,235.59999999999997,115927.20000000001,0.0,3.0,9414.4,4.0,7652.253000000001,1462.8000000000002,986.4000000000001,1462.8000000000002,12896.02,0.0,0.0,33.5,995.8,481.5,8414.6,27.8,0.6740675556758952,0.9967070975078177,0.000884166631291157,0.02982935385616665,1299.0,0.05378377276615305,0.15537899388171314,0.19115938796064375
2020-04-01,207,207,8654724.5,8389099.4,13415.3,151.8,127042.0,136392.0,0.0,265624.5,165402.5,21933.2,274.5,129237.0,0.0,3.0,9500.0,4.0,7458.559,1477.3,995.8,1477.3,13309.685000000001,0.0,0.0,39.0,993.7,485.9,8498.8,27.7,0.6716004325493378,0.9967513047557613,0.000861790459072383,0.030691271570805055,1464.0,0.05468472491055194,0.15550526315789473,0.19806775008416505
2020-04-02,210,210,8654679.299999999,8381859.1,13379.8,153.60000000000002,120984.29999999999,130224.40000000001,0.0,272860.9,175032.2,23412.800000000003,319.7,142599.80000000002,0.0,3.0,9629.7,4.0,7236.335000000001,1479.6,993.7,1479.6,13362.73,0.0,0.0,45.2,993.5999999999999,492.79999999999995,8624.3,27.599999999999998,0.6684607104413348,0.9968099492597001,0.0008361182141087541,0.0315275575837917,1608.0,0.05556819612914324,0.15364964640643008,0.20446814582243633
2020-04-03,213,213,8654626.7,8374875.5,13332.6,154.8,115041.09999999999,124161.1,0.0,279840.5,184796.5,24899.0,372.29999999999995,155594.2,0.0,3.0,9764.4,4.0,6979.641,1486.1000000000001,993.5999999999999,1486.1000000000001,12994.479,0.0,0.0,52.5,991.2,499.79999999999995,8755.8,27.3,0.6647887323943662,0.9968917580353179,0.0008064635531882618,0.03233420801384767,1773.0,0.056214394041289896,0.1521957314325509,0.2129192604605309
2020-04-04,216,216,8654565.7,8368180.9,13288.3,155.39999999999998,109607.9,118612.70000000001,0.0,286531.10000000003,194739.3,26390.0,433.3,167776.2,0.0,3.0,9942.8,4.0,6690.58,1491.0,991.2,1491.0,12182.026,0.0,0.0,61.0,991.0,509.0,8928.6,27.2,0.6606666666666666,0.9969628620558744,0.0007730694100571679,0.03310750763611397,1998.0,0.05640694461891517,0.14995775837792172,0.22285063477306902
2020-04-05,219,219,8654495.0,8361783.3,13321.6,156.0,105091.1,114045.19999999998,0.0,292924.7,204860.8,27890.1,504.0,178670.5,0.0,3.0,10121.4,4.0,6393.6320000000005,1500.0,991.0,1500.0,10894.315,0.0,0.0,70.7,828.1999999999999,512.0,9103.0,27.0,0.6179674675421579,0.9970427163198248,0.000738764306871747,0.033846538706186785,2145.0,0.05606226303255202,0.14820084178078133,0.23460843539321624
2020-04-06,222,222,8654413.0,8355956.1,13203.9,155.7,101924.2,110695.1,0.0,298747.9,213548.8,29230.399999999998,586.0,187765.80000000002,0.0,3.0,8688.0,4.0,5823.195,1340.2,828.1999999999999,1340.2,9095.307,0.0,0.0,82.0,680.3,439.7,7826.700000000001,22.4,0.6074107142857142,0.9971461696245429,0.0006728584596089879,0.03451971843728743,2295.0,0.05260571606150588,0.15425874769797424,0.2301485696426103
2020-04-07,225,225,8654317.9,8350666.800000001,12937.4,152.10000000000002,100578.0,109101.2,0.0,304033.2,222350.30000000002,30350.4,681.1,194553.9,0.0,3.0,8801.5,4.0,5285.221,1120.1,680.3,1120.1,6788.016,0.0,0.0,95.10000000000001,786.9000000000001,445.7,7941.0,22.2,0.6384066201525231,0.9972121760096444,0.0006107033576846073,0.03513081025137752,2463.0,0.048443289349704675,0.12726239845480883,0.21193058908984128
2020-04-08,228,228,8654207.6,8345867.0,12742.2,147.60000000000002,98234.0,106584.4,0.0,308829.1,230191.5,31583.1,791.4,201760.3,0.0,3.0,7841.1,4.0,4795.959,1232.6,786.9000000000001,1232.6,7206.421,0.0,0.0,110.2,672.0,397.29999999999995,7084.1,19.299999999999997,0.6284485177218742,0.9972829912436297,0.0005541765603126969,0.03568542774499655,2685.0,0.0449968194219792,0.1571973320069888,0.2570080353063902
2020-04-09,231,231,8654090.4,8341494.199999999,12356.0,141.3,95265.6,103307.5,0.0,313197.8,238153.8,32652.300000000003,908.6,209292.7,0.0,3.0,7962.4,4.0,4368.638,1069.3,672.0,1069.3,7532.398000000001,0.0,0.0,117.20000000000002,650.3,403.7,7205.4,18.9,0.6169829222011385,0.9973838295751838,0.000504806143462518,0.03619072433077426,2844.0,0.04228771386394986,0.13429368029739777,0.24476736227629756
2020-04-10,234,234,8653966.7,8337473.4,11938.8,135.0,91767.1,99468.5,0.0,317214.6,246269.90000000002,33706.3,1032.3,217028.80000000002,0.0,3.0,8116.099999999999,4.0,4016.862,1053.8999999999999,650.3,1053.8999999999999,7736.119000000001,0.0,0.0,123.70000000000002,628.7,411.8,7357.8,18.6,0.6042287361845267,0.9974784447698064,0.00046416425429508535,0.03665539873177465,3006.0,0.040383257011013536,0.1298530082182329,0.2623689835498456
2020-04-11,237,237,8653837.5,8333723.8,11505.3,128.7,87980.9,95321.9,0.0,320960.1,251398.2,34746.6,1161.5,224795.8,0.0,3.0,5128.1,4.0,3745.5640000000003,1040.4,628.7,1040.4,7767.058,0.0,0.0,129.2,368.4,260.5,4663.3,10.899999999999999,0.5857847034504691,0.997668050147619,0.00043282116171005063,0.03708875975542642,3108.0,0.03929384538075721,0.20288215908426124,0.27776858171426255
2020-04-12,240,240,8653704.1,8330276.199999999,10653.099999999999,118.19999999999999,84137.3,90857.3,0.0,324403.69999999995,256373.2,35375.5,1294.9,232574.7,0.0,3.0,4974.900000000001,4.0,3443.605,628.8,368.4,628.8,7778.775,0.0,0.0,133.3,330.3,253.0,4537.700000000001,9.9,0.5662609291959542,0.9978230275310055,0.0003979342210233419,0.037487265135400225,3318.0,0.03790124734060994,0.12639450039196765,0.18259933993591018
2020-04-13,243,243,8653570.2,8327140.4,9745.1,107.10000000000001,80041.7,86099.5,0.0,327535.6,261324.90000000002,35958.7,1428.8,240334.3,0.0,3.0,4951.7,4.0,3131.804,583.2,330.3,583.2,7759.74,0.0,0.0,133.89999999999998,302.9,252.0,4529.5,9.2,0.5458641196612002,0.9979729878599599,0.00036190889166184845,0.03784976517553414,3414.0,0.03637424142997346,0.1177777328998122,0.1862185500752921
2020-04-14,246,246,8653439.9,8324319.300000001,8799.7,96.0,75724.6,81093.2,0.0,330352.8,266392.8,36513.7,1559.1,248031.5,0.0,3.0,5067.900000000001,4.0,2817.15,555.0,302.9,555.0,7697.21,0.0,0.0,130.29999999999998,285.1,258.2,4648.2,8.7,0.5247561200073625,0.9981318044192489,0.00032555261636473605,0.038175893496411754,3522.0,0.0347396575791805,0.10951281595927306,0.1970076140780576
2020-04-15,249,249,8653317.9,8321805.3,8000.9,84.6,71086.2,75908.70000000001,0.0,332862.69999999995,271589.2,37057.100000000006,1681.1,255608.0,0.0,3.0,5196.4,4.0,2509.9179999999997,543.5,285.1,543.5,7576.34,0.0,0.0,122.10000000000001,269.0,265.1,4777.799999999999,8.3,0.5036510016850777,0.9982658114122145,0.00029005267447761277,0.038466482318880245,3717.0,0.03306495829858764,0.10459164036640752,0.2165409387876417
2020-04-16,252,252,8653208.8,8319401.1,7410.699999999999,76.19999999999999,66412.29999999999,70819.2,0.0,335263.0,276224.9,37591.1,1790.2,262992.4,0.0,3.0,4635.7,4.0,2400.222,533.9000000000001,269.0,533.9000000000001,7384.568,0.0,0.0,109.2,228.5,236.60000000000002,4271.4,6.9,0.49129219522683293,0.9983872098730805,0.0002773794155989857,0.038744355735412274,3843.0,0.03389224955944151,0.11517138727700242,0.22243775784073308
2020-04-17,255,255,8653117.7,8317113.6,6640.799999999999,67.19999999999999,62005.2,65851.0,0.0,337546.4,280756.0,38056.4,1881.3,270157.0,0.0,3.0,4531.1,4.0,2283.508,465.20000000000005,228.5,465.20000000000005,7164.548,0.0,0.0,91.1,211.8,231.4,4184.5,6.300000000000001,0.47788808664259924,0.9984967070726353,0.0002638942493524617,0.03900864540418768,3981.0,0.03467689177081593,0.10266822625852443,0.20372164231524484
2020-04-18,258,258,8653049.6,8314948.9,6010.8,60.0,57655.100000000006,61037.3,0.0,339707.1,285245.9,38499.6,1949.4,277067.5,0.0,3.0,4490.0,4.0,2160.721,443.2,211.8,443.2,6910.402,0.0,0.0,68.0,198.0,229.6,4155.9,5.8,0.4630495790458372,0.9986063387557969,0.00024970630007714275,0.039258656277666545,4104.0,0.03540000950238625,0.09870824053452115,0.20511671798441353
2020-04-19,261,261,8652977.4,8312918.699999999,5381.2,52.800000000000004,53443.90000000001,56371.2,0.0,341733.3,289623.1,38927.2,2021.6,283691.7,0.0,3.0,4377.2,4.0,2026.2399999999998,427.7,198.0,427.7,6624.207,0.0,0.0,72.2,181.7,224.1,4060.7,5.1,0.4477575160177428,0.9987456343155099,0.00023416679673750213,0.03949314602393391,4179.0,0.035944595821980015,0.09771086539340218,0.21108062223626028
2020-04-20,264,264,8652902.0,8311023.199999999,4742.7,45.599999999999994,49384.0,51861.0,0.0,343624.7,293988.2,39333.0,2097.0,290021.8,0.0,3.0,4364.9,4.0,1891.424,405.79999999999995,181.7,405.79999999999995,6330.206,0.0,0.0,75.4,170.2,223.5,4058.3,4.6,0.4323088646177292,0.9988678037854735,0.00021858839959125852,0.03971207578682851,4287.0,0.03647102832571682,0.09296891108616463,0.21454734633799716
2020-04-21,267,267,8652824.5,8309252.8,4499.2,42.599999999999994,45516.0,47788.5,0.0,345391.3,298282.80000000005,39726.7,2174.5,295787.3,0.0,3.0,4294.6,4.0,1766.468,393.70000000000005,170.2,393.70000000000005,5765.4259999999995,0.0,0.0,77.5,160.7,220.10000000000002,3998.3,4.3,0.42200630252100835,0.9989256982961074,0.0002041492925229213,0.03991659602017815,4434.0,0.03696429057199954,0.0916732640991012,0.22287411942927923
2020-04-22,270,270,8652746.6,8307605.6,4287.9,39.900000000000006,42028.7,44125.1,0.0,347034.5,302531.8,40107.5,2252.4,301020.1,0.0,3.0,4249.1,4.0,1643.2540000000001,380.8,160.7,380.8,5232.79,0.0,0.0,77.8,152.6,217.9,3960.8,4.0,0.41187584345479084,0.9989911218724778,0.00018991125892904343,0.04010686040430215,4527.0,0.03724079945427886,0.08961897813654655,0.2317353251536281
2020-04-23,273,273,8652668.7,8306077.5,4094.3,37.5,38887.5,40826.8,0.0,348558.4,306922.5,40478.0,2330.3,305768.4,0.0,3.0,4390.5,4.0,1524.018,370.5,152.6,370.5,4748.382,0.0,0.0,78.0,151.5,225.3,4097.8,3.9,0.4020700636942675,0.9990491747324282,0.00017613271151823947,0.04028334056058336,4647.0,0.03732886241390459,0.08438674410659378,0.24310736487364323
2020-04-24,276,276,8652590.899999999,8304664.4,3918.2999999999997,35.099999999999994,36038.2,37836.8,0.0,349967.6,311122.5,40854.8,2408.1000000000004,310093.69999999995,0.0,3.0,4200.0,4.0,1409.114,376.79999999999995,151.5,376.79999999999995,4325.299,0.0,0.0,77.8,139.1,215.6,3924.6,3.5,0.3921623907527488,0.9991089839871694,0.0001628545734203151,0.04044656728194558,4767.0,0.03724189149188092,0.0897142857142857,0.2674020696693099
2020-04-25,279,279,8652513.899999999,8303360.700000001,3729.6000000000004,33.0,33424.8,35086.4,0.0,351267.3,315298.3,41209.5,2485.1000000000004,314070.7,0.0,3.0,4175.9,4.0,1299.703,354.6,139.1,354.6,3977.014,0.0,0.0,77.1,132.7,214.5,3906.5,3.2,0.38220046082949305,0.9991815228789933,0.0001502110271097051,0.04059713790231531,4797.0,0.037042928314104606,0.08491582652841305,0.2728315622876919
2020-04-26,282,282,8652437.9,8302155.699999999,3601.2,31.5,30948.9,32507.199999999997,0.0,352468.4,319449.2,41556.6,2561.1,317779.2,0.0,3.0,4150.9,4.0,1200.997,347.2,132.7,347.2,3708.407,0.0,0.0,75.9,126.8,213.2,3887.2,2.9,0.3729411764705882,0.9992545178787178,0.00013880446342180624,0.04073631086101179,4830.0,0.036945568981640996,0.08364451082897685,0.2890931451119361
2020-04-27,285,285,8652363.9,8301039.699999999,3489.1,30.0,28672.5,30139.6,0.0,353580.3,323584.7,41896.7,2635.1,321188.7,0.0,3.0,4135.6,4.0,1112.003,340.0,126.8,340.0,3409.445,0.0,0.0,74.0,121.5,212.5,3876.8,2.7,0.36377245508982037,0.9993040340250032,0.00012852013771635286,0.0408651674948623,4995.0,0.03689508155383615,0.08221297997872135,0.30575457080601404
2020-04-28,288,288,8652292.200000001,8300004.5,3388.5,28.5,26616.6,28002.3,0.0,354611.5,327735.2,42230.7,2706.7999999999997,324289.4,0.0,3.0,4150.5,4.0,1031.184,334.0,121.5,334.0,3100.736,0.0,0.0,71.8,117.30000000000001,213.29999999999998,3894.5,2.6,0.3548094373865699,0.9993328372379462,0.00011918044099342829,0.04098468842742042,5097.0,0.036824975091331785,0.08047223226117335,0.3238995174479046
2020-04-29,291,291,8652222.9,8299043.5,3305.0999999999995,27.299999999999997,24789.5,26104.9,0.0,355568.4,331944.19999999995,42561.3,2776.1,327078.5,0.0,3.0,4209.0,4.0,956.946,330.6,117.30000000000001,330.6,2789.203,0.0,0.0,69.2,114.4,216.5,3953.1,2.4,0.34572378362042916,0.9993932499051953,0.00011060117279225435,0.041095612550619796,5148.0,0.036657715601285584,0.07854597291518176,0.3454740392874833
2020-04-30,294,294,8652156.5,8298153.2,3235.6,26.400000000000002,23189.300000000003,24443.8,0.0,356455.0,336210.3,42892.1,2842.5,329563.5,0.0,3.0,4266.1,4.0,886.48,330.8,114.4,330.8,2485.0190000000002,0.0,0.0,66.5,111.8,219.4,4010.0,2.2,0.33756038647342995,0.9994516723991825,0.00010245769363973017,0.0411983994972814,5211.0,0.03626604701396673,0.07754154848690842,0.3731612670336612
2020-05-01,297,297,8652093.0,8297327.5,3179.4,25.5,21628.7,22829.600000000002,0.0,357276.5,340558.9,43223.3,2906.0,331940.0,0.0,3.0,4348.7,4.0,821.5340000000001,331.3,111.8,331.3,2376.411,0.0,0.0,63.4,110.2,223.7,4090.6,2.2,0.33003893381251875,0.999462470680219,9.495205379784985e-05,0.041293649987349884,5262.0,0.035985474997371834,0.07618368707889715,0.40326998030513644
2020-05-02,300,300,8652035.3,8296560.800000001,3136.2,24.900000000000002,20124.1,21277.7,0.0,358039.2,344947.3,43557.4,2963.7,334200.80000000005,0.0,3.0,4388.3,4.0,762.742,334.1,110.2,334.1,2260.855,0.0,0.0,57.8,107.6,225.89999999999998,4130.8,2.0,0.32263868065967016,0.9995160665892373,8.815752288944081e-05,0.04138207804122112,5286.0,0.03584701353999727,0.07613426611671946,0.4380249153711216
2020-05-03,303,303,8651982.8,8295846.5,3090.5,24.299999999999997,18692.7,19800.300000000003,0.0,358749.6,349338.8,43890.9,3016.2000000000003,336340.1,0.0,3.0,4391.5,4.0,710.367,333.5,107.6,333.5,2139.287,0.0,0.0,52.4,104.4,226.2,4136.4,1.7999999999999998,0.3157894736842105,0.9995650282731622,8.210453215417856e-05,0.04146443749287157,5286.0,0.0358765776276117,0.07594216099282705,0.46947563724103175
2020-05-04,306,306,8651935.3,8295178.0,3064.2,23.700000000000003,17343.9,18415.0,0.0,359413.9,353699.4,44221.5,3063.7,338346.2,0.0,3.0,4360.6,4.0,664.335,330.59999999999997,104.4,330.59999999999997,2006.139,0.0,0.0,47.599999999999994,100.7,224.5,4109.8,1.7000000000000002,0.3096555965559656,0.9995865255989299,7.678455478047784e-05,0.04154144564627061,5352.0,0.03607575346185175,0.07581525478145208,0.49764049764049756
2020-05-05,309,309,8651891.9,8294554.6,3040.0,23.4,16085.0,17122.4,0.0,360033.4,358032.2,44546.7,3107.1,340219.0,0.0,3.0,4332.8,4.0,619.453,325.2,100.7,325.2,1872.662,0.0,0.0,43.3,97.1,223.1,4085.8999999999996,1.6,0.30324797001873827,0.9996085626911315,7.159740403136567e-05,0.04161325686466332,5385.0,0.03617793066392561,0.07505539143279172,0.5249792962500787
2020-05-06,312,312,8651852.1,8293974.4,3018.3,22.799999999999997,14907.7,15913.800000000001,0.0,360609.5,362408.80000000005,44866.899999999994,3146.8999999999996,341967.89999999997,0.0,3.0,4376.6,4.0,576.178,320.20000000000005,97.1,320.20000000000005,1748.9430000000002,0.0,0.0,39.8,95.4,225.5,4129.4,1.5,0.29728887503895296,0.9996368830037038,6.659591418581924e-05,0.04168003519154009,5415.0,0.03620618582613832,0.0731618151076178,0.5557310414489968
2020-05-07,315,315,8651815.0,8293435.5,3003.2,22.5,13810.3,14788.8,0.0,361144.60000000003,366853.4,45187.899999999994,3184.0,343594.9,0.0,3.0,4444.5,4.0,535.016,320.8,95.4,320.8,1626.953,0.0,0.0,37.1,94.3,229.10000000000002,4195.5,1.4000000000000001,0.2915893630179344,0.9996664204531918,6.183858531417973e-05,0.04174206221469137,5430.0,0.03617710699989181,0.07217909776127798,0.5996082360153716
2020-05-08,318,318,8651780.8,8292935.2,2994.6,22.200000000000003,12791.400000000001,13745.9,0.0,361640.8,371369.1,45511.100000000006,3218.2,345103.7,0.0,3.0,4515.700000000001,4.0,496.231,323.4,94.3,323.4,1508.8990000000001,0.0,0.0,34.1,93.5,232.7,4264.6,1.3,0.28663396689147763,0.9996952577416254,5.735593763540565e-05,0.041799579573259645,5469.0,0.036100291723350234,0.07161680359634164,0.6517126096515534
2020-05-09,321,321,8651749.7,8292471.200000001,2988.7999999999997,21.9,11851.2,12783.8,0.0,362100.9,375787.7,45837.299999999996,3249.3,346498.9,0.0,3.0,4418.6,4.0,460.044,326.2,93.5,326.2,1395.135,0.0,0.0,31.1,89.4,227.8,4174.6,1.2,0.2818411097099621,0.9997126299152259,5.3173521651926666e-05,0.04185290982239119,5490.0,0.03598648289241071,0.07382428823609287,0.7090626114023876
2020-05-10,324,324,8651721.8,8292041.0,2973.7,21.6,10989.900000000001,11899.2,0.0,362527.1,380135.5,46154.5,3277.2,347785.7,0.0,3.0,4347.799999999999,4.0,426.197,317.2,89.4,317.2,1286.81,0.0,0.0,27.9,86.0,224.10000000000002,4109.2,1.1,0.27732989358271526,0.999732379631657,4.9261523873779665e-05,0.04190230665992981,5499.0,0.03581728183407288,0.07295643773862644,0.7442567638908767
2020-05-11,327,327,8651696.9,8291642.300000001,2949.2,21.299999999999997,10199.5,11083.8,0.0,362921.7,384450.19999999995,46464.6,3302.1,348974.7,0.0,3.0,4314.8,4.0,394.639,310.20000000000005,86.0,310.20000000000005,1189.083,0.0,0.0,24.8,83.60000000000001,222.5,4079.5,1.0,0.2731133616465207,0.9997549319936282,4.561405751512169e-05,0.04194803680651364,5535.0,0.0356050271567513,0.07189209233336424,0.7860348318336506
2020-05-12,330,330,8651673.1,8291273.0,2920.9,21.0,9468.800000000001,10328.4,0.0,363287.0,388709.0,46770.8,3325.9,350075.7,0.0,3.0,4258.8,4.0,365.341,306.0,83.60000000000001,306.0,1100.971,0.0,0.0,23.8,80.8,219.6,4028.0,0.8999999999999999,0.2689747003994674,0.9997766139641093,4.2227785975870956e-05,0.041990375248921505,5601.0,0.03537246814608265,0.07185122569737953,0.8375736640563199
2020-05-13,333,333,8651650.4,8290930.6,2890.3,20.700000000000003,8791.6,9627.1,0.0,363625.3,392945.3,47071.1,3348.6,351096.7,0.0,3.0,4236.3,4.0,338.3,300.4,80.8,300.4,1020.954,0.0,0.0,22.6,78.9,218.5,4007.8,0.8999999999999999,0.2652992602555481,0.9997754883129194,3.910236594858248e-05,0.04202958778824442,5610.0,0.03514038495497086,0.07091093643037555,0.8879692580549807
2020-05-14,336,336,8651629.0,8290613.199999999,2862.1,20.1,8162.699999999999,8975.8,0.0,363938.8,397237.0,47368.4,3370.0,352044.2,0.0,3.0,4291.8,4.0,313.529,297.3,78.9,297.3,947.452,0.0,0.0,21.400000000000002,78.4,221.4,4061.6000000000004,0.8,0.26150767178118745,0.9998030720756202,3.623930244812856e-05,0.042065927699858605,5616.0,0.03493047973439694,0.06927163427932335,0.9482376430888372
2020-05-15,339,339,8651608.9,8290318.3,2840.9,19.799999999999997,7579.0,8372.8,0.0,364229.6,401325.3,47668.1,3390.1000000000004,352921.7,0.0,3.0,4088.3,4.0,290.798,299.8,78.4,299.8,877.6870000000001,0.0,0.0,20.1,73.4,210.9,3870.0,0.8,0.2581779810059796,0.9997933243773897,3.3612014061338346e-05,0.042099637675484844,5634.0,0.03473127269252819,0.0733312134628085,1.0309561963974994
2020-05-16,342,342,8651590.2,8290044.6,2804.0,19.5,7043.0,7814.400000000001,0.0,364499.5,405582.3,47952.399999999994,3408.8,353735.10000000003,0.0,3.0,4257.1,4.0,269.786,284.2,73.4,284.2,813.384,0.0,0.0,18.8,75.2,219.70000000000002,4030.8,0.7,0.25500169548999657,0.9998263673570632,3.1183400249355316e-05,0.0421309252488635,5637.0,0.03452421171171171,0.0667590613328322,1.0534275314508537
2020-05-17,345,345,8651572.7,8289790.300000001,2775.2,19.200000000000003,6544.300000000001,7296.0,0.0,364749.8,409822.2,48247.100000000006,3426.3,354490.3,0.0,3.0,4239.900000000001,4.0,250.31600000000003,294.8,75.2,294.8,755.175,0.0,0.0,17.6,73.7,218.79999999999998,4015.5,0.6,0.25196581196581197,0.9998506013296482,2.8933005440733343e-05,0.04215994162541107,5643.0,0.03430866228070176,0.06952994174390904,1.1777113728247495
2020-05-18,348,348,8651556.299999999,8289554.0,2741.2,18.9,6081.0,6812.7,0.0,364982.0,414017.6,48539.5,3442.7,355193.69999999995,0.0,3.0,4195.5,4.0,232.228,292.4,73.7,292.4,703.3199999999999,0.0,0.0,16.4,71.8,216.5,3974.2,0.6,0.24904613250086713,0.9998490490087552,2.6842338181397496e-05,0.04218686064610133,5658.0,0.03408751302714049,0.0696937194613276,1.2591074289060749
2020-05-19,351,351,8651541.2,8289334.6,2712.2000000000003,18.6,5645.5,6359.200000000001,0.0,365197.4,418177.1,48827.8,3457.8,355851.39999999997,0.0,3.0,4159.5,4.0,215.44,288.2,71.8,288.2,657.745,0.0,0.0,15.2,70.2,214.5,3941.0,0.5,0.24657534246575344,0.9998731447418495,2.4901921521219827e-05,0.0422118315751649,5673.0,0.03387847527990942,0.06928717393917538,1.3377274415150389
2020-05-20,354,354,8651527.2,8289130.5,2686.6000000000004,18.299999999999997,5238.299999999999,5935.9,0.0,365397.4,422262.4,49112.600000000006,3471.8,356464.7,0.0,3.0,4085.4,4.0,200.036,284.8,70.2,284.8,613.307,0.0,0.0,13.9,68.0,210.9,3871.5,0.5,0.24381498745069918,0.999870867768595,2.31214669243599e-05,0.04223501718864157,5676.0,0.03369935477349686,0.0697116561413815,1.4237437261292967
2020-05-21,357,357,8651514.399999999,8288940.9,2659.3,18.0,4860.5,5542.3,0.0,365583.2,426323.39999999997,49391.5,3484.6,357035.2,0.0,3.0,4060.9,4.0,185.69299999999998,278.9,68.0,278.9,570.461,0.0,0.0,12.899999999999999,66.8,209.6,3848.9,0.5,0.24167872648335748,0.9998701096274744,2.146364109386445e-05,0.04225655568463252,5694.0,0.03350468217166158,0.06867935679282917,1.5019413763577518
2020-05-22,360,360,8651502.399999999,8288764.5,2634.9,17.700000000000003,4509.5,5177.0,0.0,365755.6,430371.6,49667.8,3496.6000000000004,357564.9,0.0,3.0,4048.2,4.0,172.37800000000001,276.4,66.8,276.4,529.708,0.0,0.0,11.9,65.8,208.89999999999998,3837.5,0.4,0.23953403713141608,0.9998957763360171,1.9924631818861896e-05,0.04227654147099353,5709.0,0.03329689009078617,0.06827725902870412,1.603452876817227
2020-05-23,363,363,8651491.4,8288600.6,2612.0,17.4,4184.4,4838.5,0.0,365915.4,434425.9,49942.600000000006,3507.6,358056.2,0.0,3.0,4054.2,4.0,159.858,274.8,65.8,274.8,491.308,0.0,0.0,11.100000000000001,65.2,209.3,3843.9,0.4,0.23752276867030966,0.9998959498478266,1.8477507820212364e-05,0.042295066027575316,5715.0,0.033038751679239434,0.0677815598638449,1.7190256352512856
2020-05-24,366,366,8651481.1,8288448.5,2586.5,17.4,3884.2,4525.0,0.0,366063.5,438488.7,50217.1,3517.9,358511.7,0.0,3.0,4062.7,4.0,148.155,274.5,65.2,274.5,455.48,0.0,0.0,10.2,64.7,209.70000000000002,3852.3999999999996,0.4,0.2357871720116618,0.9998961794019934,1.712481346113095e-05,0.04231223483803253,5718.0,0.0327414364640884,0.06756590444778103,1.8527893084944822
2020-05-25,369,369,8651471.7,8288307.1,2576.2,17.1,3603.0,4234.8,0.0,366200.9,442555.5,50491.600000000006,3527.3,358933.7,0.0,3.0,4066.8999999999996,4.0,137.296,274.4,64.7,274.4,421.96900000000005,0.0,0.0,9.5,64.2,209.9,3856.7999999999997,0.4,0.23422108719445456,0.9998962978326247,1.5869669896741384e-05,0.04232816250210933,5739.0,0.032420893548691786,0.06747153851828173,1.9986015615895583
2020-05-26,372,372,8651462.9,8288175.9,2555.3,16.799999999999997,3346.0,3966.5,0.0,366328.1,446567.69999999995,50765.6,3536.0999999999995,359324.4,0.0,3.0,4012.1,4.0,127.208,274.1,64.2,274.1,390.725,0.0,0.0,8.8,62.800000000000004,207.10000000000002,3805.4,0.4,0.23267876991478323,0.9998948972620737,1.470364046755607e-05,0.04234290827277315,5745.0,0.03207059120131098,0.0683183370304828,2.154738695679517
2020-05-27,375,375,8651454.7,8288054.100000001,2532.5,16.799999999999997,3109.0,3718.4,0.0,366445.8,450572.0,51035.5,3544.3,359686.1,0.0,3.0,4004.3,4.0,117.862,269.9,62.800000000000004,269.9,361.717,0.0,0.0,8.100000000000001,62.1,206.79999999999998,3798.4,0.30000000000000004,0.23094087021197474,0.9999210256140258,1.3623373650676343e-05,0.04235655305459786,5751.0,0.03169696643717728,0.0674025422670629,2.289966231694694
2020-05-28,378,378,8651447.1,8287940.9,2512.8,16.5,2889.7,3489.3,0.0,366555.1,454621.0,51304.4,3551.8999999999996,360021.0,0.0,3.0,4049.1,4.0,109.238,268.90000000000003,62.1,268.90000000000003,334.943,0.0,0.0,7.5,62.400000000000006,209.0,3841.2000000000003,0.30000000000000004,0.22991893883566694,0.9999219055056618,1.2626558162737884e-05,0.04236922398797306,5757.0,0.03130656578683404,0.06640981946605419,2.4615976125524086
2020-05-29,381,381,8651440.1,8287835.699999999,2498.9,16.5,2685.5,3276.8999999999996,0.0,366656.3,458673.5,51575.7,3558.9,360331.4,0.0,3.0,4052.3,4.0,101.15199999999999,271.4,62.400000000000006,271.4,310.419,0.0,0.0,7.1,62.0,209.20000000000002,3844.7000000000003,0.30000000000000004,0.22861356932153387,0.9999219765929779,1.1691926295600196e-05,0.04238095574400382,5757.0,0.030868198602337575,0.06697431088517632,2.6830907940525153
2020-05-30,384,384,8651433.5,8287737.899999999,2490.6000000000004,16.200000000000003,2495.2,3080.2,0.0,366750.1,462721.4,51846.700000000004,3565.5,360619.39999999997,0.0,3.0,4048.0,4.0,93.763,271.20000000000005,62.0,271.20000000000005,287.914,0.0,0.0,6.6000000000000005,61.400000000000006,209.0,3840.8,0.30000000000000004,0.2270710059171598,0.9999218973731483,1.0837857101947326e-05,0.0423918302094098,5757.0,0.030440555808064415,0.06699604743083006,2.8923989206829988
2020-05-31,387,387,8651427.399999999,8287647.0,2484.3,16.200000000000003,2318.5,2897.9,0.0,366837.0,466806.5,52117.2,3571.6000000000004,360886.4,0.0,3.0,4085.1,4.0,86.959,270.5,61.400000000000006,270.5,267.11,0.0,0.0,6.199999999999999,61.6,210.9,3876.2999999999997,0.30000000000000004,0.22605504587155964,0.9999226125986689,1.0051404927700141e-05,0.04240190468453796,5760.0,0.030007591704337623,0.06621624929622286,3.1106613461516344
2020-06-01,390,390,8651421.7,8287562.3,2481.6,16.200000000000003,2154.1,2729.0,0.0,366917.7,470934.1,52389.700000000004,3577.2999999999997,361134.3,0.0,3.0,4127.599999999999,4.0,80.658,272.6,61.6,272.6,247.834,0.0,0.0,5.7,61.900000000000006,213.1,3917.1,0.2,0.22509090909090912,0.9999489444260078,9.323091949153283e-06,0.042411260567728426,5760.0,0.02955588127519238,0.06604322124236846,3.3797019514493294
2020-06-02,393,393,8651416.4,8287483.5,2481.7,16.200000000000003,2001.3000000000002,2572.5,0.0,366992.4,475054.4,52664.7,3582.5999999999995,361364.2,0.0,3.0,4120.2,4.0,74.789,275.0,61.900000000000006,275.0,229.92399999999998,0.0,0.0,5.3,61.4,212.70000000000002,3910.4,0.2,0.22400583728566215,0.9999488569528973,8.644711633577133e-06,0.042419920973865044,5760.0,0.029072497570456754,0.06674433279937868,3.6770113251948815
2020-06-03,396,396,8651411.5,8287410.299999999,2481.3,16.200000000000003,1859.7,2427.7,0.0,367061.8,479183.80000000005,52938.9,3587.5,361577.5,0.0,3.0,4129.4,4.0,69.316,274.1,61.4,274.1,213.303,0.0,0.0,4.9,61.2,213.20000000000002,3919.3,0.1,0.22303206997084546,0.9999744858906976,8.01210299614115e-06,0.04242796681212077,5763.0,0.028552127528113033,0.06637768198769799,3.954353973108662
2020-06-04,399,399,8651406.8,8287342.0,2481.3,16.200000000000003,1728.5,2293.3,0.0,367126.0,483463.5,53213.399999999994,3592.2,361775.6,0.0,3.0,4279.7,4.0,64.234,274.4,61.2,274.4,198.051,0.0,0.0,4.5,63.1,221.0,4062.0999999999995,0.1,0.2221048926434354,0.9999753827974989,7.424688433330865e-06,0.04243541062015486,5763.0,0.02800941874155147,0.06411664368997827,4.2718809353301985
2020-06-05,402,402,8651402.7,8287278.5,2495.4,16.200000000000003,1603.5,2168.7,0.0,367185.5,487901.19999999995,53497.4,3596.3,361959.5,0.0,3.0,4437.7,4.0,59.501,284.2,63.1,284.2,183.851,0.0,0.0,4.199999999999999,65.1,229.1,4212.3,0.1,0.2212780421481985,0.9999762605640489,6.877613037247706e-06,0.042442308228236796,5763.0,0.02743625213261401,0.06404218401424161,4.776390312767853
2020-06-06,405,405,8651398.7,8287219.4,2520.7,16.200000000000003,1485.1,2053.2,0.0,367240.7,492526.9,53791.799999999996,3600.3,362130.1,0.0,3.0,4625.8,4.0,55.1,294.3,65.1,294.3,170.667,0.0,0.0,3.9000000000000004,67.7,247.20000000000002,4391.1,0.1,0.21498888536043187,0.999977227181636,6.368912347086721e-06,0.042448708322736305,5763.0,0.026836158192090398,0.0636214276449479,5.341197822141561
2020-06-07,408,408,8651395.1,8287142.5,2564.1,16.5,1394.8000000000002,1968.2,0.0,367313.5,497360.19999999995,54106.7,3603.9,362288.4,0.0,3.0,4833.3,4.0,72.862,314.79999999999995,67.7,314.79999999999995,158.273,0.0,0.0,3.5999999999999996,99.0,258.4,4588.4,0.1,0.27700055959709013,0.9999782063855289,8.421994274657506e-06,0.04245714081420233,5763.0,0.03701961182806625,0.06513148366540458,4.320496280640114
2020-06-08,411,411,8651391.7,8287050.6,2650.0,17.700000000000003,1299.8,1910.0,0.0,367401.3,502262.80000000005,54464.0,3607.2999999999997,362435.2,0.0,3.0,4902.6,4.0,87.844,357.2,99.0,357.2,146.685,0.0,0.0,3.3000000000000003,128.9,262.0,4654.3,0.1,0.32975185469429524,0.9999785149535922,1.0153742085218498e-05,0.04246730615607198,5769.0,0.045991623036649214,0.07285929914739117,4.066299348845681
2020-06-09,414,414,8651388.6,8286946.5,2770.3,19.5,1197.4,1875.1,0.0,367501.4,507171.9,54854.899999999994,3610.3999999999996,362571.0,0.0,3.0,4909.1,4.0,100.158,391.1,128.9,391.1,135.933,0.0,0.0,3.1,157.7,262.3,4660.6,0.1,0.37547619047619046,0.9999785439955371,1.157710104479644e-05,0.04247889177004487,5802.0,0.05341475121326863,0.07966837098449818,3.904830368018531
2020-06-10,417,417,8651385.7,8286832.5,2917.9,22.5,1086.4,1860.3000000000002,0.0,367611.5,512172.2,55275.2,3613.3,362697.0,0.0,3.0,5000.3,4.0,110.026,420.29999999999995,157.7,420.29999999999995,125.947,0.0,0.0,2.8,190.0,267.3,4747.4,0.1,0.41548217800131204,0.9999789362822538,1.2717731449656673e-05,0.04249163229423467,5808.0,0.05914422404988442,0.08405495670259783,3.8200061803573697
2020-06-11,420,420,8651383.1,8286708.9,3100.1,26.099999999999998,962.7,1864.4,0.0,367731.1,517287.9,55732.3,3615.9,362813.6,0.0,3.0,5115.7,4.0,119.55599999999998,457.1,190.0,457.1,116.69300000000001,0.0,0.0,2.7,224.3,269.8,4857.0,0.1,0.4539566889293665,0.9999794115830433,1.3819293241100372e-05,0.04250546944337721,5811.0,0.06412572409354214,0.08935238579275565,3.8233129244872703
2020-06-12,423,423,8651380.5,8286592.100000001,3319.8999999999996,30.900000000000002,806.1,1870.7,0.0,367844.0,522781.4,56226.299999999996,3618.5,362921.8,0.0,3.0,5493.5,4.0,112.82900000000001,494.0,224.3,494.0,108.156,0.0,0.0,2.5,245.0,289.70000000000005,5215.3,0.1,0.4582008602954928,0.9999808260152624,1.3041733628523217e-05,0.042518532157960226,5814.0,0.0603137862832095,0.08992445617548012,4.378306995541926
2020-06-13,426,426,8651378.3,8286483.0,3580.2,36.3,629.1,1877.5,0.0,367949.1,528298.6,56761.0,3620.7,363022.0,0.0,3.0,5517.2,4.0,105.238,534.7,245.0,534.7,100.148,0.0,0.0,2.2,250.1,290.9,5237.400000000001,0.2,0.4622920517560074,0.9999618145715595,1.2164304501630681e-05,0.04253069132348541,5814.0,0.05605219707057257,0.09691510186326399,5.080864326574051
2020-06-14,429,429,8651376.100000001,8286382.199999999,3837.1,41.7,447.9,1883.1,0.0,368045.7,534034.3,57302.0,3622.8999999999996,363114.69999999995,0.0,3.0,5735.700000000001,4.0,96.63399999999999,541.1,250.1,541.1,92.833,0.0,0.0,2.0999999999999996,178.70000000000002,302.5,5444.5,0.2,0.3713632585203658,0.9999632670303231,1.1169783729550258e-05,0.0425418679925382,5814.0,0.051316446285380485,0.09433896472967554,5.599478444439846
2020-06-15,432,432,8651374.2,8286291.7,4024.2,47.400000000000006,336.8,1885.6,0.0,368132.3,539934.9,57783.299999999996,3624.8,363200.9,0.0,3.0,5900.6,4.0,86.58800000000001,481.29999999999995,178.70000000000002,481.29999999999995,86.097,0.0,0.0,1.9,187.0,311.1,5600.799999999999,0.30000000000000004,0.37542662116040953,0.9999464390923212,1.0008583376268711e-05,0.042551887305949616,5817.0,0.04592066185829445,0.08156797613801985,5.558506952464544
2020-06-16,435,435,8651372.4,8286214.4,4208.0,53.400000000000006,212.9,1881.1,0.0,368205.6,545912.7,58281.5,3626.6,363280.8,0.0,3.0,5977.799999999999,4.0,73.21799999999999,498.3,187.0,498.3,79.858,0.0,0.0,1.7999999999999998,192.6,315.3,5673.9,0.30000000000000004,0.37920850561134084,0.9999471291107116,8.463165913422012e-06,0.04256036880345134,5862.0,0.03892297060230716,0.08335842617685438,6.805703515528969
2020-06-17,438,438,8651370.5,8286152.9,4359.4,58.5,140.8,1866.9,0.0,368263.2,551834.2,58789.3,3628.5,363354.8,0.0,3.0,5921.5,4.0,57.54899999999999,507.90000000000003,192.6,507.90000000000003,74.047,0.0,0.0,1.7000000000000002,193.2,312.2,5620.5,0.30000000000000004,0.38227146814404434,0.9999466268146883,6.65200964402114e-06,0.0425670360551545,5868.0,0.030825968182548603,0.08577218610149456,8.825522598133766
2020-06-18,441,441,8651369.0,8286107.8,4475.1,63.0,177.70000000000002,1841.8000000000002,0.0,368304.2,558232.6,59294.9,3630.0,363423.4,0.0,3.0,6398.5,4.0,41.044,505.4,193.2,505.4,68.628,0.0,0.0,1.6,211.3,337.4,6073.6,0.30000000000000004,0.3850920357207946,0.9999506083406049,4.744220249997428e-06,0.0425717825699031,5868.0,0.022284721468129,0.07898726263968117,12.313614657440796
2020-06-19,444,444,8651367.5,8286071.8,4605.1,67.5,221.70000000000002,1812.8000000000002,0.0,368336.2,564439.0,59843.5,3631.5,363487.0,0.0,3.0,6206.4,4.0,32.095,548.8,211.3,548.8,63.596999999999994,0.0,0.0,1.5,207.4,327.3,5891.3,0.30000000000000004,0.38788105479708246,0.9999490800461674,3.709818129908364e-06,0.04257548878833318,5868.0,0.017704655781112088,0.08842485176591905,17.099236641221374
2020-06-20,447,447,8651366.2,8286046.1,4684.4,70.80000000000001,273.40000000000003,1778.1,0.0,368357.9,570440.2,60378.2,3632.7999999999997,363545.9,0.0,3.0,6001.1,4.0,21.675,534.6,207.4,534.6,58.912,0.0,0.0,1.3,202.8,316.5,5697.0,0.2,0.39052570768342004,0.9999648950361582,2.505384640867474e-06,0.04257800346030897,5868.0,0.012189978066475452,0.08908366799420106,24.664359861591695
2020-06-21,450,450,8651364.9,8286026.2,4711.8,72.9,334.7,1742.1999999999998,0.0,368373.8,576270.5,60897.4,3634.1,363600.5,0.0,3.0,5830.299999999999,4.0,15.884,519.2,202.8,519.2,54.553000000000004,0.0,0.0,1.2000000000000002,199.0,307.5,5535.1,0.2,0.3928923988153998,0.9999638682636894,1.836010870377228e-06,0.04257984771859524,5868.0,0.00911720812765469,0.08905202133680945,32.686980609418285
2020-06-22,453,453,8651363.8,8286002.1,4686.2,74.4,399.1,1693.0,0.0,368393.9,581976.2000000001,61403.8,3635.2,363672.7,0.0,3.0,5705.7,4.0,20.067,506.5,199.0,506.5,72.14,0.0,0.0,1.2000000000000002,194.0,300.9,5417.2,0.1,0.3919983835118206,0.9999815406198659,2.31951868675318e-06,0.04258217646563424,5868.0,0.011852923803898406,0.08877087824456245,25.240444510888523
2020-06-23,456,456,8651362.7,8285973.100000001,4642.6,75.30000000000001,462.5,1634.0,0.0,368418.9,587621.6,61898.7,3636.2999999999997,363759.6,0.0,3.0,5645.5,4.0,25.043,494.9,194.0,494.9,86.973,0.0,0.0,1.0,191.10000000000002,297.7,5360.4,0.1,0.3909574468085107,0.999981345023785,2.894688486473929e-06,0.042585071598026984,5868.0,0.015326193390452877,0.08766274023558586,19.762009343928444
2020-06-24,459,459,8651361.7,8285938.199999999,4652.4,76.19999999999999,444.5,1568.8,0.0,368449.8,593130.7000000001,62387.600000000006,3637.2999999999997,363858.7,0.0,3.0,5509.1,4.0,30.893,488.9,191.10000000000002,488.9,99.164,0.0,0.0,1.0,186.20000000000002,290.5,5231.2,0.1,0.39060205580029367,0.9999808842926232,3.57088295129309e-06,0.042588648212454235,5874.0,0.01969212136664967,0.08874407798006934,15.825591557958113
2020-06-25,462,462,8651360.6,8285896.4,4633.1,76.19999999999999,426.2,1500.6999999999998,0.0,368487.7,598408.3,62864.2,3638.4,363967.7,0.0,3.0,5277.5,4.0,37.827,476.6,186.20000000000002,476.6,108.935,0.0,0.0,0.8999999999999999,177.7,278.3,5011.6,0.1,0.3896929824561403,0.9999800466907436,4.372375831843144e-06,0.042593034441310886,5874.0,0.0252062370893583,0.0903079109426812,12.599465989901395
2020-06-26,465,465,8651359.899999999,8285847.2,4583.6,75.6,408.0,1430.6000000000001,0.0,368532.8,603465.5,63320.3,3639.1000000000004,364086.0,0.0,3.0,5057.2,4.0,45.113,456.0,177.7,456.0,118.37,0.0,0.0,0.8999999999999999,169.9,266.7,4802.5,0.1,0.3891433806688044,0.9999791779452796,5.2145559220117534e-06,0.04259825094087232,5886.0,0.03153432126380539,0.09016847267262518,10.107951144902799
2020-06-27,468,468,8651359.0,8285791.0,4516.8,75.0,394.2,1374.4,0.0,368585.1,611425.0,63757.0,3640.0,364197.69999999995,0.0,3.0,7959.6,4.0,52.29600000000001,436.7,169.9,436.7,111.71,0.0,0.0,0.8,267.6,419.70000000000005,7558.8,0.1,0.38934962898297687,0.9999867705618541,6.044830644526485e-06,0.04260430066536367,5886.0,0.0380500582072177,0.0548645660585959,8.350543062566926
2020-06-28,471,471,8651358.3,8285736.7,4657.799999999999,77.69999999999999,381.8,1323.7,0.0,368635.3,619165.6000000001,64444.4,3640.7,364301.9,0.0,3.0,7740.700000000001,4.0,50.251999999999995,687.3,267.6,687.3,104.194,0.0,0.0,0.7,260.4,408.29999999999995,7350.900000000001,0.1,0.3894122925078511,0.9999863964086518,5.808567655786489e-06,0.04261010666960816,5886.0,0.037963284732190065,0.08879041947110725,13.677067579399825
2020-06-29,474,474,8651357.6,8285684.5,4793.5,80.1,371.3,1279.4,0.0,368683.6,627199.2,65113.0,3641.4,364397.6,0.0,3.0,8033.5,4.0,48.187,668.6,260.4,668.6,95.674,0.0,0.0,0.7,270.5,423.6,7628.900000000001,0.1,0.3897132977957067,0.9999868921221654,5.569877264118639e-06,0.04261569305608174,5886.0,0.037663748632171326,0.08322648907699011,13.875111544607467
2020-06-30,477,477,8651357.0,8285634.4,4969.7,83.1,363.0,1243.3,0.0,368729.6,635154.4,65807.1,3642.0,364483.4,0.0,3.0,7955.199999999999,4.0,46.124,694.1,270.5,694.1,85.729,0.0,0.0,0.6000000000000001,268.1,419.6,7554.3,0.1,0.38985022538897773,0.9999867626813512,5.331417949808336e-06,0.04262101309655814,5889.0,0.03709804552400869,0.08725110619469029,15.048564738530917
2020-07-01,480,480,8651356.399999999,8285585.799999999,5151.7,86.1,358.2,1218.7,0.0,368774.1,643189.2999999999,66494.9,3642.6,364555.8,0.0,3.0,8034.900000000001,4.0,44.56,687.6,268.1,687.6,72.49199999999999,0.0,0.0,0.6000000000000001,271.2,423.70000000000005,7629.9,0.1,0.3902719815800834,0.9999868938401048,5.150637419121932e-06,0.04262615975455595,5895.0,0.036563551325182575,0.08557667176940596,15.430879712746858
2020-07-02,483,483,8651355.9,8285538.6,5352.200000000001,89.69999999999999,357.5,1208.3,0.0,368817.3,651228.7,67189.7,3643.1,364612.9,0.0,3.0,8039.299999999999,4.0,43.153999999999996,694.9000000000001,271.2,694.9000000000001,56.977999999999994,0.0,0.0,0.6000000000000001,271.7,423.90000000000003,7633.9,0.1,0.39059804485336397,0.9999869007073617,4.988119839111e-06,0.04263115565503437,5895.0,0.03571464040387321,0.0864378739442489,16.102794642443346
2020-07-03,486,486,8651355.2,8285492.7,5558.8,93.0,361.2,1213.0,0.0,368859.30000000005,659172.3,67885.3,3643.8,364653.5,0.0,3.0,7943.6,4.0,41.967,695.5999999999999,271.7,695.5999999999999,40.637,0.0,0.0,0.7,268.3,418.9,7543.0,0.1,0.39042491268917345,0.9999867428510824,4.850916304996933e-06,0.042636013835150366,5895.0,0.034597691673536685,0.08756734981620422,16.57492791955584
2020-07-04,489,489,8651354.3,8285447.7,5768.799999999999,96.60000000000001,366.90000000000003,1225.4,0.0,368900.4,667088.2,68572.5,3644.7,364685.3,0.0,3.0,7915.9,4.0,41.037,687.1999999999999,268.3,687.1999999999999,31.777,0.0,0.0,0.8999999999999999,267.3,417.5,7516.799999999999,0.1,0.3903329439252337,0.9999866966435631,4.743419189293866e-06,0.04264076897185912,5895.0,0.03348865676513791,0.08681261764297174,16.745863489046467
2020-07-05,492,492,8651353.299999999,8285403.199999999,5996.6,100.19999999999999,375.0,1247.4,0.0,368940.9,674936.2999999999,69257.2,3645.7,364706.7,0.0,3.0,7848.1,4.0,40.492000000000004,684.6999999999999,267.3,684.6999999999999,21.46,0.0,0.0,1.0,264.8,413.9,7452.4,0.1,0.3901576543391778,0.9999865816839986,4.680423813000448e-06,0.0426454552491805,5895.0,0.03246111912778579,0.08724404632968488,16.909512990220286
2020-07-06,495,495,8651352.2,8285358.699999999,6238.099999999999,104.39999999999999,383.5,1275.0,0.0,368981.3,682760.1,69935.9,3646.8,364722.4,0.0,3.0,7823.9,4.0,40.412,678.7,264.8,678.7,15.727,0.0,0.0,1.1,264.0,412.6,7429.5,0.1,0.39018622524386637,0.9999865403251857,4.671177298734873e-06,0.042650130461686676,5895.0,0.031695686274509804,0.08674701875023966,16.794516480253392
2020-07-07,498,498,8651351.0,8285314.0,6229.200000000001,104.10000000000001,391.2,1298.7,0.0,369022.0,690570.6,70612.5,3648.0,364742.3,0.0,3.0,7810.4,4.0,40.827,676.5999999999999,264.0,676.5999999999999,19.867,0.0,0.0,1.1,263.5,411.9,7416.7,0.1,0.39013917678412796,0.9999865170963218,4.719147333173743e-06,0.04265484084508882,5898.0,0.03143682143682144,0.08662808562941718,16.572366326205696
2020-07-08,501,501,8651349.8,8285268.5,6237.700000000001,104.39999999999999,397.40000000000003,1318.3,0.0,369063.6,698346.0,71287.9,3649.2,364767.19999999995,0.0,3.0,7775.400000000001,4.0,41.466,675.4,263.5,675.4,24.795,0.0,0.0,1.1,262.29999999999995,410.0,7383.299999999999,0.1,0.3901532054142495,0.9999864561042338,4.79300929434156e-06,0.042659655259806965,5898.0,0.03145414549040431,0.0868636983306325,16.288043216128877
2020-07-09,504,504,8651348.8,8285222.199999999,6217.799999999999,103.80000000000001,402.0,1333.0,0.0,369106.0,705807.6,71960.2,3650.2,364797.7,0.0,3.0,7461.599999999999,4.0,42.383,672.3,262.29999999999995,672.3,30.587000000000003,0.0,0.0,1.0,251.8,393.4,7085.5,0.1,0.39026658400495967,0.999985886869143,4.8990048811810705e-06,0.042664561160682825,5898.0,0.03179519879969993,0.09010131875201029,15.862492036901585
2020-07-10,507,507,8651347.8,8285174.800000001,6176.7,103.19999999999999,404.8,1342.0,0.0,369149.3,712891.3,72605.5,3651.2,364835.1,0.0,3.0,7083.7,4.0,43.355999999999995,645.2,251.8,645.2,37.451,0.0,0.0,1.0,239.0,373.6,6726.6,0.1,0.3901403852432256,0.999985133869505,5.011473472376176e-06,0.04266957109272615,5898.0,0.03230700447093889,0.0910823439727826,14.881446627917708
2020-07-11,510,510,8651347.0,8285126.5,6096.0,102.0,405.6,1344.7,0.0,369193.5,720325.5,73218.1,3652.0,364879.8,0.0,3.0,7434.1,4.0,44.216,612.6,239.0,612.6,44.667,0.0,0.0,0.8,250.9,392.0,7059.3,0.1,0.3902628713641313,0.9999858344901833,5.110880421280062e-06,0.042674684069428724,5904.0,0.03288168364691009,0.08240405698067016,13.854713225981545
2020-07-12,513,513,8651346.3,8285077.6,6045.099999999999,101.10000000000001,404.40000000000003,1341.1,0.0,369238.4,727594.2,73861.0,3652.7,364931.7,0.0,3.0,7268.599999999999,4.0,44.918,642.9,250.9,642.9,51.777,0.0,0.0,0.7,245.29999999999998,383.2,6902.2,0.1,0.3902943516308671,0.9999855120756849,5.192024274880777e-06,0.04267987746600781,5904.0,0.033493400939527254,0.08844894477616047,14.312747673538448
2020-07-13,516,516,8651345.7,8285028.199999999,5988.299999999999,100.19999999999999,404.0,1340.2,0.0,369283.9,734737.7,74489.6,3653.2999999999997,364981.4,0.0,3.0,7143.5,4.0,45.445,628.5,245.29999999999998,628.5,49.754000000000005,0.0,0.0,0.6000000000000001,241.1,376.79999999999995,6783.4,0.1,0.3901925877973782,0.9999852583474607,5.252940013713705e-06,0.04268513972340743,5904.0,0.03390911804208327,0.08798208161265486,13.829904279898779
2020-07-14,519,519,8651345.3,8284978.4,5923.2,99.0,404.40000000000003,1341.8,0.0,369329.5,741819.8,75107.5,3653.7,365029.0,0.0,3.0,7082.1,4.0,45.762,617.8,241.1,617.8,47.709999999999994,0.0,0.0,0.4,239.1,373.40000000000003,6725.099999999999,0.1,0.3903673469387755,0.9999851305537382,5.289581956692908e-06,0.042690412553525056,5904.0,0.034104933671187956,0.08723401251041357,13.500284078493072
2020-07-15,522,522,8651345.0,8284928.5,5859.0,98.10000000000001,405.6,1345.8000000000002,0.0,369375.5,749070.7999999999,75719.9,3654.0,365074.8,0.0,3.0,7251.0,4.0,45.854,612.6,239.1,612.6,45.667,0.0,0.0,0.30000000000000004,244.79999999999998,382.4,6885.400000000001,0.1,0.3903061224489796,0.9999854767264541,5.300216324744881e-06,0.042695731126200606,5904.0,0.034071927478079946,0.08448489863467108,13.359794129192656
2020-07-16,525,525,8651344.8,8284878.8,5811.5,97.19999999999999,407.2,1351.1,0.0,369421.19999999995,756013.8,76347.20000000001,3654.2,365118.9,0.0,3.0,6943.0,4.0,45.712,627.2,244.79999999999998,627.2,44.118,0.0,0.0,0.2,234.4,366.2,6592.799999999999,0.1,0.3902763902763903,0.9999848321679382,5.283802814101225e-06,0.04270101452897819,5907.0,0.03383317297017246,0.09033558980267896,13.720686034301716
2020-07-17,528,528,8651344.7,8284829.100000001,5739.0,96.0,409.3,1357.9,0.0,369466.9,763212.2,76947.79999999999,3654.3,365161.6,0.0,3.0,7198.599999999999,4.0,45.669,600.6,234.4,600.6,42.726,0.0,0.0,0.2,243.2,379.59999999999997,6835.5,0.1,0.3904945407835581,0.9999853707063022,5.278832549580414e-06,0.04270629743836239,5907.0,0.03363207894543044,0.08343288972855833,13.151152860802734
2020-07-18,531,531,8651344.4,8284779.4,5691.5,95.1,411.7,1365.9,0.0,369512.6,770658.6000000001,77570.5,3654.6,365203.1,0.0,3.0,7446.400000000001,4.0,45.718,622.8,243.2,622.8,41.551,0.0,0.0,0.2,251.6,392.7,7070.700000000001,0.1,0.39050131926121373,0.9999858573287322,5.284496592229064e-06,0.04271158133526622,5907.0,0.03347097152060912,0.08363773098409968,13.622643160243229
2020-07-19,534,534,8651344.2,8284729.6,5690.2,95.1,414.5,1374.9,0.0,369558.39999999997,778326.6,78214.8,3654.7999999999997,365243.7,0.0,3.0,7668.099999999999,4.0,45.848,644.1999999999999,251.6,644.1999999999999,40.629,0.0,0.0,0.30000000000000004,259.1,404.29999999999995,7281.3,0.1,0.39056376243593616,0.999986266377345,5.299523281017995e-06,0.04271687629767407,5907.0,0.033346425194559604,0.08401038066796207,14.050776478799511
2020-07-20,537,537,8651343.9,8284679.6,5740.5,96.0,417.3,1384.5,0.0,369604.4,786130.7000000001,78878.3,3655.1000000000004,365283.8,0.0,3.0,7804.1,4.0,46.03,663.5,259.1,663.5,40.09,0.0,0.0,0.30000000000000004,263.8,411.5,7410.4,0.1,0.39064119650525697,0.9999865056338978,5.320560658789671e-06,0.042722194871943536,5913.0,0.033246659443842544,0.08501941287272075,14.414512274603519
2020-07-21,540,540,8651343.5,8284629.4,5772.4,96.60000000000001,420.3,1394.4,0.0,369650.7,794005.6000000001,79553.5,3655.5,365323.8,0.0,3.0,7874.9,4.0,46.266,675.3000000000001,263.8,675.3000000000001,40.010999999999996,0.0,0.0,0.30000000000000004,266.1,415.4,7477.700000000001,0.1,0.39046221570066036,0.9999866270828318,5.347839904865643e-06,0.04272754861715987,5916.0,0.033179862306368324,0.08575346988533189,14.596031643107251
2020-07-22,543,543,8651343.1,8284578.800000001,5824.6,97.5,423.2,1404.0,0.0,369697.2,802034.3,80234.9,3655.8999999999996,365364.2,0.0,3.0,8028.7,4.0,46.543,681.5,266.1,681.5,40.423,0.0,0.0,0.4,271.3,423.4,7623.700000000001,0.1,0.3905282855909025,0.9999868831816154,5.379858302001686e-06,0.04273292548066901,5916.0,0.0331502849002849,0.08488298230099518,14.642373718926585
2020-07-23,546,546,8651342.600000001,8284527.9,5900.700000000001,98.69999999999999,425.90000000000003,1413.3,0.0,369744.2,810062.8999999999,80929.6,3656.4,365405.4,0.0,3.0,8028.7,4.0,46.85,694.7,271.3,694.7,41.056,0.0,0.0,0.5,271.4,423.4,7623.700000000001,0.1,0.3906160046056419,0.9999868831816154,5.415344434515863e-06,0.04273836063318079,5925.0,0.033149366730347414,0.08652708408584205,14.828175026680897
2020-07-24,549,549,8651342.0,8284476.700000001,5982.2,100.19999999999999,428.5,1422.0,0.0,369791.3,818617.7999999999,81624.4,3657.0,365447.3,0.0,3.0,8554.8,4.0,47.177,694.8,271.4,694.8,41.963,0.0,0.0,0.5,289.2,451.1,8123.200000000001,0.2,0.3906524382007294,0.9999753797670926,5.453142414205796e-06,0.04274380783929244,5931.0,0.033176511954992965,0.08121756207041661,14.72751552663374
2020-07-25,552,552,8651341.6,8284425.199999999,6094.7,102.0,430.8,1430.2,0.0,369838.8,824284.7,82364.8,3657.3999999999996,365490.2,0.0,3.0,5666.900000000001,4.0,47.513,740.3000000000001,289.2,740.3000000000001,42.926,0.0,0.0,0.5,191.60000000000002,298.8,5381.0,0.1,0.3907014681892333,0.999981416439018,5.491980573278946e-06,0.042749300293494365,5931.0,0.033221227800307646,0.1306357973495209,15.580998884515818
2020-07-26,555,555,8651341.100000001,8284373.300000001,5983.599999999999,100.19999999999999,433.2,1437.8,0.0,369886.7,830186.2,82855.1,3657.9,365533.9,0.0,3.0,5901.400000000001,4.0,47.839,490.40000000000003,191.60000000000002,490.40000000000003,43.777,0.0,0.0,0.4,199.5,311.2,5603.6,0.1,0.39064029763070296,0.9999821546478219,5.529662909719279e-06,0.04275483947800879,5931.0,0.03327236055084156,0.08309892567865253,10.251050398210666
2020-07-27,558,558,8651340.700000001,8284321.3,5871.1,98.10000000000001,435.5,1445.1,0.0,369934.7,835776.8,83365.9,3658.3,365578.5,0.0,3.0,5590.5,4.0,48.147999999999996,510.70000000000005,199.5,510.70000000000005,44.472,0.0,0.0,0.4,189.10000000000002,294.8,5308.5,0.1,0.3907832196734863,0.9999811626417511,5.565380172809515e-06,0.04276038972780253,5934.0,0.033318109473392844,0.09135139969591272,10.60687879039628
2020-07-28,561,561,8651340.1,8284268.8,5710.400000000001,95.4,437.7,1452.0,0.0,369983.3,841442.2000000001,83849.7,3658.9,365623.5,0.0,3.0,5665.7,4.0,48.435,483.79999999999995,189.10000000000002,483.79999999999995,44.994,0.0,0.0,0.4,191.60000000000002,298.8,5379.7,0.1,0.3907014681892333,0.9999814119483995,5.598554610053997e-06,0.04276601032018149,5934.0,0.03335743801652893,0.08539103729459731,9.98864457520388
2020-07-29,564,564,8651339.8,8284216.1,5537.2,92.69999999999999,440.0,1459.0,0.0,370032.0,847036.1,84340.1,3659.2,365668.69999999995,0.0,3.0,5593.6,4.0,48.695,490.3,191.60000000000002,490.3,45.308,0.0,0.0,0.4,189.20000000000002,294.9,5311.4,0.1,0.3908283412518075,0.9999811729266684,5.62860795272427e-06,0.04277164098906391,5937.0,0.033375599725839616,0.0876537471395881,10.068795564226306
2020-07-30,567,567,8651339.4,8284163.100000001,5346.1,89.4,442.40000000000003,1466.1,0.0,370080.8,852556.1000000001,84824.4,3659.6000000000004,365714.1,0.0,3.0,5520.0,4.0,48.967,484.1,189.20000000000002,484.1,45.4,0.0,0.0,0.4,186.8,291.0,5241.400000000001,0.1,0.39095856006697366,0.9999809214919393,5.660048431344631e-06,0.04277728371169902,5940.0,0.03339949525953209,0.08769927536231885,9.886249923417813
2020-07-31,570,570,8651338.9,8284109.9,5142.9,86.1,444.90000000000003,1473.6,0.0,370130.1,858027.0,85302.1,3660.1,365759.4,0.0,3.0,5470.9,4.0,49.225,477.8,186.8,477.8,45.26,0.0,0.0,0.4,185.1,288.5,5194.8,0.1,0.39083614864864863,0.9999807503513061,5.689870732032009e-06,0.042782984723902094,5943.0,0.03340458740499457,0.08733480780127585,9.706449974606398
2020-08-01,573,573,8651338.6,8284056.5,4922.5,82.19999999999999,447.5,1481.5,0.0,370179.6,863505.4,85775.8,3660.4,365804.6,0.0,3.0,5478.6,4.0,49.483000000000004,473.59999999999997,185.1,473.59999999999997,45.215,0.0,0.0,0.4,185.29999999999998,288.90000000000003,5202.0,0.1,0.3907633909742724,0.9999807769939062,5.719692903939745e-06,0.042788707865393225,5943.0,0.03340060749240635,0.08644544226627239,9.570963765333547
2020-08-02,576,576,8651338.2,8284002.7,4702.6,78.6,450.2,1489.6,0.0,370229.3,869003.6,86250.0,3660.8,365849.9,0.0,3.0,5498.2,4.0,49.739999999999995,474.2,185.29999999999998,474.2,45.263999999999996,0.0,0.0,0.4,186.10000000000002,289.9,5220.7,0.1,0.3909663865546219,0.9999808458473797,5.7493995553196615e-06,0.04279445461974889,5943.0,0.03339151450053705,0.08624640791531774,9.533574587856856
2020-08-03,579,579,8651337.7,8283948.7,4439.4,74.4,453.0,1497.8,0.0,370279.4,874334.3999999999,86726.0,3661.3,365895.3,0.0,3.0,5330.6,4.0,50.007000000000005,476.0,186.10000000000002,476.0,45.392,0.0,0.0,0.4,180.5,281.1,5061.6,0.1,0.39103119584055457,0.9999802437916114,5.7802621668554225e-06,0.04280024810498382,5943.0,0.033386967552410204,0.08929576407909053,9.51866738656588
2020-08-04,582,582,8651337.3,8283894.4,4409.3,73.80000000000001,455.6,1506.2,0.0,370329.6,879912.1000000001,87187.5,3661.7000000000003,365940.89999999997,0.0,3.0,5577.9,4.0,50.291000000000004,461.5,180.5,461.5,45.573,0.0,0.0,0.4,188.8,294.1,5296.4,0.1,0.3909712155725823,0.9999811196072877,5.813089728913934e-06,0.04280605265500398,5943.0,0.033389324126941976,0.08273723085749117,9.17659223320276
2020-08-05,585,585,8651337.0,8283839.800000001,4380.5,73.19999999999999,458.1,1514.4,0.0,370380.2,885535.6,87670.59999999999,3662.0,365986.7,0.0,3.0,5623.3,4.0,50.59,482.9,188.8,482.9,45.807,0.0,0.0,0.4,190.3,296.6,5339.5,0.1,0.3908400082152393,0.9999812720053936,5.8476510624889545e-06,0.04281190294633073,5952.0,0.03340596936080296,0.08587484217452385,9.54536469658035
2020-08-06,588,588,8651336.5,8283784.9,4382.1,73.19999999999999,460.7,1522.9,0.0,370431.0,891544.0,88157.5,3662.5,366032.7,0.0,3.0,6008.599999999999,4.0,50.894000000000005,486.9,190.3,486.9,46.082,0.0,0.0,0.4,203.5,316.9,5705.2,0.1,0.3910453497309762,0.9999824724379085,5.882790479829331e-06,0.04281777734573149,5955.0,0.03341913454593211,0.08103385147954599,9.566943058120799
2020-08-07,591,591,8651336.100000001,8283729.699999999,4411.0,73.80000000000001,463.2,1531.2,0.0,370482.3,897881.5,88677.79999999999,3662.9,366079.1,0.0,3.0,6337.4,4.0,51.21000000000001,520.3,203.5,520.3,46.385999999999996,0.0,0.0,0.4,214.60000000000002,334.1,6017.5,0.1,0.39110625113905595,0.9999833820792342,5.919316901813582e-06,0.04282370904535774,5958.0,0.03344435736677116,0.08209991479155489,10.160124975590703
2020-08-08,594,594,8651335.6,8283674.199999999,4474.2,74.69999999999999,465.6,1539.6000000000001,0.0,370533.8,903851.3,89226.5,3663.4,366125.9,0.0,3.0,5969.8,4.0,51.498000000000005,548.8,214.60000000000002,548.8,46.708,0.0,0.0,0.4,202.2,314.7,5668.4,0.1,0.3911781775972142,0.9999823586486725,5.9526069015285925e-06,0.04282966435841421,5958.0,0.0334489477786438,0.0919293778686053,10.656724532991571
2020-08-09,597,597,8651335.2,8283618.3,4511.7,75.6,468.1,1547.8999999999999,0.0,370585.5,909979.1000000001,89743.6,3663.8,366172.80000000005,0.0,3.0,6127.799999999999,4.0,51.787,516.9,202.2,516.9,47.041,0.0,0.0,0.4,207.6,323.1,5818.5,0.1,0.39118145845110225,0.9999828137352628,5.9860124249953934e-06,0.04283564229484485,5958.0,0.033456295626332455,0.08435327523744249,9.981269430552068
2020-08-10,600,600,8651334.7,8283562.4,4567.0,76.5,470.5,1556.0,0.0,370637.7,916211.9,90274.2,3664.3,366220.2,0.0,3.0,6232.8,4.0,52.072,530.6999999999999,207.6,530.6999999999999,47.365,0.0,0.0,0.4,211.1,328.7,5918.200000000001,0.1,0.3910707669507225,0.9999831032560025,6.018955664725352e-06,0.04284167852158119,5961.0,0.033465295629820056,0.08514632268001539,10.191657704716544
2020-08-11,603,603,8651334.3,8283505.9,4630.5,77.4,472.90000000000003,1564.4,0.0,370690.1,922530.0,90814.0,3664.7000000000003,366267.9,0.0,3.0,6318.0,4.0,52.355000000000004,539.9,211.1,539.9,47.669,0.0,0.0,0.4,214.10000000000002,333.1,5998.9,0.1,0.39126461988304095,0.9999833305550925,6.05166766009724e-06,0.04284773737156359,5970.0,0.033466504730248016,0.08545425767647989,10.312291089676247
2020-08-12,606,606,8651333.8,8283449.4,4699.7,78.6,475.3,1572.6,0.0,370742.69999999995,928916.2999999999,91361.29999999999,3665.2,366315.8,0.0,3.0,6386.3,4.0,52.631,547.3,214.10000000000002,547.3,47.953,0.0,0.0,0.4,216.4,336.8,6063.900000000001,0.1,0.39117859725234994,0.9999835092348285,6.083570605032023e-06,0.042853819835272096,5973.0,0.03346750604095129,0.08569907458152606,10.398814386958255
2020-08-13,609,609,8651333.4,8283392.4,4789.1,80.1,477.6,1580.8,0.0,370795.6,935532.9,91914.59999999999,3665.6000000000004,366364.1,0.0,3.0,6616.6,4.0,52.907,553.2,216.4,553.2,48.212,0.0,0.0,0.4,224.3,348.9,6282.4,0.1,0.3913119330076762,0.999984082769598,6.11547348296622e-06,0.04285993648100534,5973.0,0.03346849696356275,0.08360789529365535,10.456083316007335
2020-08-14,612,612,8651332.9,8283335.300000001,4877.2,81.6,480.0,1589.1,0.0,370848.7,942346.4,92487.79999999999,3666.1,366412.6,0.0,3.0,6813.5,4.0,53.182,573.2,224.3,573.2,48.480999999999995,0.0,0.0,0.4,231.0,359.29999999999995,6469.400000000001,0.1,0.391326444180925,0.9999845428549347,6.147260845782504e-06,0.042866076740614156,5973.0,0.03346674218110881,0.08412710060908492,10.7780828099733
2020-08-15,615,615,8651332.5,8283277.800000001,4978.0,83.4,482.40000000000003,1597.3000000000002,0.0,370902.2,948911.9,93078.0,3666.5,366461.3,0.0,3.0,6565.700000000001,4.0,53.45400000000001,590.2,231.0,590.2,48.738,0.0,0.0,0.4,222.6,346.20000000000005,6234.1,0.1,0.3913502109704641,0.9999839594494883,6.178701373458945e-06,0.04287226274102862,5973.0,0.03346522256307519,0.0898914053337801,11.04126912859655
2020-08-16,618,618,8651332.0,8283220.1,5026.8,84.0,484.8,1605.6,0.0,370955.9,956160.3,93646.8,3667.0,366510.3,0.0,3.0,7248.3,4.0,53.723,568.8,222.6,568.8,48.992,0.0,0.0,0.5,245.8,382.2,6882.099999999999,0.1,0.39140127388535034,0.9999854697625759,6.209795208414149e-06,0.04287847235547081,5973.0,0.03345976581963129,0.07847357311369561,10.587644025836234
2020-08-17,621,621,8651331.600000001,8283162.1,5106.3,85.5,487.2,1613.8,0.0,371009.9,963631.8,94274.8,3667.4,366559.6,0.0,3.0,7471.6,4.0,53.991,628.0,245.8,628.0,49.248000000000005,0.0,0.0,0.5,253.4,394.0,7094.299999999999,0.2,0.3914118010503553,0.9999718091479315,6.240773385683192e-06,0.04288471615167311,5973.0,0.03345581856487793,0.08405160875849885,11.631568224333686
2020-08-18,624,624,8651331.0,8283103.800000001,5237.0,87.6,489.5,1622.1000000000001,0.0,371064.2,971201.9,94922.1,3668.0,366609.1,0.0,3.0,7570.1,4.0,54.258,647.4,253.4,647.4,49.510999999999996,0.0,0.0,0.5,256.8,399.20000000000005,7187.599999999999,0.2,0.39146341463414636,0.9999721750744317,6.271636121655732e-06,0.04289099561674383,5976.0,0.033449232476419455,0.08552066683399162,11.931881012938183
2020-08-19,627,627,8651330.6,8283045.4,5362.6,89.69999999999999,491.8,1630.5,0.0,371118.7,978886.6,95578.0,3668.4000000000005,366658.9,0.0,3.0,7684.7,4.0,54.525,655.9,256.8,655.9,49.793000000000006,0.0,0.0,0.5,260.6,405.3,7296.5,0.2,0.3913500525604445,0.9999725903490619,6.302498716209042e-06,0.042897297208824736,5988.0,0.033440662373505056,0.085351412547009,12.02934433745988
2020-08-20,630,630,8651330.0,8282986.5,5489.200000000001,91.80000000000001,494.1,1638.7,0.0,371173.5,987162.0,96244.0,3669.0,366708.80000000005,0.0,3.0,8275.400000000001,4.0,54.799,666.0,260.6,666.0,50.086999999999996,0.0,0.0,0.5,280.7,436.40000000000003,7857.299999999999,0.30000000000000004,0.39143773532282805,0.9999618204031765,6.334170584176075e-06,0.0429036344700757,5994.0,0.033440532129126746,0.08047949343838363,12.153506450847644
2020-08-21,633,633,8651329.6,8282927.4,5659.8,94.80000000000001,496.40000000000003,1646.8,0.0,371228.5,995443.7,96961.0,3669.4,366759.30000000005,0.0,3.0,8281.7,4.0,55.069,717.0999999999999,280.7,717.0999999999999,50.388999999999996,0.0,0.0,0.5,281.0,436.70000000000005,7863.4,0.30000000000000004,0.3915284937996377,0.9999618500197108,6.365379952695364e-06,0.04290999385805391,6000.0,0.03344000485790625,0.08658850236062643,13.021845321324154
2020-08-22,636,636,8651329.1,8282868.1,5825.0,97.5,498.6,1655.0,0.0,371283.80000000005,1004077.7,97678.79999999999,3669.8999999999996,366810.0,0.0,3.0,8633.9,4.0,55.331,717.6999999999999,281.0,717.6999999999999,50.702,0.0,0.0,0.5,293.0,455.4,8197.8,0.30000000000000004,0.3915018706574025,0.9999634061550848,6.3956646846321e-06,0.04291638841943951,6000.0,0.03343262839879154,0.08312581799650215,12.971028898808983
2020-08-23,639,639,8651328.6,8282808.4,6001.200000000001,100.5,500.8,1663.2,0.0,371339.5,1012477.2,98427.0,3670.4,366861.0,0.0,3.0,8399.5,4.0,55.593,748.2,293.0,748.2,50.986999999999995,0.0,0.0,0.5,285.1,442.9,7975.200000000001,0.30000000000000004,0.3916208791208792,0.9999623848034606,6.425949420069422e-06,0.042922829217237224,6003.0,0.03342532467532468,0.0890767307577832,13.458528951486699
2020-08-24,642,642,8651328.2,8282748.6,6140.1,102.60000000000001,503.0,1671.2,0.0,371395.4,1021696.2000000001,99154.9,3670.8,366912.2,0.0,3.0,9219.0,4.0,55.855000000000004,728.0,285.1,728.0,51.272999999999996,0.0,0.0,0.5,312.90000000000003,486.20000000000005,8753.199999999999,0.30000000000000004,0.3915655112001001,0.9999657279945166,6.456234084380247e-06,0.04292929263740105,6003.0,0.03342209191000479,0.07896735003796507,13.03374809775311
2020-08-25,645,645,8651327.6,8282688.6,6371.299999999999,106.5,505.1,1679.3,0.0,371451.5,1031004.7999999999,99954.0,3671.3999999999996,366963.8,0.0,3.0,9308.5,4.0,56.10600000000001,799.0,312.90000000000003,799.0,51.556,0.0,0.0,0.5,316.0,490.90000000000003,8838.2,0.30000000000000004,0.3916222580245383,0.9999660575889575,6.485247420291888e-06,0.042935780168583605,6006.0,0.03341034955040791,0.08583552666917334,14.240901151392006
2020-08-26,648,648,8651327.2,8282628.199999999,6551.7,109.5,507.3,1687.3,0.0,371507.8,1040456.8999999999,100760.9,3671.8,367015.7,0.0,3.0,9452.0,4.0,56.358,806.8,316.0,806.8,51.836000000000006,0.0,0.0,0.5,320.90000000000003,498.5,8974.5,0.30000000000000004,0.39162802050280693,0.9999665730712662,6.5143761988334e-06,0.042942289825773784,6009.0,0.033401292004978364,0.08535759627592043,14.315625110898187
2020-08-27,651,651,8651326.7,8282567.6,6725.200000000001,112.5,509.40000000000003,1695.3000000000002,0.0,371564.5,1050266.3,101580.1,3672.3,367067.7,0.0,3.0,9809.4,4.0,56.606,819.4,320.90000000000003,819.4,52.108000000000004,0.0,0.0,0.5,333.0,517.3,9313.8,0.30000000000000004,0.39162648477008116,0.9999677907688345,6.543042698872996e-06,0.04294884621569083,6009.0,0.03338996047897127,0.08353212225008665,14.475497297106314
2020-08-28,654,654,8651326.2,8282506.7,6920.900000000001,115.80000000000001,511.5,1703.3,0.0,371621.3,1060423.2,102430.5,3672.8,367120.1,0.0,3.0,10156.9,4.0,56.858999999999995,850.3,333.0,850.3,52.383,0.0,0.0,0.5,344.9,535.7,9643.7,0.30000000000000004,0.39166477401771516,0.9999688925756948,6.57228714829872e-06,0.04295541416528717,6012.0,0.0333816708741854,0.08371648829859504,14.954536660862837
2020-08-29,657,657,8651325.7,8282445.6,7136.8,119.39999999999999,513.6,1711.3,0.0,371678.4,1070900.0,103311.1,3673.3,367172.8,0.0,3.0,10476.8,4.0,57.096000000000004,880.6,344.9,880.6,52.654,0.0,0.0,0.5,355.79999999999995,552.5,9947.3,0.30000000000000004,0.3917207970934713,0.999969841971933,6.599682173565608e-06,0.04296201679240906,6015.0,0.033364109156781396,0.08405238240684179,15.423146980524029
2020-08-30,660,660,8651325.2,8282384.199999999,7330.0,122.69999999999999,515.6999999999999,1719.3000000000002,0.0,371735.7,1081533.2000000002,104219.4,3673.8,367225.8,0.0,3.0,10633.3,4.0,57.338,908.3,355.79999999999995,908.3,52.922,0.0,0.0,0.5,361.09999999999997,560.7,10095.8,0.30000000000000004,0.391733564764591,0.9999702855558088,6.6276551481384615e-06,0.04296864253813971,6015.0,0.033349619031000984,0.0854203304712554,15.841152464334296
2020-08-31,663,663,8651324.8,8282322.699999999,7536.0,126.0,517.8,1727.1,0.0,371793.30000000005,1092631.8,105141.2,3674.2,367278.89999999997,0.0,3.0,11098.6,4.0,57.583,921.9000000000001,361.09999999999997,921.9000000000001,53.19,0.0,0.0,0.5,377.0,585.4,10537.6,0.30000000000000004,0.39172901080631756,0.9999715313297717,6.6559748167124636e-06,0.04297530246465836,6018.0,0.03334086040182966,0.08306453066152489,16.009933487313965
2020-09-01,666,666,8651324.2,8282260.800000001,7752.1,129.60000000000002,519.8,1735.0,0.0,371851.0,1103657.2,106103.5,3674.8,367332.3,0.0,3.0,11025.3,4.0,57.821,962.3,377.0,962.3,53.456,0.0,0.0,0.5,374.5,581.4000000000001,10468.0,0.30000000000000004,0.39177738257139866,0.9999713420517181,6.683485517743053e-06,0.04298197494436748,6033.0,0.03332622478386167,0.08728107171686939,16.64274225627367
2020-09-02,669,669,8651323.7,8282198.799999999,7981.8,133.5,521.8,1742.7,0.0,371909.1,1114861.0,107059.4,3675.3,367386.1,0.0,3.0,11203.9,4.0,58.054,956.0,374.5,956.0,53.72,0.0,0.0,0.5,380.6,590.8,10637.5,0.30000000000000004,0.39180564134239243,0.9999717986801783,6.710418198778068e-06,0.04298869316379874,6033.0,0.0333126757330579,0.0853274306268353,16.467426878423534
2020-09-03,672,672,8651323.3,8282136.5,8156.7,136.5,523.9,1750.6,0.0,371967.5,1126317.6,108031.0,3675.7,367440.2,0.0,3.0,11456.599999999999,4.0,58.291,971.5,380.6,971.5,53.985,0.0,0.0,0.5,389.3,604.1,10877.4,0.4,0.39188645057378696,0.9999632278585744,6.737813162062732e-06,0.042995445563801776,6039.0,0.03329772649377356,0.08479828221287294,16.66638074488343
2020-09-04,675,675,8651322.7,8282074.1,8345.6,139.5,525.9,1758.3,0.0,372025.9,1138008.2000000002,109024.5,3676.3,367494.4,0.0,3.0,11690.7,4.0,58.522999999999996,993.5,389.3,993.5,54.256,0.0,0.0,0.5,397.3,616.5,11099.6,0.4,0.39189189189189194,0.999963963963964,6.7646303379713255e-06,0.0430021989585477,6039.0,0.03328385372234544,0.08498207977281086,16.976231567076194
2020-09-05,678,678,8651322.2,8282011.300000001,8542.4,142.8,527.9,1766.0,0.0,372084.69999999995,1149834.0,110038.2,3676.8,367548.8,0.0,3.0,11825.9,4.0,58.752,1013.8000000000001,397.3,1013.8000000000001,54.522999999999996,0.0,0.0,0.5,401.9,623.6,11228.0,0.4,0.3919063871282301,0.9999643760464537,6.791100671293922e-06,0.0430089980928002,6039.0,0.03326840317100793,0.08572709053856367,17.255582788671024
2020-09-06,681,681,8651321.7,8281948.300000001,8720.4,145.8,529.9,1773.8,0.0,372143.7,1161305.5,111063.79999999999,3677.2999999999997,367603.6,0.0,3.0,11471.3,4.0,58.978,1025.6000000000001,401.9,1025.6000000000001,54.782000000000004,0.0,0.0,0.5,389.9,604.9,10891.3,0.4,0.39193807800562924,0.9999632747872234,6.817224239852277e-06,0.04301582034569354,6039.0,0.03324952080279626,0.08940573431084535,17.389535080877618
2020-09-07,684,684,8651321.2,8281885.1,8837.3,147.89999999999998,532.0,1781.4,0.0,372203.0,1172525.8,112058.70000000001,3677.8,367658.7,0.0,3.0,11220.2,4.0,59.211,994.9000000000001,389.9,994.9000000000001,55.042,0.0,0.0,0.5,381.5,591.7,10652.9,0.4,0.39200575421290584,0.9999624529488516,6.844156936399495e-06,0.04302267727615986,6042.0,0.033238464129336474,0.08867043368210906,16.80262113458648
2020-09-08,687,687,8651320.6,8281821.600000001,8904.699999999999,149.10000000000002,534.1999999999999,1788.9,0.0,372262.30000000005,1184577.5,113031.90000000001,3678.4,367713.9,0.0,3.0,12051.7,4.0,59.441,973.1,381.5,973.1,55.299,0.0,0.0,0.5,409.79999999999995,635.6,11442.4,0.4,0.392003061029271,0.9999650435208166,6.870742947614264e-06,0.04302953470479409,6054.0,0.0332276818156409,0.08074379548113544,16.37085513366195
2020-09-09,690,690,8651320.1,8281758.0,9030.9,151.2,536.1999999999999,1796.5,0.0,372322.0,1196675.9000000001,114077.1,3678.8999999999996,367769.6,0.0,3.0,12098.5,4.0,59.667,1045.3999999999999,409.79999999999995,1045.3999999999999,55.550000000000004,0.0,0.0,0.5,411.5,638.1,11486.7,0.4,0.39205411585365857,0.999965178330475,6.896866525606884e-06,0.043036437872643274,6057.0,0.033212913999443365,0.08640740587676157,17.520572510768094
2020-09-10,693,693,8651319.5,8281694.100000001,9120.9,152.7,538.3,1804.1,0.0,372381.9,1208718.5999999999,115126.6,3679.5,367825.3,0.0,3.0,12042.8,4.0,59.894,1049.4,411.5,1049.4,55.79900000000001,0.0,0.0,0.6000000000000001,409.5,635.1,11433.7,0.4,0.3920160827110856,0.9999650169230635,6.9231057759455074e-06,0.043043364656686185,6060.0,0.03319882489884153,0.08713920350748997,17.520953684843224
2020-09-11,696,696,8651319.0,8281630.0,9212.0,154.2,540.4,1811.6999999999998,0.0,372442.1,1220803.7,116171.2,3680.0,367881.4,0.0,3.0,12085.0,4.0,60.131,1044.6,409.5,1044.6,56.045,0.0,0.0,0.6000000000000001,411.0,637.4,11473.9,0.4,0.3920259442960702,0.9999651394856331,6.95050084270387e-06,0.04305032562086775,6060.0,0.03319037368217696,0.08643773272652047,17.372070978363904
2020-09-12,699,699,8651318.4,8281565.5,9291.199999999999,155.39999999999998,542.5,1819.1999999999998,0.0,372502.4,1233329.6,117219.5,3680.6000000000004,367937.7,0.0,3.0,12526.0,4.0,60.375,1048.3,411.0,1048.3,56.295,0.0,0.0,0.6000000000000001,426.2,660.5,11892.5,0.4,0.3921965583877795,0.9999663664875682,6.9787051185169645e-06,0.043057298642482054,6060.0,0.033187664907651716,0.08368992495609133,17.363146997929604
2020-09-13,702,702,8651317.9,8281500.9,9386.9,157.2,544.5999999999999,1826.8000000000002,0.0,372563.1,1244951.3,118306.2,3681.1,367994.2,0.0,3.0,11621.6,4.0,60.608000000000004,1086.7,426.2,1086.7,56.528999999999996,0.0,0.0,0.6000000000000001,395.4,612.9,11033.900000000001,0.4,0.39214519488247546,0.9999637493995994,7.005637834670253e-06,0.04306431740301671,6063.0,0.03317714035471863,0.09350691815240586,17.929976240760297
2020-09-14,705,705,8651317.4,8281436.1,9384.1,156.89999999999998,546.9,1834.3,0.0,372624.0,1256213.4,119314.4,3681.6,368051.0,0.0,3.0,11262.199999999999,4.0,60.844,1008.3000000000001,395.4,1008.3000000000001,56.769999999999996,0.0,0.0,0.6000000000000001,383.2,593.9,10692.6,0.4,0.3921809436086378,0.9999625923501356,7.032917321932957e-06,0.043071359282229084,6075.0,0.03317014664994821,0.08952957681447676,16.57188876470975
2020-09-15,708,708,8651316.799999999,8281371.1,9338.0,156.3,549.1999999999999,1841.8000000000002,0.0,372684.9,1268123.2,120291.5,3682.2,368108.0,0.0,3.0,11909.699999999999,4.0,61.08200000000001,977.1,383.2,977.1,57.010999999999996,0.0,0.0,0.6000000000000001,405.29999999999995,628.1,11307.3,0.4,0.39220050319334226,0.9999646258744042,7.060428072637453e-06,0.04307840166019583,6084.0,0.03316429579758932,0.08204236882541123,15.996529255754558
2020-09-16,711,711,8651316.3,8281305.7,9378.1,156.89999999999998,551.3,1849.3000000000002,0.0,372746.30000000005,1279977.4000000001,121324.8,3682.7,368165.2,0.0,3.0,11854.1,4.0,61.31999999999999,1033.3,405.29999999999995,1033.3,57.24600000000001,0.0,0.0,0.6000000000000001,403.40000000000003,625.1,11254.5,0.4,0.3922216820612543,0.999964459924122,7.0879387452288604e-06,0.04308550133579095,6117.0,0.03315849240253068,0.08716815279101744,16.850945857795175
2020-09-17,714,714,8651315.7,8281240.1,9435.1,157.8,553.5,1856.8,0.0,372807.8,1291690.0,122353.4,3683.2999999999997,368222.8,0.0,3.0,11712.599999999999,4.0,61.55500000000001,1028.5,403.40000000000003,1028.5,57.479,0.0,0.0,0.6000000000000001,398.7,617.7,11120.1,0.4,0.39226682408500585,0.9999640303943168,7.115102735182813e-06,0.0430926130692468,6126.0,0.03315112020680742,0.08781141676485153,16.708634554463487
2020-09-18,717,717,8651315.2,8281174.3,9408.1,157.5,555.6999999999999,1864.4,0.0,372869.6,1303312.5,123369.7,3683.8,368280.4,0.0,3.0,11622.5,4.0,61.809,1016.3000000000001,398.7,1016.3000000000001,57.713,0.0,0.0,0.6000000000000001,395.59999999999997,612.9,11034.6,0.4,0.3922657411998017,0.9999637516991391,7.144462844215872e-06,0.043099758982310575,6135.0,0.03315222055352928,0.08744246074424608,16.442589266935236
2020-09-19,720,720,8651314.7,8281108.3,9368.9,156.89999999999998,558.0,1872.0,0.0,372931.6,1314762.1,124378.2,3684.3,368338.4,0.0,3.0,11449.599999999999,4.0,62.068,1008.5999999999999,395.59999999999997,1008.5999999999999,57.942,0.0,0.0,0.6000000000000001,389.8,603.8,10870.3,0.4,0.3923107890499195,0.9999632038415189,7.1744009034834905e-06,0.04310692801407398,6135.0,0.03315598290598291,0.08809041363890442,16.249919443191338
2020-09-20,723,723,8651314.1,8281042.0,9319.1,156.0,560.4,1879.5,0.0,372994.1,1326211.7,125371.8,3684.8999999999996,368396.5,0.0,3.0,11449.599999999999,4.0,62.313,993.6,389.8,993.6,58.169,0.0,0.0,0.6000000000000001,389.8,603.8,10870.3,0.4,0.3923107890499195,0.9999632038415189,7.202720798219545e-06,0.04311415533970729,6135.0,0.03315403032721469,0.08678032420346564,15.945308362620962
