days,compartment,population,susceptibles,total_isolated,total_infected,tested,total_infected_notisolated,total_confirmed,total_deaths,total_recovered,beta,susceptible_prop,new_tested,num_infected,num_isolated,num_isolated_infected,num_confirmed,num_recovered,num_deaths
0,Hospitals,50000.0,49900.0,0.0,100.0,0.0,100.0,0.0,0.0,0.0,0.0,1.0,0.0,100.0,0.0,0.0,0.0,0.0,0.0
1,Hospitals,50000.0,49800.0,0.0,869.9,0.0,869.9,0.0,0.0,0.0,0.0,1.0,0.0,769.9,0.0,0.0,0.0,0.0,0.0
2,Hospitals,50000.0,49030.1,0.0,2065.0,0.0,2065.0,17.4,0.0,0.0,0.0,1.0,1000.0,1195.1,17.4,17.4,17.4,0.0,0.0
3,Hospitals,50000.0,47835.0,17.4,3856.4,1000.0,3839.0,58.7,0.0,0.0,0.0,1.0,1000.0,1791.4,41.3,41.3,41.3,0.0,0.0
4,Hospitals,50000.0,46043.6,58.7,6462.3,2000.0,6403.6,135.5,0.0,0.0,0.0,0.9,1000.0,2605.9,76.8,76.8,76.8,0.0,0.0
5,Hospitals,50000.0,43437.7,135.5,10138.1,3000.0,10002.6,263.6,0.0,0.0,0.0,0.9,1000.0,3675.7,128.1,128.1,128.1,0.0,0.0
6,Hospitals,50000.0,39761.9,263.6,14994.4,4000.0,14730.8,463.6,0.0,0.0,0.0,0.8,1000.0,4856.3,200.1,200.1,200.1,0.0,0.0
7,Hospitals,50000.0,34905.6,463.6,21056.5,5000.0,20592.9,758.2,0.0,0.0,0.0,0.7,1000.0,6062.1,294.6,294.6,294.6,0.0,0.0
8,Hospitals,50000.0,28843.5,758.2,28111.2,6000.0,27352.9,1170.1,0.0,0.0,0.0,0.6,1000.0,7054.7,411.9,411.9,411.9,0.0,0.0
9,Hospitals,50000.0,21788.8,1170.1,35605.8,7000.0,34435.8,1717.1,0.0,0.0,0.0,0.4,1000.0,7494.7,547.1,547.1,547.1,0.0,0.0
10,Hospitals,49999.0,14294.2,1717.1,42547.8,8000.0,40830.7,2405.9,1.0,0.0,0.0,0.3,1000.0,7042.0,688.7,688.7,688.7,99.0,1.0
11,Hospitals,49991.3,7252.2,2405.9,47146.8,9000.0,44740.9,3222.5,8.7,99.0,0.0,0.1,1000.0,5368.8,816.6,816.6,816.6,762.2,7.7
12,Hospitals,49979.4,1883.3,3205.1,49059.5,10000.0,45854.4,4117.5,20.6,861.2,0.0,0.0,1000.0,3107.8,895.0,895.0,895.0,1183.2,12.0
13,Hospitals,49961.4,0.0,4058.8,48159.3,11000.0,44100.5,5034.9,38.6,2044.3,0.0,0.0,1000.0,891.2,917.5,917.5,917.5,1773.5,17.9
14,Hospitals,49935.4,0.0,4899.4,45553.3,12000.0,40653.9,5917.6,64.6,3817.8,0.0,0.0,1000.0,0.0,882.7,882.7,882.7,2579.9,26.1
15,Hospitals,49898.6,0.0,5654.1,41877.6,13000.0,36223.5,6731.7,101.4,6397.7,0.0,0.0,1000.0,0.0,814.1,814.1,814.1,3639.0,36.8
16,Hospitals,49850.1,0.0,6268.1,37021.3,14000.0,30753.1,7457.7,149.9,10036.7,0.0,0.0,1000.0,0.0,725.9,725.9,725.9,4807.7,48.6
17,Hospitals,49789.4,0.0,6699.5,30959.2,15000.0,24259.7,8074.6,210.6,14844.4,0.0,0.0,1000.0,0.0,616.9,616.9,616.9,6001.5,60.6
18,Hospitals,49718.9,0.0,6904.5,23904.5,16000.0,17000.0,8561.8,281.1,20845.9,0.0,0.0,1000.0,0.0,487.2,487.2,487.2,6984.1,70.5
19,Hospitals,49643.9,0.0,6844.7,16409.8,17000.0,9565.1,8903.8,356.1,27830.1,0.0,0.0,1000.0,0.0,341.9,341.9,341.9,7419.7,74.9
20,Hospitals,49573.5,0.0,6497.9,9367.8,18000.0,2869.9,9096.4,426.5,35249.8,0.0,0.0,1000.0,0.0,192.7,192.7,192.7,6971.6,70.4
21,Hospitals,49519.8,0.0,5874.0,3999.0,19000.0,0.0,9154.3,480.2,42221.4,0.0,0.0,1000.0,0.0,57.9,57.9,57.9,5315.1,53.7
22,Hospitals,49488.8,0.0,5036.9,891.2,20000.0,0.0,9154.3,511.2,47536.5,0.0,0.0,1000.0,0.0,0.0,0.0,0.0,3076.8,31.1
23,Hospitals,49479.8,0.0,4119.4,0.0,21000.0,0.0,9154.3,520.2,50613.2,0.0,0.0,1000.0,0.0,0.0,0.0,0.0,882.2,8.9
24,Hospitals,49479.8,0.0,3236.7,0.0,22000.0,0.0,9154.3,520.2,51495.5,0.0,0.0,1000.0,0.0,0.0,0.0,0.0,0.0,0.0
25,Hospitals,49479.8,0.0,2422.6,0.0,23000.0,0.0,9154.3,520.2,51495.5,0.0,0.0,1000.0,0.0,0.0,0.0,0.0,0.0,0.0
26,Hospitals,49479.8,0.0,1696.6,0.0,24000.0,0.0,9154.3,520.2,51495.5,0.0,0.0,1000.0,0.0,0.0,0.0,0.0,0.0,0.0
27,Hospitals,49479.8,0.0,1079.7,0.0,25000.0,0.0,9154.3,520.2,51495.5,0.0,0.0,1000.0,0.0,0.0,0.0,0.0,0.0,0.0
28,Hospitals,49479.8,0.0,592.5,0.0,26000.0,0.0,9154.3,520.2,51495.5,0.0,0.0,1000.0,0.0,0.0,0.0,0.0,0.0,0.0
29,Hospitals,49479.8,0.0,250.6,0.0,27000.0,0.0,9154.3,520.2,51495.5,0.0,0.0,1000.0,0.0,0.0,0.0,0.0,0.0,0.0
30,Hospitals,49479.8,0.0,57.9,0.0,28000.0,0.0,9154.3,520.2,51495.5,0.0,0.0,1000.0,0.0,0.0,0.0,0.0,0.0,0.0
31,Hospitals,49479.8,0.0,-0.0,0.0,29000.0,0.0,9154.3,520.2,51495.5,0.0,0.0,1000.0,0.0,0.0,0.0,0.0,0.0,0.0
32,Hospitals,49479.8,0.0,-0.0,0.0,30000.0,0.0,9154.3,520.2,51495.5,0.0,0.0,1000.0,0.0,0.0,0.0,0.0,0.0,0.0
33,Hospitals,49479.8,0.0,-0.0,0.0,31000.0,0.0,9154.3,520.2,51495.5,0.0,0.0,1000.0,0.0,0.0,0.0,0.0,0.0,0.0
34,Hospitals,49479.8,0.0,-0.0,0.0,32000.0,0.0,9154.3,520.2,51495.5,0.0,0.0,1000.0,0.0,0.0,0.0,0.0,0.0,0.0
35,Hospitals,49479.8,0.0,-0.0,0.0,33000.0,0.0,9154.3,520.2,51495.5,0.0,0.0,1000.0,0.0,0.0,0.0,0.0,0.0,0.0
36,Hospitals,49479.8,0.0,0.0,0.0,34000.0,0.0,9154.3,520.2,51495.5,0.0,0.0,1000.0,0.0,0.0,0.0,0.0,0.0,0.0
37,Hospitals,49479.8,0.0,0.0,0.0,35000.0,0.0,9154.3,520.2,51495.5,0.0,0.0,1000.0,0.0,0.0,0.0,0.0,0.0,0.0
38,Hospitals,49479.8,0.0,0.0,0.0,36000.0,0.0,9154.3,520.2,51495.5,0.0,0.0,1000.0,0.0,0.0,0.0,0.0,0.0,0.0
39,Hospitals,49479.8,0.0,0.0,0.0,37000.0,0.0,9154.3,520.2,51495.5,0.0,0.0,1000.0,0.0,0.0,0.0,0.0,0.0,0.0
40,Hospitals,49479.8,0.0,0.0,0.0,38000.0,0.0,9154.3,520.2,51495.5,0.0,0.0,1000.0,0.0,0.0,0.0,0.0,0.0,0.0
41,Hospitals,49479.8,0.0,0.0,0.0,39000.0,0.0,9154.3,520.2,51495.5,0.0,0.0,1000.0,0.0,0.0,0.0,0.0,0.0,0.0
42,Hospitals,49479.8,0.0,0.0,0.0,40000.0,0.0,9154.3,520.2,51495.5,0.0,0.0,1000.0,0.0,0.0,0.0,0.0,0.0,0.0
43,Hospitals,49479.8,0.0,0.0,0.0,41000.0,0.0,9154.3,520.2,51495.5,0.0,0.0,1000.0,0.0,0.0,0.0,0.0,0.0,0.0
44,Hospitals,49479.8,0.0,0.0,0.0,42000.0,0.0,9154.3,520.2,51495.5,0.0,0.0,1000.0,0.0,0.0,0.0,0.0,0.0,0.0
45,Hospitals,49479.8,0.0,0.0,0.0,43000.0,0.0,9154.3,520.2,51495.5,0.0,0.0,1000.0,0.0,0.0,0.0,0.0,0.0,0.0
46,Hospitals,49479.8,0.0,0.0,0.0,44000.0,0.0,9154.3,520.2,51495.5,0.0,0.0,1000.0,0.0,0.0,0.0,0.0,0.0,0.0
47,Hospitals,49479.8,0.0,0.0,0.0,45000.0,0.0,9154.3,520.2,51495.5,0.0,0.0,1000.0,0.0,0.0,0.0,0.0,0.0,0.0
48,Hospitals,49479.8,0.0,0.0,0.0,46000.0,0.0,9154.3,520.2,51495.5,0.0,0.0,1000.0,0.0,0.0,0.0,0.0,0.0,0.0
49,Hospitals,49479.8,0.0,0.0,0.0,47000.0,0.0,9154.3,520.2,51495.5,0.0,0.0,1000.0,0.0,0.0,0.0,0.0,0.0,0.0
50,Hospitals,49479.8,0.0,0.0,0.0,48000.0,0.0,9154.3,520.2,51495.5,0.0,0.0,1000.0,0.0,0.0,0.0,0.0,0.0,0.0
51,Hospitals,49479.8,0.0,0.0,0.0,49000.0,0.0,9154.3,520.2,51495.5,0.0,0.0,1000.0,0.0,0.0,0.0,0.0,0.0,0.0
52,Hospitals,49479.8,0.0,0.0,0.0,50000.0,0.0,9154.3,520.2,51495.5,0.0,0.0,1000.0,0.0,0.0,0.0,0.0,0.0,0.0
53,Hospitals,49479.8,0.0,0.0,0.0,51000.0,0.0,9154.3,520.2,51495.5,0.0,0.0,1000.0,0.0,0.0,0.0,0.0,0.0,0.0
54,Hospitals,49479.8,0.0,0.0,0.0,52000.0,0.0,9154.3,520.2,51495.5,0.0,0.0,1000.0,0.0,0.0,0.0,0.0,0.0,0.0
55,Hospitals,49479.8,0.0,0.0,0.0,53000.0,0.0,9154.3,520.2,51495.5,0.0,0.0,1000.0,0.0,0.0,0.0,0.0,0.0,0.0
56,Hospitals,49479.8,0.0,0.0,0.0,54000.0,0.0,9154.3,520.2,51495.5,0.0,0.0,1000.0,0.0,0.0,0.0,0.0,0.0,0.0
57,Hospitals,49479.8,0.0,0.0,0.0,55000.0,0.0,9154.3,520.2,51495.5,0.0,0.0,1000.0,0.0,0.0,0.0,0.0,0.0,0.0
58,Hospitals,49479.8,0.0,0.0,0.0,56000.0,0.0,9154.3,520.2,51495.5,0.0,0.0,1000.0,0.0,0.0,0.0,0.0,0.0,0.0
59,Hospitals,49479.8,0.0,0.0,0.0,57000.0,0.0,9154.3,520.2,51495.5,0.0,0.0,1000.0,0.0,0.0,0.0,0.0,0.0,0.0
60,Hospitals,49479.8,0.0,0.0,0.0,58000.0,0.0,9154.3,520.2,51495.5,0.0,0.0,1000.0,0.0,0.0,0.0,0.0,0.0,0.0
61,Hospitals,49479.8,0.0,0.0,0.0,59000.0,0.0,9154.3,520.2,51495.5,0.0,0.0,1000.0,0.0,0.0,0.0,0.0,0.0,0.0
62,Hospitals,49479.8,0.0,0.0,0.0,60000.0,0.0,9154.3,520.2,51495.5,0.0,0.0,1000.0,0.0,0.0,0.0,0.0,0.0,0.0
63,Hospitals,49479.8,0.0,0.0,0.0,61000.0,0.0,9154.3,520.2,51495.5,0.0,0.0,1000.0,0.0,0.0,0.0,0.0,0.0,0.0
64,Hospitals,49479.8,0.0,0.0,0.0,62000.0,0.0,9154.3,520.2,51495.5,0.0,0.0,1000.0,0.0,0.0,0.0,0.0,0.0,0.0
65,Hospitals,49479.8,0.0,0.0,0.0,63000.0,0.0,9154.3,520.2,51495.5,0.0,0.0,1000.0,0.0,0.0,0.0,0.0,0.0,0.0
66,Hospitals,49479.8,0.0,0.0,0.0,64000.0,0.0,9154.3,520.2,51495.5,0.0,0.0,1000.0,0.0,0.0,0.0,0.0,0.0,0.0
67,Hospitals,49479.8,0.0,0.0,0.0,65000.0,0.0,9154.3,520.2,51495.5,0.0,0.0,1000.0,0.0,0.0,0.0,0.0,0.0,0.0
68,Hospitals,49479.8,0.0,0.0,0.0,66000.0,0.0,9154.3,520.2,51495.5,0.0,0.0,1000.0,0.0,0.0,0.0,0.0,0.0,0.0
69,Hospitals,49479.8,0.0,0.0,0.0,67000.0,0.0,9154.3,520.2,51495.5,0.0,0.0,1000.0,0.0,0.0,0.0,0.0,0.0,0.0
70,Hospitals,49479.8,0.0,0.0,0.0,68000.0,0.0,9154.3,520.2,51495.5,0.0,0.0,1000.0,0.0,0.0,0.0,0.0,0.0,0.0
71,Hospitals,49479.8,0.0,0.0,0.0,69000.0,0.0,9154.3,520.2,51495.5,0.0,0.0,1000.0,0.0,0.0,0.0,0.0,0.0,0.0
72,Hospitals,49479.8,0.0,0.0,0.0,70000.0,0.0,9154.3,520.2,51495.5,0.0,0.0,1000.0,0.0,0.0,0.0,0.0,0.0,0.0
73,Hospitals,49479.8,0.0,0.0,0.0,71000.0,0.0,9154.3,520.2,51495.5,0.0,0.0,1000.0,0.0,0.0,0.0,0.0,0.0,0.0
74,Hospitals,49479.8,0.0,0.0,0.0,72000.0,0.0,9154.3,520.2,51495.5,0.0,0.0,1000.0,0.0,0.0,0.0,0.0,0.0,0.0
75,Hospitals,49479.8,0.0,0.0,0.0,73000.0,0.0,9154.3,520.2,51495.5,0.0,0.0,1000.0,0.0,0.0,0.0,0.0,0.0,0.0
76,Hospitals,49479.8,0.0,0.0,0.0,74000.0,0.0,9154.3,520.2,51495.5,0.0,0.0,1000.0,0.0,0.0,0.0,0.0,0.0,0.0
77,Hospitals,49479.8,0.0,0.0,0.0,75000.0,0.0,9154.3,520.2,51495.5,0.0,0.0,1000.0,0.0,0.0,0.0,0.0,0.0,0.0
78,Hospitals,49479.8,0.0,0.0,0.0,76000.0,0.0,9154.3,520.2,51495.5,0.0,0.0,1000.0,0.0,0.0,0.0,0.0,0.0,0.0
79,Hospitals,49479.8,0.0,0.0,0.0,77000.0,0.0,9154.3,520.2,51495.5,0.0,0.0,1000.0,0.0,0.0,0.0,0.0,0.0,0.0
80,Hospitals,49479.8,0.0,0.0,0.0,78000.0,0.0,9154.3,520.2,51495.5,0.0,0.0,1000.0,0.0,0.0,0.0,0.0,0.0,0.0
81,Hospitals,49479.8,0.0,0.0,0.0,79000.0,0.0,9154.3,520.2,51495.5,0.0,0.0,1000.0,0.0,0.0,0.0,0.0,0.0,0.0
82,Hospitals,49479.8,0.0,0.0,0.0,80000.0,0.0,9154.3,520.2,51495.5,0.0,0.0,1000.0,0.0,0.0,0.0,0.0,0.0,0.0
83,Hospitals,49479.8,0.0,0.0,0.0,81000.0,0.0,9154.3,520.2,51495.5,0.0,0.0,1000.0,0.0,0.0,0.0,0.0,0.0,0.0
84,Hospitals,49479.8,0.0,0.0,0.0,82000.0,0.0,9154.3,520.2,51495.5,0.0,0.0,1000.0,0.0,0.0,0.0,0.0,0.0,0.0
85,Hospitals,49479.8,0.0,0.0,0.0,83000.0,0.0,9154.3,520.2,51495.5,0.0,0.0,1000.0,0.0,0.0,0.0,0.0,0.0,0.0
86,Hospitals,49479.8,0.0,0.0,0.0,84000.0,0.0,9154.3,520.2,51495.5,0.0,0.0,1000.0,0.0,0.0,0.0,0.0,0.0,0.0
87,Hospitals,49479.8,0.0,0.0,0.0,85000.0,0.0,9154.3,520.2,51495.5,0.0,0.0,1000.0,0.0,0.0,0.0,0.0,0.0,0.0
88,Hospitals,49479.8,0.0,0.0,0.0,86000.0,0.0,9154.3,520.2,51495.5,0.0,0.0,1000.0,0.0,0.0,0.0,0.0,0.0,0.0
89,Hospitals,49479.8,0.0,0.0,0.0,87000.0,0.0,9154.3,520.2,51495.5,0.0,0.0,1000.0,0.0,0.0,0.0,0.0,0.0,0.0
90,Hospitals,49479.8,0.0,0.0,0.0,88000.0,0.0,9154.3,520.2,51495.5,0.0,0.0,1000.0,0.0,0.0,0.0,0.0,0.0,0.0
91,Hospitals,49479.8,0.0,0.0,0.0,89000.0,0.0,9154.3,520.2,51495.5,0.0,0.0,1000.0,0.0,0.0,0.0,0.0,0.0,0.0
92,Hospitals,49479.8,0.0,0.0,0.0,90000.0,0.0,9154.3,520.2,51495.5,0.0,0.0,1000.0,0.0,0.0,0.0,0.0,0.0,0.0
93,Hospitals,49479.8,0.0,0.0,0.0,91000.0,0.0,9154.3,520.2,51495.5,0.0,0.0,1000.0,0.0,0.0,0.0,0.0,0.0,0.0
94,Hospitals,49479.8,0.0,0.0,0.0,92000.0,0.0,9154.3,520.2,51495.5,0.0,0.0,1000.0,0.0,0.0,0.0,0.0,0.0,0.0
95,Hospitals,49479.8,0.0,0.0,0.0,93000.0,0.0,9154.3,520.2,51495.5,0.0,0.0,1000.0,0.0,0.0,0.0,0.0,0.0,0.0
96,Hospitals,49479.8,0.0,0.0,0.0,94000.0,0.0,9154.3,520.2,51495.5,0.0,0.0,1000.0,0.0,0.0,0.0,0.0,0.0,0.0
97,Hospitals,49479.8,0.0,0.0,0.0,95000.0,0.0,9154.3,520.2,51495.5,0.0,0.0,1000.0,0.0,0.0,0.0,0.0,0.0,0.0
98,Hospitals,49479.8,0.0,0.0,0.0,96000.0,0.0,9154.3,520.2,51495.5,0.0,0.0,1000.0,0.0,0.0,0.0,0.0,0.0,0.0
99,Hospitals,49479.8,0.0,0.0,0.0,97000.0,0.0,9154.3,520.2,51495.5,0.0,0.0,1000.0,0.0,0.0,0.0,0.0,0.0,0.0
0,Other high contact,4800000.0,4795000.0,0.0,5000.0,0.0,5000.0,0.0,0.0,0.0,0.0,1.0,0.0,5000.0,0.0,0.0,0.0,0.0,0.0
1,Other high contact,4800000.0,4790000.0,0.0,6778.6,0.0,6778.6,0.0,0.0,0.0,0.0,1.0,0.0,1778.6,0.0,0.0,0.0,0.0,0.0
2,Other high contact,4800000.0,4788221.4,0.0,9189.8,0.0,9189.8,0.0,0.0,0.0,0.0,1.0,0.0,2411.2,0.0,0.0,0.0,0.0,0.0
3,Other high contact,4800000.0,4785810.2,0.0,12475.1,0.0,12475.1,0.0,0.0,0.0,0.0,1.0,0.0,3285.4,0.0,0.0,0.0,0.0,0.0
4,Other high contact,4800000.0,4782524.9,0.0,16963.5,0.0,16963.5,0.0,0.0,0.0,0.0,1.0,0.0,4488.4,0.0,0.0,0.0,0.0,0.0
5,Other high contact,4800000.0,4778036.5,0.0,23106.4,0.0,23106.4,0.0,0.0,0.0,0.0,1.0,0.0,6142.9,0.0,0.0,0.0,0.0,0.0
6,Other high contact,4800000.0,4771893.6,0.0,31279.2,0.0,31279.2,0.0,0.0,0.0,0.0,1.0,0.0,8172.8,0.0,0.0,0.0,0.0,0.0
7,Other high contact,4800000.0,4763720.8,0.0,42050.6,0.0,42050.6,0.0,0.0,0.0,0.0,1.0,0.0,10771.4,0.0,0.0,0.0,0.0,0.0
8,Other high contact,4800000.0,4752949.4,0.0,56087.6,0.0,56087.6,0.0,0.0,0.0,0.0,1.0,0.0,14037.0,0.0,0.0,0.0,0.0,0.0
9,Other high contact,4800000.0,4738912.4,0.0,74139.9,0.0,74139.9,0.0,0.0,0.0,0.0,1.0,0.0,18052.3,0.0,0.0,0.0,0.0,0.0
10,Other high contact,4799950.0,4720860.1,0.0,92010.3,0.0,92010.3,0.0,50.0,0.0,0.0,1.0,0.0,22870.4,0.0,0.0,0.0,4950.0,50.0
11,Other high contact,4799932.2,4697989.7,0.0,117287.2,0.0,117287.2,0.0,67.8,4950.0,0.0,1.0,0.0,27055.5,0.0,0.0,0.0,1760.8,17.8
12,Other high contact,4799908.1,4670934.2,0.0,147537.6,0.0,147537.6,0.0,91.9,6710.8,0.0,1.0,0.0,32661.5,0.0,0.0,0.0,2387.1,24.1
13,Other high contact,4799875.2,4638272.7,0.0,182979.3,0.0,182979.3,0.0,124.8,9097.9,0.0,1.0,0.0,38727.2,0.0,0.0,0.0,3252.5,32.9
14,Other high contact,4799830.4,4599545.5,0.0,223628.4,0.0,223628.4,0.0,169.6,12350.4,0.0,1.0,0.0,45137.4,0.0,0.0,0.0,4443.5,44.9
15,Other high contact,4799768.9,4554408.1,0.0,269285.0,0.0,269285.0,0.0,231.1,16793.9,0.0,0.9,0.0,51799.5,0.0,0.0,0.0,6081.5,61.4
16,Other high contact,4799687.2,4502608.6,0.0,319653.6,0.0,319653.6,0.0,312.8,22875.3,0.0,0.9,0.0,58541.3,0.0,0.0,0.0,8091.0,81.7
17,Other high contact,4799579.5,4444067.2,0.0,374020.2,0.0,374020.2,0.0,420.5,30966.4,0.0,0.9,0.0,65138.1,0.0,0.0,0.0,10663.7,107.7
18,Other high contact,4799439.1,4378929.2,0.0,431293.3,0.0,431293.3,0.0,560.9,41630.1,0.0,0.9,0.0,71310.1,0.0,0.0,0.0,13896.6,140.4
19,Other high contact,4799258.6,4307619.1,0.0,490005.0,0.0,490005.0,0.0,741.4,55526.7,0.0,0.9,0.0,76764.0,0.0,0.0,0.0,17871.8,180.5
20,Other high contact,4799029.9,4230855.1,0.0,548353.9,0.0,548353.9,0.0,970.1,73398.5,0.0,0.9,0.0,81219.3,0.0,0.0,0.0,22641.7,228.7
21,Other high contact,4798759.3,4149635.8,0.0,605731.0,0.0,605731.0,0.0,1240.7,96040.2,0.0,0.9,0.0,84432.6,0.0,0.0,0.0,26784.9,270.6
22,Other high contact,4798432.7,4065203.2,0.0,659567.1,0.0,659567.1,0.0,1567.3,122825.1,0.0,0.8,0.0,86497.6,0.0,0.0,0.0,32334.9,326.6
23,Other high contact,4798045.5,3978705.6,0.0,707957.8,0.0,707957.8,0.0,1954.5,155160.1,0.0,0.8,0.0,87117.9,0.0,0.0,0.0,38339.9,387.3
24,Other high contact,4797594.1,3891587.7,0.0,748958.6,0.0,748958.6,0.0,2405.9,193499.9,0.0,0.8,0.0,86138.2,0.0,0.0,0.0,44686.0,451.4
25,Other high contact,4797076.1,3805449.5,0.0,780746.6,0.0,780746.6,0.0,2923.9,238186.0,0.0,0.8,0.0,83587.6,0.0,0.0,0.0,51281.5,518.0
26,Other high contact,4796490.7,3721861.9,0.0,801778.7,0.0,801778.7,0.0,3509.3,289467.5,0.0,0.8,0.0,79573.4,0.0,0.0,0.0,57955.9,585.4
27,Other high contact,4795839.3,3642288.5,0.0,810916.0,0.0,810916.0,0.0,4160.7,347423.4,0.0,0.8,0.0,74275.4,0.0,0.0,0.0,64486.7,651.4
28,Other high contact,4795126.2,3568013.2,0.0,807537.9,0.0,807537.9,0.0,4873.8,411910.1,0.0,0.7,0.0,67932.0,0.0,0.0,0.0,70597.0,713.1
29,Other high contact,4794358.6,3500081.2,0.0,791596.4,0.0,791596.4,0.0,5641.4,482507.1,0.0,0.7,0.0,60822.5,0.0,0.0,0.0,75996.4,767.6
30,Other high contact,4793546.4,3439258.7,0.0,763621.9,0.0,763621.9,0.0,6453.6,558503.5,0.0,0.7,0.0,53244.8,0.0,0.0,0.0,80407.1,812.2
31,Other high contact,4792702.0,3386013.8,0.0,724683.6,0.0,724683.6,0.0,7298.0,638910.6,0.0,0.7,0.0,45494.3,0.0,0.0,0.0,83588.3,844.3
32,Other high contact,4791837.1,3340519.6,0.0,676032.3,0.0,676032.3,0.0,8162.9,722498.8,0.0,0.7,0.0,37846.3,0.0,0.0,0.0,85632.6,865.0
33,Other high contact,4790965.9,3302673.3,0.0,619444.5,0.0,619444.5,0.0,9034.1,808131.4,0.0,0.7,0.0,30530.1,0.0,0.0,0.0,86246.7,871.2
34,Other high contact,4790104.5,3272143.2,0.0,557054.2,0.0,557054.2,0.0,9895.5,894378.2,0.0,0.7,0.0,23747.9,0.0,0.0,0.0,85276.8,861.4
35,Other high contact,4789268.6,3248395.3,0.0,491129.5,0.0,491129.5,0.0,10731.4,979655.0,0.0,0.7,0.0,17662.9,0.0,0.0,0.0,82751.7,835.9
36,Other high contact,4788472.9,3230732.4,0.0,423944.8,0.0,423944.8,0.0,11527.1,1062406.7,0.0,0.7,0.0,12388.7,0.0,0.0,0.0,78777.7,795.7
37,Other high contact,4787730.1,3218343.7,0.0,357659.5,0.0,357659.5,0.0,12269.9,1141184.3,0.0,0.7,0.0,7990.0,0.0,0.0,0.0,73532.6,742.8
38,Other high contact,4787050.8,3210353.7,0.0,294211.2,0.0,294211.2,0.0,12949.2,1214716.9,0.0,0.7,0.0,4483.7,0.0,0.0,0.0,67252.7,679.3
39,Other high contact,4786442.6,3205870.0,0.0,235230.9,0.0,235230.9,0.0,13557.4,1281969.6,0.0,0.7,0.0,1842.3,0.0,0.0,0.0,60214.3,608.2
40,Other high contact,4785910.1,3204027.8,0.0,181986.1,0.0,181986.1,0.0,14089.9,1342183.9,0.0,0.7,0.0,0.0,0.0,0.0,0.0,52712.4,532.4
41,Other high contact,4785455.2,3204027.8,0.0,136491.8,0.0,136491.8,0.0,14544.8,1394896.3,0.0,0.7,0.0,0.0,0.0,0.0,0.0,45039.3,454.9
42,Other high contact,4785076.7,3204027.8,0.0,98645.5,0.0,98645.5,0.0,14923.3,1439935.6,0.0,0.7,0.0,0.0,0.0,0.0,0.0,37467.8,378.5
43,Other high contact,4784771.4,3204027.8,0.0,68115.5,0.0,68115.5,0.0,15228.6,1477403.4,0.0,0.7,0.0,0.0,0.0,0.0,0.0,30224.8,305.3
44,Other high contact,4784534.0,3204027.8,0.0,44367.5,0.0,44367.5,0.0,15466.0,1507628.2,0.0,0.7,0.0,0.0,0.0,0.0,0.0,23510.4,237.5
45,Other high contact,4784357.3,3204027.8,0.0,26704.7,0.0,26704.7,0.0,15642.7,1531138.7,0.0,0.7,0.0,0.0,0.0,0.0,0.0,17486.2,176.6
46,Other high contact,4784233.4,3204027.8,0.0,14316.0,0.0,14316.0,0.0,15766.6,1548624.9,0.0,0.7,0.0,0.0,0.0,0.0,0.0,12264.8,123.9
47,Other high contact,4784153.5,3204027.8,0.0,6325.9,0.0,6325.9,0.0,15846.5,1560889.7,0.0,0.7,0.0,0.0,0.0,0.0,0.0,7910.1,79.9
48,Other high contact,4784108.7,3204027.8,0.0,1842.3,0.0,1842.3,0.0,15891.3,1568799.8,0.0,0.7,0.0,0.0,0.0,0.0,0.0,4438.8,44.8
49,Other high contact,4784090.3,3204027.8,0.0,0.0,0.0,0.0,0.0,15909.7,1573238.7,0.0,0.7,0.0,0.0,0.0,0.0,0.0,1823.8,18.4
50,Other high contact,4784090.3,3204027.8,0.0,0.0,0.0,0.0,0.0,15909.7,1575062.5,0.0,0.7,0.0,0.0,0.0,0.0,0.0,0.0,0.0
51,Other high contact,4784090.3,3204027.8,0.0,0.0,0.0,0.0,0.0,15909.7,1575062.5,0.0,0.7,0.0,0.0,0.0,0.0,0.0,0.0,0.0
52,Other high contact,4784090.3,3204027.8,0.0,0.0,0.0,0.0,0.0,15909.7,1575062.5,0.0,0.7,0.0,0.0,0.0,0.0,0.0,0.0,0.0
53,Other high contact,4784090.3,3204027.8,0.0,0.0,0.0,0.0,0.0,15909.7,1575062.5,0.0,0.7,0.0,0.0,0.0,0.0,0.0,0.0,0.0
54,Other high contact,4784090.3,3204027.8,0.0,0.0,0.0,0.0,0.0,15909.7,1575062.5,0.0,0.7,0.0,0.0,0.0,0.0,0.0,0.0,0.0
55,Other high contact,4784090.3,3204027.8,0.0,0.0,0.0,0.0,0.0,15909.7,1575062.5,0.0,0.7,0.0,0.0,0.0,0.0,0.0,0.0,0.0
56,Other high contact,4784090.3,3204027.8,0.0,0.0,0.0,0.0,0.0,15909.7,1575062.5,0.0,0.7,0.0,0.0,0.0,0.0,0.0,0.0,0.0
57,Other high contact,4784090.3,3204027.8,0.0,0.0,0.0,0.0,0.0,15909.7,1575062.5,0.0,0.7,0.0,0.0,0.0,0.0,0.0,0.0,0.0
58,Other high contact,4784090.3,3204027.8,0.0,0.0,0.0,0.0,0.0,15909.7,1575062.5,0.0,0.7,0.0,0.0,0.0,0.0,0.0,0.0,0.0
59,Other high contact,4784090.3,3204027.8,0.0,0.0,0.0,0.0,0.0,15909.7,1575062.5,0.0,0.7,0.0,0.0,0.0,0.0,0.0,0.0,0.0
60,Other high contact,4784090.3,3204027.8,0.0,0.0,0.0,0.0,0.0,15909.7,1575062.5,0.0,0.7,0.0,0.0,0.0,0.0,0.0,0.0,0.0
61,Other high contact,4784090.3,3204027.8,0.0,0.0,0.0,0.0,0.0,15909.7,1575062.5,0.0,0.7,0.0,0.0,0.0,0.0,0.0,0.0,0.0
62,Other high contact,4784090.3,3204027.8,0.0,0.0,0.0,0.0,0.0,15909.7,1575062.5,0.0,0.7,0.0,0.0,0.0,0.0,0.0,0.0,0.0
63,Other high contact,4784090.3,3204027.8,0.0,0.0,0.0,0.0,0.0,15909.7,1575062.5,0.0,0.7,0.0,0.0,0.0,0.0,0.0,0.0,0.0
64,Other high contact,4784090.3,3204027.8,0.0,0.0,0.0,0.0,0.0,15909.7,1575062.5,0.0,0.7,0.0,0.0,0.0,0.0,0.0,0.0,0.0
65,Other high contact,4784090.3,3204027.8,0.0,0.0,0.0,0.0,0.0,15909.7,1575062.5,0.0,0.7,0.0,0.0,0.0,0.0,0.0,0.0,0.0
66,Other high contact,4784090.3,3204027.8,0.0,0.0,0.0,0.0,0.0,15909.7,1575062.5,0.0,0.7,0.0,0.0,0.0,0.0,0.0,0.0,0.0
67,Other high contact,4784090.3,3204027.8,0.0,0.0,0.0,0.0,0.0,15909.7,1575062.5,0.0,0.7,0.0,0.0,0.0,0.0,0.0,0.0,0.0
68,Other high contact,4784090.3,3204027.8,0.0,0.0,0.0,0.0,0.0,15909.7,1575062.5,0.0,0.7,0.0,0.0,0.0,0.0,0.0,0.0,0.0
69,Other high contact,4784090.3,3204027.8,0.0,0.0,0.0,0.0,0.0,15909.7,1575062.5,0.0,0.7,0.0,0.0,0.0,0.0,0.0,0.0,0.0
70,Other high contact,4784090.3,3204027.8,0.0,0.0,0.0,0.0,0.0,15909.7,1575062.5,0.0,0.7,0.0,0.0,0.0,0.0,0.0,0.0,0.0
71,Other high contact,4784090.3,3204027.8,0.0,0.0,0.0,0.0,0.0,15909.7,1575062.5,0.0,0.7,0.0,0.0,0.0,0.0,0.0,0.0,0.0
72,Other high contact,4784090.3,3204027.8,0.0,0.0,0.0,0.0,0.0,15909.7,1575062.5,0.0,0.7,0.0,0.0,0.0,0.0,0.0,0.0,0.0
73,Other high contact,4784090.3,3204027.8,0.0,0.0,0.0,0.0,0.0,15909.7,1575062.5,0.0,0.7,0.0,0.0,0.0,0.0,0.0,0.0,0.0
74,Other high contact,4784090.3,3204027.8,0.0,0.0,0.0,0.0,0.0,15909.7,1575062.5,0.0,0.7,0.0,0.0,0.0,0.0,0.0,0.0,0.0
75,Other high contact,4784090.3,3204027.8,0.0,0.0,0.0,0.0,0.0,15909.7,1575062.5,0.0,0.7,0.0,0.0,0.0,0.0,0.0,0.0,0.0
76,Other high contact,4784090.3,3204027.8,0.0,0.0,0.0,0.0,0.0,15909.7,1575062.5,0.0,0.7,0.0,0.0,0.0,0.0,0.0,0.0,0.0
77,Other high contact,4784090.3,3204027.8,0.0,0.0,0.0,0.0,0.0,15909.7,1575062.5,0.0,0.7,0.0,0.0,0.0,0.0,0.0,0.0,0.0
78,Other high contact,4784090.3,3204027.8,0.0,0.0,0.0,0.0,0.0,15909.7,1575062.5,0.0,0.7,0.0,0.0,0.0,0.0,0.0,0.0,0.0
79,Other high contact,4784090.3,3204027.8,0.0,0.0,0.0,0.0,0.0,15909.7,1575062.5,0.0,0.7,0.0,0.0,0.0,0.0,0.0,0.0,0.0
80,Other high contact,4784090.3,3204027.8,0.0,0.0,0.0,0.0,0.0,15909.7,1575062.5,0.0,0.7,0.0,0.0,0.0,0.0,0.0,0.0,0.0
81,Other high contact,4784090.3,3204027.8,0.0,0.0,0.0,0.0,0.0,15909.7,1575062.5,0.0,0.7,0.0,0.0,0.0,0.0,0.0,0.0,0.0
82,Other high contact,4784090.3,3204027.8,0.0,0.0,0.0,0.0,0.0,15909.7,1575062.5,0.0,0.7,0.0,0.0,0.0,0.0,0.0,0.0,0.0
83,Other high contact,4784090.3,3204027.8,0.0,0.0,0.0,0.0,0.0,15909.7,1575062.5,0.0,0.7,0.0,0.0,0.0,0.0,0.0,0.0,0.0
84,Other high contact,4784090.3,3204027.8,0.0,0.0,0.0,0.0,0.0,15909.7,1575062.5,0.0,0.7,0.0,0.0,0.0,0.0,0.0,0.0,0.0
85,Other high contact,4784090.3,3204027.8,0.0,0.0,0.0,0.0,0.0,15909.7,1575062.5,0.0,0.7,0.0,0.0,0.0,0.0,0.0,0.0,0.0
86,Other high contact,4784090.3,3204027.8,0.0,0.0,0.0,0.0,0.0,15909.7,1575062.5,0.0,0.7,0.0,0.0,0.0,0.0,0.0,0.0,0.0
87,Other high contact,4784090.3,3204027.8,0.0,0.0,0.0,0.0,0.0,15909.7,1575062.5,0.0,0.7,0.0,0.0,0.0,0.0,0.0,0.0,0.0
88,Other high contact,4784090.3,3204027.8,0.0,0.0,0.0,0.0,0.0,15909.7,1575062.5,0.0,0.7,0.0,0.0,0.0,0.0,0.0,0.0,0.0
89,Other high contact,4784090.3,3204027.8,0.0,0.0,0.0,0.0,0.0,15909.7,1575062.5,0.0,0.7,0.0,0.0,0.0,0.0,0.0,0.0,0.0
90,Other high contact,4784090.3,3204027.8,0.0,0.0,0.0,0.0,0.0,15909.7,1575062.5,0.0,0.7,0.0,0.0,0.0,0.0,0.0,0.0,0.0
91,Other high contact,4784090.3,3204027.8,0.0,0.0,0.0,0.0,0.0,15909.7,1575062.5,0.0,0.7,0.0,0.0,0.0,0.0,0.0,0.0,0.0
92,Other high contact,4784090.3,3204027.8,0.0,0.0,0.0,0.0,0.0,15909.7,1575062.5,0.0,0.7,0.0,0.0,0.0,0.0,0.0,0.0,0.0
93,Other high contact,4784090.3,3204027.8,0.0,0.0,0.0,0.0,0.0,15909.7,1575062.5,0.0,0.7,0.0,0.0,0.0,0.0,0.0,0.0,0.0
94,Other high contact,4784090.3,3204027.8,0.0,0.0,0.0,0.0,0.0,15909.7,1575062.5,0.0,0.7,0.0,0.0,0.0,0.0,0.0,0.0,0.0
95,Other high contact,4784090.3,3204027.8,0.0,0.0,0.0,0.0,0.0,15909.7,1575062.5,0.0,0.7,0.0,0.0,0.0,0.0,0.0,0.0,0.0
96,Other high contact,4784090.3,3204027.8,0.0,0.0,0.0,0.0,0.0,15909.7,1575062.5,0.0,0.7,0.0,0.0,0.0,0.0,0.0,0.0,0.0
97,Other high contact,4784090.3,3204027.8,0.0,0.0,0.0,0.0,0.0,15909.7,1575062.5,0.0,0.7,0.0,0.0,0.0,0.0,0.0,0.0,0.0
98,Other high contact,4784090.3,3204027.8,0.0,0.0,0.0,0.0,0.0,15909.7,1575062.5,0.0,0.7,0.0,0.0,0.0,0.0,0.0,0.0,0.0
99,Other high contact,4784090.3,3204027.8,0.0,0.0,0.0,0.0,0.0,15909.7,1575062.5,0.0,0.7,0.0,0.0,0.0,0.0,0.0,0.0,0.0
0,Rest of population,7200000.0,7196000.0,0.0,4000.0,0.0,4000.0,0.0,0.0,0.0,0.0,1.0,0.0,4000.0,0.0,0.0,0.0,0.0,0.0
1,Rest of population,7200000.0,7192000.0,0.0,4749.3,0.0,4749.3,0.0,0.0,0.0,0.0,1.0,0.0,749.3,0.0,0.0,0.0,0.0,0.0
2,Rest of population,7200000.0,7191250.7,0.0,5769.0,0.0,5769.0,0.0,0.0,0.0,0.0,1.0,0.0,1019.7,0.0,0.0,0.0,0.0,0.0
3,Rest of population,7200000.0,7190231.0,0.0,7169.1,0.0,7169.1,0.0,0.0,0.0,0.0,1.0,0.0,1400.0,0.0,0.0,0.0,0.0,0.0
4,Rest of population,7200000.0,7188830.9,0.0,9100.1,0.0,9100.1,0.0,0.0,0.0,0.0,1.0,0.0,1931.0,0.0,0.0,0.0,0.0,0.0
5,Rest of population,7200000.0,7186899.9,0.0,11769.3,0.0,11769.3,0.0,0.0,0.0,0.0,1.0,0.0,2669.2,0.0,0.0,0.0,0.0,0.0
6,Rest of population,7200000.0,7184230.7,0.0,15352.5,0.0,15352.5,0.0,0.0,0.0,0.0,1.0,0.0,3583.2,0.0,0.0,0.0,0.0,0.0
7,Rest of population,7200000.0,7180647.5,0.0,20106.0,0.0,20106.0,0.0,0.0,0.0,0.0,1.0,0.0,4753.5,0.0,0.0,0.0,0.0,0.0
8,Rest of population,7200000.0,7175894.0,0.0,26318.9,0.0,26318.9,0.0,0.0,0.0,0.0,1.0,0.0,6212.9,0.0,0.0,0.0,0.0,0.0
9,Rest of population,7200000.0,7169681.1,0.0,34296.9,0.0,34296.9,0.0,0.0,0.0,0.0,1.0,0.0,7978.0,0.0,0.0,0.0,0.0,0.0
10,Rest of population,7199960.0,7161703.1,0.0,40338.0,0.0,40338.0,0.0,40.0,0.0,0.0,1.0,0.0,10041.2,0.0,0.0,0.0,3960.0,40.0
11,Rest of population,7199952.5,7151662.0,0.0,51341.1,0.0,51341.1,0.0,47.5,3960.0,0.0,1.0,0.0,11752.4,0.0,0.0,0.0,741.8,7.5
12,Rest of population,7199942.3,7139909.6,0.0,64282.4,0.0,64282.4,0.0,57.7,4701.8,0.0,1.0,0.0,13960.9,0.0,0.0,0.0,1009.5,10.2
13,Rest of population,7199928.3,7125948.6,0.0,79113.4,0.0,79113.4,0.0,71.7,5711.3,0.0,1.0,0.0,16231.0,0.0,0.0,0.0,1386.0,14.0
14,Rest of population,7199909.0,7109717.6,0.0,95719.0,0.0,95719.0,0.0,91.0,7097.4,0.0,1.0,0.0,18536.6,0.0,0.0,0.0,1911.7,19.3
15,Rest of population,7199882.3,7091181.0,0.0,113957.9,0.0,113957.9,0.0,117.7,9009.1,0.0,1.0,0.0,20908.2,0.0,0.0,0.0,2642.5,26.7
16,Rest of population,7199846.5,7070272.8,0.0,133701.2,0.0,133701.2,0.0,153.5,11651.6,0.0,1.0,0.0,23326.5,0.0,0.0,0.0,3547.4,35.8
17,Rest of population,7199798.9,7046946.3,0.0,154671.2,0.0,154671.2,0.0,201.1,15199.0,0.0,1.0,0.0,25723.5,0.0,0.0,0.0,4705.9,47.5
18,Rest of population,7199736.8,7021222.8,0.0,176469.9,0.0,176469.9,0.0,263.2,19904.9,0.0,1.0,0.0,28011.6,0.0,0.0,0.0,6150.8,62.1
19,Rest of population,7199657.0,6993211.2,0.0,198592.7,0.0,198592.7,0.0,343.0,26055.7,0.0,1.0,0.0,30100.8,0.0,0.0,0.0,7898.2,79.8
20,Rest of population,7199556.6,6963110.4,0.0,220459.5,0.0,220459.5,0.0,443.4,33953.9,0.0,1.0,0.0,31907.9,0.0,0.0,0.0,9940.8,100.4
21,Rest of population,7199439.1,6931202.5,0.0,242067.9,0.0,242067.9,0.0,560.9,43894.7,0.0,1.0,0.0,33360.9,0.0,0.0,0.0,11634.9,117.5
22,Rest of population,7199299.5,6897841.6,0.0,262670.9,0.0,262670.9,0.0,700.5,55529.5,0.0,1.0,0.0,34563.9,0.0,0.0,0.0,13821.3,139.6
23,Rest of population,7199137.2,6863277.7,0.0,281779.5,0.0,281779.5,0.0,862.8,69350.9,0.0,1.0,0.0,35339.6,0.0,0.0,0.0,16068.7,162.3
24,Rest of population,7198951.8,6827938.1,0.0,298760.0,0.0,298760.0,0.0,1048.2,85419.6,0.0,0.9,0.0,35517.2,0.0,0.0,0.0,18351.3,185.4
25,Rest of population,7198742.7,6792420.9,0.0,312919.2,0.0,312919.2,0.0,1257.3,103770.8,0.0,0.9,0.0,35067.4,0.0,0.0,0.0,20699.1,209.1
26,Rest of population,7198509.5,6757353.5,0.0,323580.9,0.0,323580.9,0.0,1490.5,124470.0,0.0,0.9,0.0,33988.2,0.0,0.0,0.0,23093.2,233.3
27,Rest of population,7198252.2,6723365.4,0.0,330165.9,0.0,330165.9,0.0,1747.8,147563.2,0.0,0.9,0.0,32308.4,0.0,0.0,0.0,25466.3,257.2
28,Rest of population,7197972.1,6691056.9,0.0,332243.1,0.0,332243.1,0.0,2027.9,173029.4,0.0,0.9,0.0,30088.8,0.0,0.0,0.0,27731.4,280.1
29,Rest of population,7197671.1,6660968.1,0.0,329561.0,0.0,329561.0,0.0,2328.9,200760.9,0.0,0.9,0.0,27418.6,0.0,0.0,0.0,29799.8,301.0
30,Rest of population,7197352.0,6633549.5,0.0,322062.5,0.0,322062.5,0.0,2648.0,230560.7,0.0,0.9,0.0,24409.5,0.0,0.0,0.0,31588.9,319.1
31,Rest of population,7197018.4,6609140.0,0.0,309888.5,0.0,309888.5,0.0,2981.6,262149.5,0.0,0.9,0.0,21186.9,0.0,0.0,0.0,33027.3,333.6
32,Rest of population,7196672.8,6587953.1,0.0,293205.6,0.0,293205.6,0.0,3327.2,295176.8,0.0,0.9,0.0,17880.9,0.0,0.0,0.0,34218.2,345.6
33,Rest of population,7196319.4,6570072.2,0.0,272477.4,0.0,272477.4,0.0,3680.6,329395.0,0.0,0.9,0.0,14611.5,0.0,0.0,0.0,34986.2,353.4
34,Rest of population,7195964.2,6555460.7,0.0,248454.6,0.0,248454.6,0.0,4035.8,364381.3,0.0,0.9,0.0,11494.4,0.0,0.0,0.0,35162.0,355.2
35,Rest of population,7195613.5,6543966.3,0.0,222019.0,0.0,222019.0,0.0,4386.5,399543.3,0.0,0.9,0.0,8631.8,0.0,0.0,0.0,34716.7,350.7
36,Rest of population,7195273.7,6535334.5,0.0,194134.1,0.0,194134.1,0.0,4726.3,434260.0,0.0,0.9,0.0,6103.2,0.0,0.0,0.0,33648.3,339.9
37,Rest of population,7194950.6,6529231.3,0.0,165787.8,0.0,165787.8,0.0,5049.4,467908.3,0.0,0.9,0.0,3962.2,0.0,0.0,0.0,31985.4,323.1
38,Rest of population,7194649.7,6525269.1,0.0,137934.1,0.0,137934.1,0.0,5350.3,499893.6,0.0,0.9,0.0,2235.0,0.0,0.0,0.0,29787.9,300.9
39,Rest of population,7194375.5,6523034.1,0.0,111437.5,0.0,111437.5,0.0,5624.5,529681.6,0.0,0.9,0.0,922.1,0.0,0.0,0.0,27144.5,274.2
40,Rest of population,7194131.4,6522112.0,0.0,87028.0,0.0,87028.0,0.0,5868.6,556826.0,0.0,0.9,0.0,0.0,0.0,0.0,0.0,24165.4,244.1
41,Rest of population,7193919.5,6522112.0,0.0,65841.1,0.0,65841.1,0.0,6080.5,580991.4,0.0,0.9,0.0,0.0,0.0,0.0,0.0,20975.0,211.9
42,Rest of population,7193740.7,6522112.0,0.0,47960.2,0.0,47960.2,0.0,6259.3,601966.4,0.0,0.9,0.0,0.0,0.0,0.0,0.0,17702.1,178.8
43,Rest of population,7193594.6,6522112.0,0.0,33348.7,0.0,33348.7,0.0,6405.4,619668.6,0.0,0.9,0.0,0.0,0.0,0.0,0.0,14465.4,146.1
44,Rest of population,7193479.7,6522112.0,0.0,21854.3,0.0,21854.3,0.0,6520.3,634133.9,0.0,0.9,0.0,0.0,0.0,0.0,0.0,11379.4,114.9
45,Rest of population,7193393.3,6522112.0,0.0,13222.5,0.0,13222.5,0.0,6606.7,645513.4,0.0,0.9,0.0,0.0,0.0,0.0,0.0,8545.5,86.3
46,Rest of population,7193332.3,6522112.0,0.0,7119.3,0.0,7119.3,0.0,6667.7,654058.8,0.0,0.9,0.0,0.0,0.0,0.0,0.0,6042.2,61.0
47,Rest of population,7193292.7,6522112.0,0.0,3157.1,0.0,3157.1,0.0,6707.3,660101.1,0.0,0.9,0.0,0.0,0.0,0.0,0.0,3922.5,39.6
48,Rest of population,7193270.3,6522112.0,0.0,922.1,0.0,922.1,0.0,6729.7,664023.6,0.0,0.9,0.0,0.0,0.0,0.0,0.0,2212.7,22.4
49,Rest of population,7193261.1,6522112.0,0.0,0.0,0.0,0.0,0.0,6738.9,666236.3,0.0,0.9,0.0,0.0,0.0,0.0,0.0,912.9,9.2
50,Rest of population,7193261.1,6522112.0,0.0,0.0,0.0,0.0,0.0,6738.9,667149.1,0.0,0.9,0.0,0.0,0.0,0.0,0.0,0.0,0.0
51,Rest of population,7193261.1,6522112.0,0.0,0.0,0.0,0.0,0.0,6738.9,667149.1,0.0,0.9,0.0,0.0,0.0,0.0,0.0,0.0,0.0
52,Rest of population,7193261.1,6522112.0,0.0,0.0,0.0,0.0,0.0,6738.9,667149.1,0.0,0.9,0.0,0.0,0.0,0.0,0.0,0.0,0.0
53,Rest of population,7193261.1,6522112.0,0.0,0.0,0.0,0.0,0.0,6738.9,667149.1,0.0,0.9,0.0,0.0,0.0,0.0,0.0,0.0,0.0
54,Rest of population,7193261.1,6522112.0,0.0,0.0,0.0,0.0,0.0,6738.9,667149.1,0.0,0.9,0.0,0.0,0.0,0.0,0.0,0.0,0.0
55,Rest of population,7193261.1,6522112.0,0.0,0.0,0.0,0.0,0.0,6738.9,667149.1,0.0,0.9,0.0,0.0,0.0,0.0,0.0,0.0,0.0
56,Rest of population,7193261.1,6522112.0,0.0,0.0,0.0,0.0,0.0,6738.9,667149.1,0.0,0.9,0.0,0.0,0.0,0.0,0.0,0.0,0.0
57,Rest of population,7193261.1,6522112.0,0.0,0.0,0.0,0.0,0.0,6738.9,667149.1,0.0,0.9,0.0,0.0,0.0,0.0,0.0,0.0,0.0
58,Rest of population,7193261.1,6522112.0,0.0,0.0,0.0,0.0,0.0,6738.9,667149.1,0.0,0.9,0.0,0.0,0.0,0.0,0.0,0.0,0.0
59,Rest of population,7193261.1,6522112.0,0.0,0.0,0.0,0.0,0.0,6738.9,667149.1,0.0,0.9,0.0,0.0,0.0,0.0,0.0,0.0,0.0
60,Rest of population,7193261.1,6522112.0,0.0,0.0,0.0,0.0,0.0,6738.9,667149.1,0.0,0.9,0.0,0.0,0.0,0.0,0.0,0.0,0.0
61,Rest of population,7193261.1,6522112.0,0.0,0.0,0.0,0.0,0.0,6738.9,667149.1,0.0,0.9,0.0,0.0,0.0,0.0,0.0,0.0,0.0
62,Rest of population,7193261.1,6522112.0,0.0,0.0,0.0,0.0,0.0,6738.9,667149.1,0.0,0.9,0.0,0.0,0.0,0.0,0.0,0.0,0.0
63,Rest of population,7193261.1,6522112.0,0.0,0.0,0.0,0.0,0.0,6738.9,667149.1,0.0,0.9,0.0,0.0,0.0,0.0,0.0,0.0,0.0
64,Rest of population,7193261.1,6522112.0,0.0,0.0,0.0,0.0,0.0,6738.9,667149.1,0.0,0.9,0.0,0.0,0.0,0.0,0.0,0.0,0.0
65,Rest of population,7193261.1,6522112.0,0.0,0.0,0.0,0.0,0.0,6738.9,667149.1,0.0,0.9,0.0,0.0,0.0,0.0,0.0,0.0,0.0
66,Rest of population,7193261.1,6522112.0,0.0,0.0,0.0,0.0,0.0,6738.9,667149.1,0.0,0.9,0.0,0.0,0.0,0.0,0.0,0.0,0.0
67,Rest of population,7193261.1,6522112.0,0.0,0.0,0.0,0.0,0.0,6738.9,667149.1,0.0,0.9,0.0,0.0,0.0,0.0,0.0,0.0,0.0
68,Rest of population,7193261.1,6522112.0,0.0,0.0,0.0,0.0,0.0,6738.9,667149.1,0.0,0.9,0.0,0.0,0.0,0.0,0.0,0.0,0.0
69,Rest of population,7193261.1,6522112.0,0.0,0.0,0.0,0.0,0.0,6738.9,667149.1,0.0,0.9,0.0,0.0,0.0,0.0,0.0,0.0,0.0
70,Rest of population,7193261.1,6522112.0,0.0,0.0,0.0,0.0,0.0,6738.9,667149.1,0.0,0.9,0.0,0.0,0.0,0.0,0.0,0.0,0.0
71,Rest of population,7193261.1,6522112.0,0.0,0.0,0.0,0.0,0.0,6738.9,667149.1,0.0,0.9,0.0,0.0,0.0,0.0,0.0,0.0,0.0
72,Rest of population,7193261.1,6522112.0,0.0,0.0,0.0,0.0,0.0,6738.9,667149.1,0.0,0.9,0.0,0.0,0.0,0.0,0.0,0.0,0.0
73,Rest of population,7193261.1,6522112.0,0.0,0.0,0.0,0.0,0.0,6738.9,667149.1,0.0,0.9,0.0,0.0,0.0,0.0,0.0,0.0,0.0
74,Rest of population,7193261.1,6522112.0,0.0,0.0,0.0,0.0,0.0,6738.9,667149.1,0.0,0.9,0.0,0.0,0.0,0.0,0.0,0.0,0.0
75,Rest of population,7193261.1,6522112.0,0.0,0.0,0.0,0.0,0.0,6738.9,667149.1,0.0,0.9,0.0,0.0,0.0,0.0,0.0,0.0,0.0
76,Rest of population,7193261.1,6522112.0,0.0,0.0,0.0,0.0,0.0,6738.9,667149.1,0.0,0.9,0.0,0.0,0.0,0.0,0.0,0.0,0.0
77,Rest of population,7193261.1,6522112.0,0.0,0.0,0.0,0.0,0.0,6738.9,667149.1,0.0,0.9,0.0,0.0,0.0,0.0,0.0,0.0,0.0
78,Rest of population,7193261.1,6522112.0,0.0,0.0,0.0,0.0,0.0,6738.9,667149.1,0.0,0.9,0.0,0.0,0.0,0.0,0.0,0.0,0.0
79,Rest of population,7193261.1,6522112.0,0.0,0.0,0.0,0.0,0.0,6738.9,667149.1,0.0,0.9,0.0,0.0,0.0,0.0,0.0,0.0,0.0
80,Rest of population,7193261.1,6522112.0,0.0,0.0,0.0,0.0,0.0,6738.9,667149.1,0.0,0.9,0.0,0.0,0.0,0.0,0.0,0.0,0.0
81,Rest of population,7193261.1,6522112.0,0.0,0.0,0.0,0.0,0.0,6738.9,667149.1,0.0,0.9,0.0,0.0,0.0,0.0,0.0,0.0,0.0
82,Rest of population,7193261.1,6522112.0,0.0,0.0,0.0,0.0,0.0,6738.9,667149.1,0.0,0.9,0.0,0.0,0.0,0.0,0.0,0.0,0.0
83,Rest of population,7193261.1,6522112.0,0.0,0.0,0.0,0.0,0.0,6738.9,667149.1,0.0,0.9,0.0,0.0,0.0,0.0,0.0,0.0,0.0
84,Rest of population,7193261.1,6522112.0,0.0,0.0,0.0,0.0,0.0,6738.9,667149.1,0.0,0.9,0.0,0.0,0.0,0.0,0.0,0.0,0.0
85,Rest of population,7193261.1,6522112.0,0.0,0.0,0.0,0.0,0.0,6738.9,667149.1,0.0,0.9,0.0,0.0,0.0,0.0,0.0,0.0,0.0
86,Rest of population,7193261.1,6522112.0,0.0,0.0,0.0,0.0,0.0,6738.9,667149.1,0.0,0.9,0.0,0.0,0.0,0.0,0.0,0.0,0.0
87,Rest of population,7193261.1,6522112.0,0.0,0.0,0.0,0.0,0.0,6738.9,667149.1,0.0,0.9,0.0,0.0,0.0,0.0,0.0,0.0,0.0
88,Rest of population,7193261.1,6522112.0,0.0,0.0,0.0,0.0,0.0,6738.9,667149.1,0.0,0.9,0.0,0.0,0.0,0.0,0.0,0.0,0.0
89,Rest of population,7193261.1,6522112.0,0.0,0.0,0.0,0.0,0.0,6738.9,667149.1,0.0,0.9,0.0,0.0,0.0,0.0,0.0,0.0,0.0
90,Rest of population,7193261.1,6522112.0,0.0,0.0,0.0,0.0,0.0,6738.9,667149.1,0.0,0.9,0.0,0.0,0.0,0.0,0.0,0.0,0.0
91,Rest of population,7193261.1,6522112.0,0.0,0.0,0.0,0.0,0.0,6738.9,667149.1,0.0,0.9,0.0,0.0,0.0,0.0,0.0,0.0,0.0
92,Rest of population,7193261.1,6522112.0,0.0,0.0,0.0,0.0,0.0,6738.9,667149.1,0.0,0.9,0.0,0.0,0.0,0.0,0.0,0.0,0.0
93,Rest of population,7193261.1,6522112.0,0.0,0.0,0.0,0.0,0.0,6738.9,667149.1,0.0,0.9,0.0,0.0,0.0,0.0,0.0,0.0,0.0
94,Rest of population,7193261.1,6522112.0,0.0,0.0,0.0,0.0,0.0,6738.9,667149.1,0.0,0.9,0.0,0.0,0.0,0.0,0.0,0.0,0.0
95,Rest of population,7193261.1,6522112.0,0.0,0.0,0.0,0.0,0.0,6738.9,667149.1,0.0,0.9,0.0,0.0,0.0,0.0,0.0,0.0,0.0
96,Rest of population,7193261.1,6522112.0,0.0,0.0,0.0,0.0,0.0,6738.9,667149.1,0.0,0.9,0.0,0.0,0.0,0.0,0.0,0.0,0.0
97,Rest of population,7193261.1,6522112.0,0.0,0.0,0.0,0.0,0.0,6738.9,667149.1,0.0,0.9,0.0,0.0,0.0,0.0,0.0,0.0,0.0
98,Rest of population,7193261.1,6522112.0,0.0,0.0,0.0,0.0,0.0,6738.9,667149.1,0.0,0.9,0.0,0.0,0.0,0.0,0.0,0.0,0.0
99,Rest of population,7193261.1,6522112.0,0.0,0.0,0.0,0.0,0.0,6738.9,667149.1,0.0,0.9,0.0,0.0,0.0,0.0,0.0,0.0,0.0
