{"fixed_params": {"test_directory": "bbp_testing", "total_pop": 8200000, "hospital_beds": 33000, "prop_15_64": 0.66, "age_gt_64": 0.2, "prop_urban": 0.72, "prop_below_pl": 0.05, "prop_woh": 0.4, "staff_per_bed": 2.5, "past_dates": [1, 48, 134, 207, 222], "past_severities": [0.0, 0.95, 0.7, 0.65, 0.6], "expert_mode": true, "run_multiple_test_scenarios": true, "save_results": true}, "scenario_params": [{"severity": [0.9, 0.95], "trig_values": ["2020-09-15", "2020-12-30"], "trig_def_type": ["date", "date"], "trig_op_type": ["=", "="], "num_tests_mitigation": [13000, 13000], "type_test_mitigation": ["PCR", "PCR"], "sensitivity": [0.95, 0.95], "specificity": [0.95, 0.95], "num_tests_care": [10000, 10000], "type_tests_care": ["PCR", "PCR"], "prop_contacts_traced": [0.25, 0.25], "imported_infections_per_day": [1, 1], "requireddxtests": [2, 2], "is_counterfactual": ["False", "False"], "test_strategy": ["all symptomatic", "all symptomatic"], "results_period": [1, 1], "prop_asymptomatic_tested": [0.02, 0.02]}]}