,Code,Country,Severities,Trigger Dates,Score,Method,Long Sev,Long Trig
0,AF,Afghanistan,"[0.0, 1.0, 0.75, 0.85, 0.8, 0.85, 0.95, 1.0, 0.95, 0.9, 0.8, 0.85, 0.9, 0.95, 1.0]","[1, 15, 125, 152, 176, 193, 215, 239, 266, 310, 330, 349, 363, 385, 410]",0.036944351167404084,horizon=50;,"[0.0, 1.0, 1.0, 1.0, 1.0, 1.0, 1.0, 0.75, 0.85, 0.8, 0.85, 0.95, 1.0, 0.95, 0.95, 0.9, 0.8, 0.85, 0.9, 0.95, 1.0, 1.0, 1.0]","[1, 15, 29, 43, 57, 71, 98, 125, 152, 176, 193, 215, 239, 266, 284, 310, 330, 349, 363, 385, 410, 424, 438]"
1,AL,Albania,"[0.0, 1.0, 0.6, 1.0, 0.7, 0.8, 0.85, 0.9, 0.85, 0.75, 0.8, 0.85, 0.9, 0.7, 0.75]","[1, 15, 105, 124, 178, 205, 227, 264, 289, 314, 341, 358, 377, 400, 427]",0.02770221155675965,horizon=50;,"[0.0, 1.0, 1.0, 1.0, 1.0, 1.0, 0.6, 1.0, 1.0, 0.7, 0.8, 0.85, 0.85, 0.9, 0.85, 0.75, 0.8, 0.85, 0.9, 0.7, 0.75]","[1, 15, 29, 43, 57, 84, 105, 124, 151, 178, 205, 227, 242, 264, 289, 314, 341, 358, 377, 400, 427]"
2,DZ,Algeria,"[0.0, 1.0, 0.45, 0.95, 0.85, 0.9, 0.95, 0.85, 0.95]","[1, 15, 105, 126, 175, 191, 286, 308, 356]",0.04150323799907407,horizon=50;,"[0.0, 1.0, 1.0, 1.0, 1.0, 1.0, 0.45, 0.95, 0.95, 0.85, 0.9, 0.9, 0.9, 0.9, 0.95, 0.85, 0.85, 0.95, 0.95, 0.95, 0.95, 0.95]","[1, 15, 29, 43, 57, 84, 105, 126, 153, 175, 191, 218, 245, 264, 286, 308, 331, 356, 375, 393, 411, 429]"
3,AO,Angola,"[0.0, 1.0, 0.7, 0.85, 0.8, 0.9, 0.85, 0.9, 0.95, 0.85, 0.9, 0.95]","[1, 15, 178, 204, 218, 245, 265, 318, 343, 357, 398, 443]",0.042837864940679315,horizon=50;,"[0.0, 1.0, 1.0, 1.0, 1.0, 1.0, 1.0, 1.0, 1.0, 0.7, 0.85, 0.8, 0.9, 0.85, 0.85, 0.85, 0.9, 0.95, 0.85, 0.85, 0.9, 0.9, 0.95]","[1, 15, 29, 43, 57, 71, 98, 125, 152, 178, 204, 218, 245, 265, 279, 293, 318, 343, 357, 371, 398, 420, 443]"
4,AG,Antigua and Barbuda,"[0.0, 1.0, 0.5, 1.0, 0.95, 0.6, 0.95, 0.65, 0.7]","[1, 15, 105, 129, 338, 361, 380, 403, 430]",0.08521843011476142,horizon=50;,"[0.0, 1.0, 1.0, 1.0, 1.0, 1.0, 1.0, 0.5, 1.0, 1.0, 1.0, 1.0, 1.0, 1.0, 1.0, 1.0, 1.0, 1.0, 1.0, 1.0, 1.0, 1.0, 0.95, 0.6, 0.95, 0.65, 0.7]","[1, 15, 29, 43, 57, 71, 85, 105, 129, 143, 157, 171, 185, 199, 213, 227, 241, 255, 269, 283, 297, 311, 338, 361, 380, 403, 430]"
5,AR,Argentina,"[0.0, 1.0, 0.65, 0.9, 0.8, 0.75, 0.8, 0.85, 0.7, 0.85, 0.9, 0.85, 0.8, 0.75, 0.8]","[1, 15, 120, 140, 165, 219, 238, 266, 282, 300, 324, 338, 376, 393, 414]",0.032751727523589534,horizon=50;,"[0.0, 1.0, 1.0, 1.0, 1.0, 1.0, 1.0, 0.65, 0.9, 0.8, 0.8, 0.75, 0.8, 0.8, 0.85, 0.7, 0.85, 0.9, 0.85, 0.85, 0.8, 0.75, 0.8, 0.8]","[1, 15, 29, 43, 57, 71, 98, 120, 140, 165, 192, 219, 238, 252, 266, 282, 300, 324, 338, 352, 376, 393, 414, 429]"
6,AM,Armenia,"[0.0, 1.0, 0.65, 0.9, 0.95, 0.85, 0.7, 0.85, 0.9, 0.95, 0.85]","[1, 15, 166, 186, 265, 292, 315, 336, 386, 426, 442]",0.052853463352350194,horizon=50;,"[0.0, 1.0, 1.0, 1.0, 1.0, 1.0, 1.0, 1.0, 1.0, 0.65, 0.9, 0.9, 0.9, 0.95, 0.85, 0.7, 0.85, 0.85, 0.9, 0.9, 0.95, 0.85]","[1, 15, 29, 43, 57, 71, 85, 112, 139, 166, 186, 213, 240, 265, 292, 315, 336, 363, 386, 404, 426, 442]"
7,AU,Australia,"[0.0, 1.0, 0.5, 0.85, 0.9, 1.0, 0.9, 0.45, 0.7, 0.8, 0.9, 1.0]","[1, 15, 95, 116, 143, 170, 187, 206, 228, 246, 267, 288]",0.050598542068790185,horizon=50;,"[0.0, 1.0, 1.0, 1.0, 1.0, 0.5, 0.85, 0.9, 1.0, 0.9, 0.45, 0.7, 0.8, 0.9, 1.0, 1.0, 1.0, 1.0, 1.0, 1.0, 1.0, 1.0, 1.0, 1.0]","[1, 15, 29, 43, 70, 95, 116, 143, 170, 187, 206, 228, 246, 267, 288, 303, 317, 335, 353, 371, 385, 399, 413, 427]"
8,AT,Austria,"[0.0, 1.0, 0.55, 0.9, 1.0, 0.95, 1.0, 0.95, 0.7, 0.65, 0.75, 0.85, 0.8]","[1, 15, 104, 125, 143, 165, 189, 274, 301, 327, 343, 370, 446]",0.053098234347813585,horizon=50;,"[0.0, 1.0, 1.0, 1.0, 1.0, 1.0, 0.55, 0.9, 1.0, 0.95, 1.0, 1.0, 1.0, 1.0, 1.0, 0.95, 0.7, 0.65, 0.75, 0.85, 0.85, 0.85, 0.8]","[1, 15, 29, 43, 57, 84, 104, 125, 143, 165, 189, 203, 217, 231, 249, 274, 301, 327, 343, 370, 397, 419, 446]"
9,AZ,Azerbaijan,"[0.0, 1.0, 0.85, 0.8, 0.9, 0.95, 0.75, 0.8, 0.9, 0.95, 0.9]","[1, 15, 166, 193, 211, 235, 310, 337, 377, 404, 432]",0.05396322921930427,horizon=50;,"[0.0, 1.0, 1.0, 1.0, 1.0, 1.0, 1.0, 1.0, 1.0, 0.85, 0.8, 0.9, 0.95, 0.95, 0.95, 0.75, 0.8, 0.8, 0.9, 0.95, 0.95, 0.9]","[1, 15, 29, 43, 57, 71, 85, 112, 139, 166, 193, 211, 235, 262, 289, 310, 337, 354, 377, 404, 418, 432]"
10,BS,Bahamas,"[0.0, 1.0, 0.1, 0.9, 1.0, 0.25, 0.3, 0.8, 0.85, 0.8, 0.9, 0.95, 0.5, 0.95, 0.6, 0.65]","[1, 16, 100, 121, 139, 222, 236, 257, 271, 304, 326, 344, 367, 391, 418, 433]",0.02815716085996942,horizon=50;,"[0.0, 1.0, 1.0, 1.0, 1.0, 1.0, 1.0, 0.1, 0.9, 1.0, 1.0, 1.0, 1.0, 1.0, 0.25, 0.3, 0.8, 0.85, 0.85, 0.8, 0.9, 0.95, 0.5, 0.95, 0.6, 0.65]","[1, 16, 30, 44, 58, 72, 86, 100, 121, 139, 153, 167, 181, 195, 222, 236, 257, 271, 285, 304, 326, 344, 367, 391, 418, 433]"
11,BH,Bahrain,"[0.0, 1.0, 0.7, 1.0, 0.25, 0.7, 0.85, 0.75, 0.7, 0.75, 0.85, 0.7, 0.45, 0.25, 0.55, 0.75]","[1, 15, 111, 131, 154, 181, 205, 225, 274, 301, 320, 347, 373, 389, 408, 433]",0.03868343236652271,horizon=50;,"[0.0, 1.0, 1.0, 1.0, 1.0, 1.0, 0.7, 1.0, 0.25, 0.7, 0.85, 0.75, 0.75, 0.7, 0.75, 0.85, 0.7, 0.45, 0.25, 0.55, 0.75]","[1, 15, 29, 43, 57, 84, 111, 131, 154, 181, 205, 225, 251, 274, 301, 320, 347, 373, 389, 408, 433]"
12,BD,Bangladesh,"[0.0, 1.0, 0.6, 0.85, 0.75, 0.85, 0.9, 0.85, 0.9, 0.85, 0.8, 0.9]","[1, 15, 125, 147, 165, 185, 220, 234, 281, 321, 346, 364]",0.024895412898645608,horizon=50;,"[0.0, 1.0, 1.0, 1.0, 1.0, 1.0, 1.0, 0.6, 0.85, 0.75, 0.85, 0.85, 0.9, 0.85, 0.85, 0.9, 0.9, 0.85, 0.8, 0.9, 0.9, 0.9, 0.9, 0.9]","[1, 15, 29, 43, 57, 71, 98, 125, 147, 165, 185, 199, 220, 234, 257, 281, 298, 321, 346, 364, 382, 399, 413, 431]"
13,BB,Barbados,"[0.0, 1.0, 0.5, 0.9, 1.0, 0.0, 0.75, 0.9]","[1, 15, 102, 126, 145, 399, 423, 444]",0.07248545989734129,horizon=50;,"[0.0, 1.0, 1.0, 1.0, 1.0, 1.0, 1.0, 0.5, 0.9, 1.0, 1.0, 1.0, 1.0, 1.0, 1.0, 1.0, 1.0, 1.0, 1.0, 1.0, 1.0, 1.0, 1.0, 1.0, 1.0, 1.0, 0.0, 0.75, 0.9]","[1, 15, 29, 43, 57, 71, 85, 102, 126, 145, 165, 179, 193, 207, 221, 235, 249, 263, 277, 291, 305, 319, 333, 347, 361, 375, 399, 423, 444]"
14,BY,Belarus,"[0.0, 1.0, 0.85, 0.65, 0.9, 0.95, 0.9, 0.95, 0.9, 0.85, 0.8, 0.7, 0.75]","[1, 15, 139, 189, 213, 267, 283, 305, 330, 345, 372, 413, 429]",0.05869543548382829,horizon=50;,"[0.0, 1.0, 1.0, 1.0, 1.0, 1.0, 1.0, 1.0, 0.85, 0.85, 0.65, 0.9, 0.9, 0.95, 0.9, 0.95, 0.9, 0.85, 0.8, 0.8, 0.7, 0.75]","[1, 15, 29, 43, 57, 71, 85, 112, 139, 166, 189, 213, 240, 267, 283, 305, 330, 345, 372, 393, 413, 429]"
15,BE,Belgium,"[0.0, 1.0, 0.65, 0.25, 0.85, 0.95, 1.0, 0.95, 0.85, 1.0, 0.6, 0.45, 0.75, 0.8, 0.75, 0.85, 0.8, 0.75]","[1, 15, 84, 99, 122, 145, 170, 184, 227, 246, 273, 300, 326, 344, 371, 385, 400, 435]",0.04586400797510473,horizon=50;,"[0.0, 1.0, 1.0, 1.0, 1.0, 0.65, 0.25, 0.85, 0.95, 1.0, 0.95, 0.95, 0.85, 1.0, 0.6, 0.45, 0.75, 0.8, 0.75, 0.85, 0.8, 0.8, 0.75]","[1, 15, 29, 43, 57, 84, 99, 122, 145, 170, 184, 202, 227, 246, 273, 300, 326, 344, 371, 385, 400, 418, 435]"
16,BZ,Belize,"[0.0, 1.0, 0.65, 0.95, 0.65, 0.8, 0.85, 0.9, 0.85, 1.0]","[1, 15, 270, 292, 317, 338, 362, 389, 403, 430]",0.08869807551907583,horizon=50;,"[0.0, 1.0, 1.0, 1.0, 1.0, 1.0, 1.0, 1.0, 1.0, 1.0, 1.0, 1.0, 1.0, 1.0, 1.0, 1.0, 1.0, 0.65, 0.95, 0.65, 0.8, 0.85, 0.9, 0.85, 1.0]","[1, 15, 29, 43, 57, 71, 85, 99, 118, 132, 146, 160, 174, 188, 202, 216, 243, 270, 292, 317, 338, 362, 389, 403, 430]"
17,BJ,Benin,"[0.0, 0.95, 1.0, 0.6, 0.85, 0.9, 0.85, 0.5, 0.85, 0.9, 1.0, 0.9, 0.7, 0.8, 0.65, 0.95, 0.8, 0.35, 0.7, 0.8]","[1, 15, 29, 103, 124, 138, 152, 172, 196, 216, 239, 260, 287, 301, 318, 341, 358, 385, 411, 427]",0.008869118108919313,horizon=50;,"[0.0, 0.95, 1.0, 1.0, 1.0, 1.0, 1.0, 0.6, 0.85, 0.9, 0.85, 0.5, 0.85, 0.9, 1.0, 0.9, 0.7, 0.8, 0.65, 0.95, 0.8, 0.35, 0.7, 0.8]","[1, 15, 29, 43, 57, 71, 85, 103, 124, 138, 152, 172, 196, 216, 239, 260, 287, 301, 318, 341, 358, 385, 411, 427]"
0,BT,Bhutan,"[0.0, 1.0]","[1, 57]",0.3386017316017317,horizon=50;,"[0.0, 0.0, 0.0, 0.0, 1.0, 1.0, 1.0, 1.0, 1.0, 1.0, 1.0, 1.0, 1.0, 1.0, 1.0, 1.0, 1.0, 1.0, 1.0, 1.0, 1.0, 1.0, 1.0, 1.0, 1.0, 1.0, 1.0, 1.0, 1.0, 1.0]","[1, 15, 29, 43, 57, 71, 85, 99, 113, 127, 141, 155, 169, 183, 197, 211, 225, 239, 253, 267, 281, 295, 309, 323, 337, 351, 365, 392, 419, 433]"
1,BO,Bolivia,"[0.0, 1.0, 0.7, 0.85, 0.75, 0.85, 0.8, 0.95, 0.9, 0.95, 0.9, 0.6, 0.75, 0.85, 0.9]","[1, 15, 139, 165, 190, 211, 255, 282, 318, 336, 354, 380, 404, 422, 441]",0.044314934998229485,horizon=50;,"[0.0, 1.0, 1.0, 1.0, 1.0, 1.0, 1.0, 1.0, 0.7, 0.85, 0.75, 0.85, 0.85, 0.8, 0.95, 0.95, 0.9, 0.95, 0.9, 0.6, 0.75, 0.85, 0.9]","[1, 15, 29, 43, 57, 71, 85, 112, 139, 165, 190, 211, 238, 255, 282, 300, 318, 336, 354, 380, 404, 422, 441]"
2,BA,Bosnia and Herzegovina,"[0.0, 1.0, 0.9, 1.0, 0.95, 0.85, 0.9, 0.95, 0.85, 0.7, 0.8, 0.85, 0.9, 0.85, 0.7]","[1, 15, 152, 170, 197, 224, 247, 274, 293, 320, 334, 354, 381, 408, 447]",0.041715809885540266,horizon=50;,"[0.0, 1.0, 1.0, 1.0, 1.0, 1.0, 1.0, 1.0, 0.9, 1.0, 0.95, 0.85, 0.9, 0.95, 0.85, 0.7, 0.8, 0.85, 0.9, 0.85, 0.85, 0.7]","[1, 15, 29, 43, 57, 71, 98, 125, 152, 170, 197, 224, 247, 274, 293, 320, 334, 354, 381, 408, 425, 447]"
3,BW,Botswana,"[0.0, 1.0, 0.75, 1.0, 0.75, 0.9, 0.25, 0.8]","[1, 15, 279, 305, 332, 359, 382, 405]",0.19474652127542147,horizon=50;,"[0.0, 1.0, 1.0, 1.0, 1.0, 1.0, 1.0, 1.0, 1.0, 1.0, 1.0, 1.0, 1.0, 1.0, 1.0, 1.0, 1.0, 1.0, 0.75, 1.0, 0.75, 0.9, 0.25, 0.8, 0.8]","[1, 15, 29, 43, 57, 71, 85, 99, 113, 127, 141, 155, 169, 183, 197, 211, 225, 252, 279, 305, 332, 359, 382, 405, 432]"
4,BR,Brazil,"[0.0, 1.0, 0.05, 0.65, 0.75, 0.85, 0.75, 0.8, 0.75, 0.8, 0.7]","[1, 15, 99, 120, 142, 167, 331, 366, 380, 418, 434]",0.02242171784711448,horizon=50;,"[0.0, 1.0, 1.0, 1.0, 1.0, 1.0, 0.05, 0.65, 0.75, 0.85, 0.85, 0.85, 0.85, 0.85, 0.85, 0.85, 0.85, 0.85, 0.85, 0.75, 0.75, 0.8, 0.75, 0.75, 0.8, 0.7]","[1, 15, 29, 43, 57, 84, 99, 120, 142, 167, 181, 195, 209, 223, 240, 254, 272, 290, 309, 331, 347, 366, 380, 396, 418, 434]"
5,BN,Brunei,"[0.0, 1.0, 0.7, 1.0, 0.65, 0.9, 1.0]","[1, 16, 94, 119, 155, 180, 200]",0.06329301504585884,horizon=50;,"[0.0, 1.0, 1.0, 1.0, 1.0, 1.0, 0.7, 1.0, 1.0, 0.65, 0.9, 1.0, 1.0, 1.0, 1.0, 1.0, 1.0, 1.0, 1.0, 1.0, 1.0, 1.0, 1.0, 1.0, 1.0, 1.0, 1.0, 1.0, 1.0]","[1, 16, 30, 44, 58, 72, 94, 119, 133, 155, 180, 200, 214, 228, 242, 256, 270, 284, 298, 312, 326, 340, 354, 368, 382, 396, 410, 424, 438]"
6,BG,Bulgaria,"[0.0, 1.0, 0.95, 1.0, 0.9, 0.95, 0.9, 0.7, 0.75, 0.85, 0.9, 0.85, 0.75]","[1, 15, 152, 179, 206, 260, 287, 313, 336, 358, 384, 410, 435]",0.044267320084926176,horizon=50;,"[0.0, 1.0, 1.0, 1.0, 1.0, 1.0, 1.0, 1.0, 0.95, 1.0, 0.9, 0.9, 0.95, 0.9, 0.7, 0.75, 0.85, 0.9, 0.85, 0.75]","[1, 15, 29, 43, 57, 71, 98, 125, 152, 179, 206, 233, 260, 287, 313, 336, 358, 384, 410, 435]"
7,BF,Burkina Faso,"[0.0, 0.95, 1.0, 0.0, 0.8, 1.0, 0.0, 0.95, 0.5, 0.9, 1.0, 0.55, 0.75, 0.8, 0.95, 1.0]","[1, 15, 29, 85, 112, 136, 233, 255, 280, 304, 323, 350, 376, 395, 419, 437]",0.024016662236960543,horizon=50;,"[0.0, 0.95, 1.0, 1.0, 1.0, 1.0, 0.0, 0.8, 1.0, 1.0, 1.0, 1.0, 0.0, 0.95, 0.5, 0.9, 1.0, 0.55, 0.75, 0.8, 0.95, 1.0]","[1, 15, 29, 43, 57, 71, 85, 112, 136, 163, 190, 217, 233, 255, 280, 304, 323, 350, 376, 395, 419, 437]"
8,BI,Burundi,"[0.0, 0.95, 1.0, 0.6, 1.0, 0.45, 1.0, 0.15, 0.95]","[1, 15, 29, 109, 133, 370, 391, 413, 436]",0.15699523809523824,horizon=50;,"[0.0, 0.95, 1.0, 1.0, 1.0, 1.0, 1.0, 0.6, 1.0, 1.0, 1.0, 1.0, 1.0, 1.0, 1.0, 1.0, 1.0, 1.0, 1.0, 1.0, 1.0, 1.0, 1.0, 1.0, 0.45, 1.0, 0.15, 0.95]","[1, 15, 29, 43, 57, 71, 85, 109, 133, 147, 161, 175, 189, 203, 217, 231, 245, 259, 273, 287, 301, 315, 329, 343, 370, 391, 413, 436]"
9,KH,Cambodia,"[0.0, 1.0]","[1, 57]",0.2871544667453759,horizon=50;,"[0.0, 0.0, 0.0, 0.0, 1.0, 1.0, 1.0, 1.0, 1.0, 1.0, 1.0, 1.0, 1.0, 1.0, 1.0, 1.0, 1.0, 1.0, 1.0, 1.0, 1.0, 1.0, 1.0, 1.0, 1.0, 1.0, 1.0, 1.0, 1.0, 1.0, 1.0, 1.0]","[1, 15, 29, 43, 57, 71, 85, 99, 113, 127, 141, 155, 169, 183, 197, 211, 225, 239, 253, 267, 281, 295, 309, 323, 337, 351, 365, 379, 393, 407, 421, 435]"
10,CM,Cameroon,"[0.0, 1.0, 0.65, 0.6, 0.85, 0.9, 0.85, 0.95, 0.9, 0.95, 0.85, 0.9, 0.85, 0.9, 0.95, 0.7, 0.8]","[1, 15, 97, 124, 144, 161, 178, 204, 239, 261, 288, 305, 322, 337, 370, 393, 431]",0.05892714015237241,horizon=50;,"[0.0, 1.0, 1.0, 1.0, 1.0, 1.0, 0.65, 0.6, 0.85, 0.9, 0.85, 0.95, 0.95, 0.9, 0.95, 0.85, 0.9, 0.85, 0.9, 0.9, 0.95, 0.7, 0.7, 0.8]","[1, 15, 29, 43, 57, 71, 97, 124, 144, 161, 178, 204, 221, 239, 261, 288, 305, 322, 337, 352, 370, 393, 415, 431]"
11,CA,Canada,"[0.0, 1.0, 0.15, 0.75, 0.9, 0.95, 0.9, 0.85, 0.7, 0.8, 0.75, 0.8, 0.85, 0.9]","[1, 15, 102, 124, 145, 171, 212, 263, 280, 304, 322, 368, 414, 436]",0.03269978007830778,horizon=50;,"[0.0, 1.0, 1.0, 1.0, 1.0, 1.0, 0.15, 0.75, 0.9, 0.95, 0.95, 0.9, 0.9, 0.9, 0.85, 0.7, 0.8, 0.75, 0.75, 0.8, 0.8, 0.85, 0.9]","[1, 15, 29, 43, 57, 84, 102, 124, 145, 171, 189, 212, 230, 246, 263, 280, 304, 322, 347, 368, 395, 414, 436]"
12,CV,Cabo Verde,"[0.0, 1.0, 0.65, 1.0, 0.7, 0.8, 0.7, 0.9, 0.8, 0.9, 0.7, 0.75, 0.9, 0.95, 0.85, 0.7, 0.35, 0.85, 0.9, 0.8]","[1, 15, 91, 113, 136, 156, 185, 207, 230, 254, 274, 288, 309, 327, 344, 363, 391, 411, 425, 439]",0.014019095129680166,horizon=50;,"[0.0, 1.0, 1.0, 1.0, 1.0, 1.0, 0.65, 1.0, 0.7, 0.8, 0.8, 0.7, 0.9, 0.8, 0.9, 0.7, 0.75, 0.9, 0.95, 0.85, 0.7, 0.7, 0.35, 0.85, 0.9, 0.8]","[1, 15, 29, 43, 57, 71, 91, 113, 136, 156, 170, 185, 207, 230, 254, 274, 288, 309, 327, 344, 363, 377, 391, 411, 425, 439]"
13,CF,Central African Republic,"[0.0, 1.0, 0.1, 0.3, 0.9, 1.0, 0.95, 0.85, 1.0, 0.6, 0.45, 1.0, 0.65, 1.0]","[1, 15, 155, 170, 193, 212, 239, 265, 285, 312, 330, 352, 376, 394]",0.01831124920944061,horizon=50;,"[0.0, 1.0, 1.0, 1.0, 1.0, 1.0, 1.0, 1.0, 1.0, 1.0, 1.0, 0.1, 0.3, 0.9, 1.0, 0.95, 0.85, 1.0, 0.6, 0.45, 1.0, 0.65, 1.0, 1.0, 1.0]","[1, 15, 29, 43, 57, 71, 85, 99, 113, 127, 141, 155, 170, 193, 212, 239, 265, 285, 312, 330, 352, 376, 394, 412, 430]"
14,TD,Chad,"[0.0, 0.95, 1.0, 0.0, 0.6, 1.0, 0.6, 0.8, 0.95, 1.0, 0.75, 0.6, 0.85]","[1, 15, 29, 127, 154, 173, 254, 281, 308, 335, 362, 389, 411]",0.15001813278374326,horizon=50;,"[0.0, 0.95, 1.0, 1.0, 1.0, 1.0, 1.0, 1.0, 1.0, 0.0, 0.6, 1.0, 1.0, 1.0, 0.6, 0.8, 0.95, 1.0, 0.75, 0.6, 0.85, 0.85]","[1, 15, 29, 43, 57, 71, 85, 99, 113, 127, 154, 173, 200, 227, 254, 281, 308, 335, 362, 389, 411, 433]"
15,CL,Chile,"[0.0, 1.0, 0.6, 0.8, 0.55, 0.85, 0.8, 0.9, 0.85, 0.8, 0.85, 0.8, 0.85, 0.8, 0.75, 0.8]","[1, 15, 122, 141, 163, 186, 213, 227, 251, 278, 298, 323, 350, 364, 385, 427]",0.03573409259584997,horizon=50;,"[0.0, 1.0, 1.0, 1.0, 1.0, 1.0, 1.0, 0.6, 0.8, 0.55, 0.85, 0.8, 0.9, 0.85, 0.8, 0.85, 0.8, 0.85, 0.8, 0.75, 0.75, 0.8]","[1, 15, 29, 43, 57, 71, 98, 122, 141, 163, 186, 213, 227, 251, 278, 298, 323, 350, 364, 385, 403, 427]"
16,CN,China,"[0.0, 1.0, 0.35, 0.25, 1.0, 0.5, 0.85, 1.0, 0.95, 1.0]","[1, 15, 42, 56, 77, 110, 128, 142, 229, 248]",0.17807741511060438,horizon=50;,"[0.0, 1.0, 0.35, 0.25, 1.0, 1.0, 0.5, 0.85, 1.0, 1.0, 1.0, 1.0, 1.0, 0.95, 1.0, 1.0, 1.0, 1.0, 1.0, 1.0, 1.0, 1.0, 1.0, 1.0, 1.0, 1.0, 1.0, 1.0]","[1, 15, 42, 56, 77, 96, 110, 128, 142, 156, 170, 184, 202, 229, 248, 262, 276, 290, 304, 318, 332, 346, 360, 374, 388, 402, 416, 430]"
17,CO,Colombia,"[0.0, 1.0, 0.55, 0.85, 0.75, 0.8, 0.85, 0.9, 0.85, 0.8, 0.85, 0.75, 0.8, 0.85]","[1, 15, 118, 138, 165, 204, 245, 270, 287, 313, 340, 360, 405, 422]",0.019485962960774112,horizon=50;,"[0.0, 1.0, 1.0, 1.0, 1.0, 1.0, 1.0, 0.55, 0.85, 0.75, 0.75, 0.8, 0.8, 0.85, 0.9, 0.85, 0.8, 0.85, 0.75, 0.75, 0.8, 0.85, 0.85]","[1, 15, 29, 43, 57, 71, 98, 118, 138, 165, 189, 204, 227, 245, 270, 287, 313, 340, 360, 378, 405, 422, 436]"
18,KM,Comoros,"[0.0, 0.95, 1.0, 0.6, 0.9, 0.7, 1.0, 0.0, 0.95, 0.9]","[1, 15, 29, 135, 161, 175, 201, 373, 414, 437]",0.07815087043944685,horizon=50;,"[0.0, 0.95, 1.0, 1.0, 1.0, 1.0, 1.0, 1.0, 1.0, 0.6, 0.9, 0.7, 1.0, 1.0, 1.0, 1.0, 1.0, 1.0, 1.0, 1.0, 1.0, 1.0, 1.0, 1.0, 0.0, 0.0, 0.95, 0.9]","[1, 15, 29, 43, 57, 71, 85, 99, 113, 135, 161, 175, 201, 215, 229, 243, 257, 271, 285, 299, 313, 327, 341, 359, 373, 387, 414, 437]"
0,CG,Congo (Brazzaville),"[0.0, 0.95, 1.0, 0.05, 0.9, 0.8, 0.85, 0.8, 0.95, 0.75, 1.0, 0.05, 0.55, 0.85, 0.9, 0.8, 0.9]","[1, 15, 29, 99, 120, 140, 154, 185, 208, 231, 265, 329, 349, 376, 403, 423, 439]",0.04078612955571012,horizon=50;,"[0.0, 0.95, 1.0, 1.0, 1.0, 1.0, 1.0, 0.05, 0.9, 0.8, 0.85, 0.85, 0.8, 0.95, 0.75, 0.75, 1.0, 1.0, 1.0, 1.0, 0.05, 0.55, 0.85, 0.9, 0.8, 0.9]","[1, 15, 29, 43, 57, 71, 85, 99, 120, 140, 154, 168, 185, 208, 231, 245, 265, 279, 293, 311, 329, 349, 376, 403, 423, 439]"
1,CD,Congo (Kinshasa),"[0.0, 1.0, 0.5, 0.95, 0.8, 0.85, 0.95, 0.9, 1.0, 0.95, 0.8, 0.85, 0.95, 0.85, 0.6, 0.8, 1.0, 0.95]","[1, 15, 98, 120, 141, 155, 206, 230, 265, 279, 293, 307, 324, 346, 360, 374, 393, 415]",0.07264116997957121,horizon=50;,"[0.0, 1.0, 1.0, 1.0, 1.0, 1.0, 0.5, 0.95, 0.8, 0.85, 0.85, 0.85, 0.95, 0.9, 0.9, 1.0, 0.95, 0.8, 0.85, 0.95, 0.85, 0.6, 0.8, 1.0, 0.95, 0.95]","[1, 15, 29, 43, 57, 71, 98, 120, 141, 155, 169, 183, 206, 230, 244, 265, 279, 293, 307, 324, 346, 360, 374, 393, 415, 430]"
2,CR,Costa Rica,"[0.0, 1.0, 0.65, 0.9, 0.75, 0.9, 0.85, 0.9]","[1, 15, 234, 254, 281, 300, 327, 408]",0.1034487815534351,horizon=50;,"[0.0, 1.0, 1.0, 1.0, 1.0, 1.0, 1.0, 1.0, 1.0, 1.0, 1.0, 1.0, 0.65, 0.9, 0.75, 0.9, 0.85, 0.85, 0.85, 0.9, 0.9]","[1, 15, 29, 43, 57, 71, 85, 99, 126, 153, 180, 207, 234, 254, 281, 300, 327, 354, 381, 408, 433]"
3,CI,Cote d'Ivoire,"[0.0, 1.0, 0.5, 0.9, 0.75, 0.9, 0.85, 1.0, 0.7, 0.95, 0.9, 0.75, 0.85, 0.9]","[1, 15, 120, 139, 183, 203, 230, 272, 307, 332, 375, 398, 424, 448]",0.02582945273073681,horizon=50;,"[0.0, 1.0, 1.0, 1.0, 1.0, 1.0, 1.0, 0.5, 0.9, 0.9, 0.75, 0.9, 0.85, 0.85, 1.0, 1.0, 0.7, 0.95, 0.95, 0.9, 0.75, 0.85, 0.9]","[1, 15, 29, 43, 57, 71, 98, 120, 139, 166, 183, 203, 230, 252, 272, 293, 307, 332, 350, 375, 398, 424, 448]"
4,HR,Croatia,"[0.0, 1.0, 0.95, 0.7, 0.8, 0.75, 0.85, 0.9]","[1, 15, 260, 314, 341, 362, 377, 431]",0.07015240318592297,horizon=50;,"[0.0, 1.0, 1.0, 1.0, 1.0, 1.0, 1.0, 1.0, 1.0, 1.0, 1.0, 1.0, 0.95, 0.95, 0.7, 0.8, 0.75, 0.85, 0.85, 0.9]","[1, 15, 29, 43, 57, 71, 98, 125, 152, 179, 206, 233, 260, 287, 314, 341, 362, 377, 404, 431]"
5,CU,Cuba,"[0.0, 1.0, 0.95, 0.55, 0.95, 1.0, 0.8, 0.95, 1.0, 0.9, 0.95, 0.9, 0.65, 0.8, 0.75]","[1, 15, 98, 115, 137, 154, 256, 279, 306, 333, 349, 368, 387, 407, 447]",0.04501775630679791,horizon=50;,"[0.0, 1.0, 1.0, 1.0, 1.0, 1.0, 0.95, 0.55, 0.95, 1.0, 1.0, 1.0, 1.0, 0.8, 0.95, 1.0, 0.9, 0.95, 0.9, 0.65, 0.8, 0.8, 0.75]","[1, 15, 29, 43, 57, 71, 98, 115, 137, 154, 181, 208, 234, 256, 279, 306, 333, 349, 368, 387, 407, 425, 447]"
6,CY,Cyprus,"[0.0, 1.0, 0.9, 1.0, 0.85, 0.55, 0.8, 0.75]","[1, 15, 98, 143, 331, 351, 373, 427]",0.13146299337903275,horizon=50;,"[0.0, 1.0, 1.0, 1.0, 1.0, 1.0, 0.9, 0.9, 1.0, 1.0, 1.0, 1.0, 1.0, 1.0, 1.0, 1.0, 1.0, 1.0, 1.0, 0.85, 0.55, 0.8, 0.8, 0.75]","[1, 15, 29, 43, 57, 71, 98, 125, 143, 170, 192, 206, 220, 234, 248, 262, 276, 290, 304, 331, 351, 373, 400, 427]"
7,CZ,Czechia,"[0.0, 1.0, 0.7, 1.0, 0.95, 0.75, 0.55, 0.8, 0.85, 0.75, 0.65]","[1, 15, 118, 140, 248, 275, 302, 325, 345, 364, 437]",0.03678951103461597,horizon=50;,"[0.0, 1.0, 1.0, 1.0, 1.0, 1.0, 1.0, 0.7, 1.0, 1.0, 1.0, 1.0, 0.95, 0.75, 0.55, 0.8, 0.85, 0.75, 0.75, 0.75, 0.75, 0.65]","[1, 15, 29, 43, 57, 71, 98, 118, 140, 167, 194, 221, 248, 275, 302, 325, 345, 364, 382, 397, 416, 437]"
8,DK,Denmark,"[0.0, 1.0, 0.6, 0.95, 1.0, 0.95, 0.9, 0.7, 0.75, 0.85, 0.95]","[1, 15, 106, 128, 172, 301, 328, 355, 382, 407, 429]",0.1251711867262177,horizon=50;,"[0.0, 1.0, 1.0, 1.0, 1.0, 1.0, 0.6, 0.95, 0.95, 1.0, 1.0, 1.0, 1.0, 1.0, 1.0, 1.0, 1.0, 0.95, 0.9, 0.7, 0.75, 0.85, 0.95]","[1, 15, 29, 43, 57, 84, 106, 128, 155, 172, 190, 204, 218, 232, 246, 260, 274, 301, 328, 355, 382, 407, 429]"
9,DJ,Djibouti,"[0.0, 1.0, 0.55, 0.9, 0.5, 0.8, 0.95, 1.0, 0.85, 0.95, 0.85, 1.0, 0.2, 0.95, 1.0]","[1, 15, 105, 127, 147, 169, 190, 215, 230, 284, 302, 320, 396, 418, 432]",0.013623760008737378,horizon=50;,"[0.0, 1.0, 1.0, 1.0, 1.0, 1.0, 1.0, 0.55, 0.9, 0.5, 0.8, 0.95, 1.0, 0.85, 0.85, 0.95, 0.85, 1.0, 1.0, 1.0, 1.0, 0.2, 0.95, 1.0]","[1, 15, 29, 43, 57, 71, 85, 105, 127, 147, 169, 190, 215, 230, 257, 284, 302, 320, 338, 356, 374, 396, 418, 432]"
10,DO,Dominican Republic,"[0.0, 1.0, 0.55, 0.9, 0.95, 0.85, 0.95, 0.9, 0.95, 0.55, 0.85, 0.9]","[1, 15, 108, 128, 150, 173, 280, 321, 373, 396, 418, 435]",0.039350061531844734,horizon=50;,"[0.0, 1.0, 1.0, 1.0, 1.0, 1.0, 0.55, 0.9, 0.95, 0.85, 0.85, 0.85, 0.85, 0.95, 0.95, 0.9, 0.9, 0.9, 0.95, 0.55, 0.85, 0.9]","[1, 15, 29, 43, 57, 84, 108, 128, 150, 173, 200, 227, 254, 280, 298, 321, 339, 356, 373, 396, 418, 435]"
11,EC,Ecuador,"[0.0, 1.0, 0.4, 0.7, 0.75, 0.95, 0.85, 0.9, 0.85, 0.55, 0.75, 1.0, 0.9, 0.75, 0.85, 0.95, 0.65, 0.8]","[1, 15, 102, 120, 140, 161, 182, 209, 236, 253, 267, 287, 301, 336, 353, 370, 389, 410]",0.07636059854507246,horizon=50;,"[0.0, 1.0, 1.0, 1.0, 1.0, 1.0, 0.4, 0.7, 0.75, 0.95, 0.85, 0.9, 0.85, 0.55, 0.75, 1.0, 0.9, 0.9, 0.75, 0.85, 0.95, 0.65, 0.8, 0.8]","[1, 15, 29, 43, 57, 84, 102, 120, 140, 161, 182, 209, 236, 253, 267, 287, 301, 315, 336, 353, 370, 389, 410, 428]"
12,EG,Egypt,"[0.0, 1.0, 0.5, 0.85, 0.75, 0.85, 0.95, 0.9, 0.85, 0.75, 0.85, 0.9, 0.85]","[1, 15, 107, 127, 169, 196, 218, 253, 344, 369, 387, 410, 435]",0.03140083754043886,horizon=50;,"[0.0, 1.0, 1.0, 1.0, 1.0, 1.0, 0.5, 0.85, 0.85, 0.75, 0.85, 0.95, 0.95, 0.9, 0.9, 0.9, 0.9, 0.9, 0.85, 0.75, 0.85, 0.9, 0.85]","[1, 15, 29, 43, 57, 84, 107, 127, 149, 169, 196, 218, 233, 253, 271, 285, 303, 321, 344, 369, 387, 410, 435]"
13,SV,El Salvador,"[0.0, 1.0, 0.6, 0.9, 0.7, 0.85, 0.9, 0.95, 0.85, 0.9, 0.85, 0.8, 0.85, 0.9, 0.85]","[1, 15, 139, 160, 180, 206, 239, 272, 287, 314, 328, 377, 391, 417, 439]",0.026827441694038428,horizon=50;,"[0.0, 1.0, 1.0, 1.0, 1.0, 1.0, 1.0, 1.0, 0.6, 0.9, 0.7, 0.85, 0.85, 0.9, 0.9, 0.95, 0.85, 0.9, 0.85, 0.85, 0.85, 0.8, 0.85, 0.9, 0.85]","[1, 15, 29, 43, 57, 71, 85, 112, 139, 160, 180, 206, 220, 239, 253, 272, 287, 314, 328, 342, 357, 377, 391, 417, 439]"
14,GQ,Equatorial Guinea,"[0.0, 0.95, 1.0, 0.25, 0.8, 0.85, 0.7, 0.95, 0.8, 1.0, 0.85, 1.0, 0.35, 1.0, 0.7, 1.0, 0.0, 0.7]","[1, 15, 29, 123, 148, 162, 178, 204, 219, 245, 284, 298, 316, 336, 363, 385, 412, 437]",0.02806197592728933,horizon=50;,"[0.0, 0.95, 1.0, 1.0, 1.0, 1.0, 1.0, 1.0, 0.25, 0.8, 0.85, 0.7, 0.95, 0.8, 1.0, 1.0, 0.85, 1.0, 0.35, 1.0, 0.7, 1.0, 0.0, 0.7]","[1, 15, 29, 43, 57, 71, 85, 99, 123, 148, 162, 178, 204, 219, 245, 263, 284, 298, 316, 336, 363, 385, 412, 437]"
15,ER,Eritrea,"[0.0, 1.0, 0.0, 1.0]","[1, 15, 375, 402]",0.2764784336875247,horizon=50;,"[0.0, 1.0, 1.0, 1.0, 1.0, 1.0, 1.0, 1.0, 1.0, 1.0, 1.0, 1.0, 1.0, 1.0, 1.0, 1.0, 1.0, 1.0, 1.0, 1.0, 1.0, 1.0, 1.0, 1.0, 1.0, 1.0, 0.0, 1.0, 1.0, 1.0]","[1, 15, 29, 43, 57, 71, 85, 99, 113, 127, 141, 155, 169, 183, 197, 211, 225, 239, 253, 267, 281, 295, 309, 323, 337, 361, 375, 402, 416, 430]"
16,EE,Estonia,"[0.0, 1.0, 0.8, 0.75, 1.0, 0.95, 1.0, 0.95, 0.9, 0.65, 0.75, 0.8, 0.65]","[1, 15, 98, 125, 147, 174, 193, 305, 319, 343, 363, 417, 434]",0.14570734522901554,horizon=50;,"[0.0, 1.0, 1.0, 1.0, 1.0, 1.0, 0.8, 0.75, 1.0, 0.95, 1.0, 1.0, 1.0, 1.0, 1.0, 1.0, 1.0, 1.0, 0.95, 0.9, 0.65, 0.75, 0.75, 0.8, 0.65]","[1, 15, 29, 43, 57, 71, 98, 125, 147, 174, 193, 207, 221, 235, 249, 263, 277, 291, 305, 319, 343, 363, 390, 417, 434]"
17,ET,Ethiopia,"[0.0, 1.0, 0.95, 0.7, 0.85, 0.9, 0.95, 0.85, 0.95, 0.9, 0.95, 0.85]","[1, 15, 181, 208, 232, 257, 279, 305, 327, 341, 391, 415]",0.05870346828956177,horizon=50;,"[0.0, 1.0, 1.0, 1.0, 1.0, 1.0, 1.0, 1.0, 1.0, 1.0, 1.0, 0.95, 0.7, 0.85, 0.9, 0.95, 0.85, 0.95, 0.9, 0.9, 0.95, 0.85, 0.85]","[1, 15, 29, 43, 57, 71, 85, 99, 113, 127, 154, 181, 208, 232, 257, 279, 305, 327, 341, 368, 391, 415, 433]"
0,FJ,Fiji,"[0.0, 1.0, 0.85, 0.7, 0.95, 1.0]","[1, 15, 224, 238, 261, 275]",0.13021365604092833,horizon=50;,"[0.0, 1.0, 1.0, 1.0, 1.0, 1.0, 1.0, 1.0, 1.0, 1.0, 1.0, 1.0, 1.0, 1.0, 1.0, 0.85, 0.7, 0.95, 1.0, 1.0, 1.0, 1.0, 1.0, 1.0, 1.0, 1.0, 1.0, 1.0, 1.0, 1.0]","[1, 15, 29, 43, 57, 71, 85, 99, 113, 127, 141, 155, 169, 183, 197, 224, 238, 261, 275, 293, 307, 321, 335, 349, 363, 377, 391, 405, 419, 433]"
1,FI,Finland,"[0.0, 1.0, 0.6, 0.9, 1.0, 0.95, 1.0, 0.9, 1.0, 0.9, 0.75, 0.05, 0.7, 0.8, 0.65]","[1, 15, 98, 139, 164, 183, 204, 231, 252, 272, 317, 336, 359, 377, 446]",0.06494755578115881,horizon=50;,"[0.0, 1.0, 1.0, 1.0, 1.0, 1.0, 0.6, 0.6, 0.9, 1.0, 0.95, 1.0, 0.9, 1.0, 0.9, 0.9, 0.75, 0.05, 0.7, 0.8, 0.8, 0.8, 0.65]","[1, 15, 29, 43, 57, 71, 98, 119, 139, 164, 183, 204, 231, 252, 272, 290, 317, 336, 359, 377, 404, 425, 446]"
2,FR,France,"[0.0, 1.0, 0.0, 0.65, 0.95, 0.9, 0.75, 0.55, 0.65, 0.45, 0.75, 0.8, 0.75, 0.8]","[1, 15, 84, 111, 130, 184, 246, 267, 294, 310, 332, 348, 371, 414]",0.049478726212895716,horizon=50;,"[0.0, 1.0, 1.0, 1.0, 1.0, 0.0, 0.65, 0.95, 0.95, 0.95, 0.9, 0.9, 0.9, 0.75, 0.55, 0.65, 0.45, 0.75, 0.8, 0.75, 0.75, 0.8, 0.8]","[1, 15, 29, 43, 70, 84, 111, 130, 153, 167, 184, 202, 220, 246, 267, 294, 310, 332, 348, 371, 391, 414, 433]"
3,GA,Gabon,"[0.0, 1.0, 0.6, 0.9, 0.5, 0.8, 0.9, 0.95, 0.65, 0.6, 0.0]","[1, 15, 85, 105, 127, 147, 200, 214, 230, 257, 276]",0.03850456928998645,horizon=50;,"[0.0, 1.0, 1.0, 1.0, 1.0, 1.0, 0.6, 0.9, 0.5, 0.8, 0.8, 0.9, 0.95, 0.65, 0.6, 0.0, 0.0, 0.0, 0.0, 0.0, 0.0, 0.0, 0.0, 0.0, 0.0, 0.0, 0.0]","[1, 15, 29, 43, 57, 71, 85, 105, 127, 147, 174, 200, 214, 230, 257, 276, 294, 308, 322, 336, 350, 364, 378, 392, 406, 420, 434]"
4,GM,Gambia,"[0.0, 1.0, 0.6, 0.95, 1.0, 0.45, 0.65, 0.45, 0.95, 1.0, 0.95, 1.0, 0.9, 1.0, 0.7, 0.75, 0.8, 0.75, 0.9]","[1, 15, 87, 108, 122, 188, 203, 226, 250, 266, 287, 314, 328, 349, 376, 394, 408, 422, 439]",0.029285061193526463,horizon=50;,"[0.0, 1.0, 1.0, 1.0, 1.0, 1.0, 0.6, 0.95, 1.0, 1.0, 1.0, 1.0, 0.45, 0.65, 0.45, 0.95, 1.0, 0.95, 1.0, 0.9, 1.0, 0.7, 0.75, 0.8, 0.75, 0.9]","[1, 15, 29, 43, 57, 71, 87, 108, 122, 136, 150, 164, 188, 203, 226, 250, 266, 287, 314, 328, 349, 376, 394, 408, 422, 439]"
5,GE,Georgia,"[0.0, 1.0, 0.3, 0.9, 0.75, 0.9, 0.85]","[1, 15, 334, 356, 383, 409, 436]",0.3861902616934252,horizon=50;,"[0.0, 1.0, 1.0, 1.0, 1.0, 1.0, 1.0, 1.0, 1.0, 1.0, 1.0, 1.0, 1.0, 1.0, 1.0, 1.0, 1.0, 0.3, 0.9, 0.75, 0.9, 0.85]","[1, 15, 29, 43, 57, 71, 85, 99, 126, 153, 180, 207, 225, 239, 253, 280, 307, 334, 356, 383, 409, 436]"
6,DE,Germany,"[0.0, 1.0, 0.65, 0.3, 0.85, 0.95, 0.9, 0.95, 0.9, 0.75, 0.8, 0.25, 0.05, 0.6, 0.7, 0.75, 0.8, 0.85, 0.9]","[1, 15, 84, 99, 121, 148, 172, 193, 207, 227, 245, 272, 294, 320, 340, 367, 391, 410, 435]",0.041688326972578287,horizon=50;,"[0.0, 1.0, 1.0, 1.0, 1.0, 0.65, 0.3, 0.85, 0.95, 0.9, 0.95, 0.9, 0.75, 0.8, 0.25, 0.05, 0.6, 0.7, 0.75, 0.8, 0.85, 0.9]","[1, 15, 29, 43, 57, 84, 99, 121, 148, 172, 193, 207, 227, 245, 272, 294, 320, 340, 367, 391, 410, 435]"
7,GH,Ghana,"[0.0, 1.0, 0.65, 0.9, 0.8, 0.7, 0.9, 0.75, 0.9, 0.95, 0.85, 0.75, 0.5, 0.8, 0.9]","[1, 15, 111, 132, 152, 179, 202, 228, 251, 322, 349, 372, 391, 415, 434]",0.043466006513908965,horizon=50;,"[0.0, 1.0, 1.0, 1.0, 1.0, 1.0, 0.65, 0.9, 0.8, 0.7, 0.9, 0.75, 0.9, 0.9, 0.9, 0.95, 0.85, 0.75, 0.5, 0.8, 0.9]","[1, 15, 29, 43, 57, 84, 111, 132, 152, 179, 202, 228, 251, 278, 296, 322, 349, 372, 391, 415, 434]"
8,GR,Greece,"[0.0, 1.0, 0.9, 1.0, 0.95, 0.9, 0.75, 0.7, 0.85, 0.9, 0.85, 0.8]","[1, 15, 111, 138, 261, 288, 315, 342, 360, 376, 426, 440]",0.06529028499738662,horizon=50;,"[0.0, 1.0, 1.0, 1.0, 1.0, 1.0, 0.9, 1.0, 1.0, 1.0, 1.0, 1.0, 1.0, 0.95, 0.9, 0.75, 0.7, 0.85, 0.9, 0.9, 0.85, 0.8]","[1, 15, 29, 43, 57, 84, 111, 138, 165, 179, 193, 207, 234, 261, 288, 315, 342, 360, 376, 403, 426, 440]"
9,GD,Grenada,"[0.0, 1.0]","[1, 57]",0.4189652499016136,horizon=50;,"[0.0, 0.0, 0.0, 0.0, 1.0, 1.0, 1.0, 1.0, 1.0, 1.0, 1.0, 1.0, 1.0, 1.0, 1.0, 1.0, 1.0, 1.0, 1.0, 1.0, 1.0, 1.0, 1.0, 1.0, 1.0, 1.0, 1.0, 1.0, 1.0, 1.0]","[1, 15, 29, 43, 57, 71, 85, 99, 113, 127, 141, 155, 169, 183, 197, 211, 225, 239, 253, 267, 281, 295, 309, 323, 337, 351, 365, 392, 419, 433]"
10,GT,Guatemala,"[0.0, 1.0, 0.7, 0.85, 0.9, 0.85, 0.8, 0.85, 0.9]","[1, 15, 153, 199, 236, 305, 391, 410, 431]",0.03459654376478457,horizon=50;,"[0.0, 1.0, 1.0, 1.0, 1.0, 1.0, 1.0, 1.0, 1.0, 0.7, 0.7, 0.85, 0.85, 0.9, 0.9, 0.9, 0.85, 0.85, 0.85, 0.85, 0.8, 0.85, 0.9]","[1, 15, 29, 43, 57, 71, 85, 99, 126, 153, 180, 199, 219, 236, 263, 288, 305, 322, 340, 364, 391, 410, 431]"
11,GN,Guinea,"[0.0, 1.0, 0.0, 0.85, 0.9, 0.95, 0.7, 0.85, 0.9, 0.85, 0.9, 0.8, 0.9, 0.8, 0.7, 1.0, 0.15, 0.55, 0.7]","[1, 15, 113, 135, 156, 174, 188, 213, 231, 245, 275, 297, 318, 335, 351, 374, 394, 424, 447]",0.011958522878542708,horizon=50;,"[0.0, 1.0, 1.0, 1.0, 1.0, 1.0, 1.0, 1.0, 0.0, 0.85, 0.9, 0.95, 0.7, 0.85, 0.9, 0.85, 0.85, 0.9, 0.8, 0.9, 0.8, 0.7, 1.0, 0.15, 0.15, 0.55, 0.7]","[1, 15, 29, 43, 57, 71, 85, 99, 113, 135, 156, 174, 188, 213, 231, 245, 259, 275, 297, 318, 335, 351, 374, 394, 408, 424, 447]"
12,GW,Guinea-Bissau,"[0.0, 1.0, 0.35, 0.8, 0.9, 1.0, 0.75, 0.95, 1.0, 0.85, 0.9, 0.95, 0.9, 1.0, 0.5, 0.7]","[1, 15, 127, 150, 191, 210, 234, 261, 288, 303, 318, 354, 372, 389, 416, 432]",0.010535775464768936,horizon=50;,"[0.0, 1.0, 1.0, 1.0, 1.0, 1.0, 1.0, 1.0, 1.0, 0.35, 0.8, 0.8, 0.9, 1.0, 0.75, 0.95, 1.0, 0.85, 0.9, 0.9, 0.95, 0.9, 1.0, 0.5, 0.7]","[1, 15, 29, 43, 57, 71, 85, 99, 113, 127, 150, 164, 191, 210, 234, 261, 288, 303, 318, 336, 354, 372, 389, 416, 432]"
13,GY,Guyana,"[0.0, 1.0, 0.75, 1.0, 0.95, 0.9, 0.8, 0.85, 0.9, 0.95, 0.9, 0.95, 0.85, 0.9]","[1, 15, 125, 142, 196, 223, 248, 275, 302, 329, 343, 385, 408, 444]",0.03362445243717961,horizon=50;,"[0.0, 1.0, 1.0, 1.0, 1.0, 1.0, 1.0, 0.75, 1.0, 1.0, 0.95, 0.9, 0.8, 0.85, 0.9, 0.95, 0.9, 0.9, 0.95, 0.85, 0.85, 0.9]","[1, 15, 29, 43, 57, 71, 98, 125, 142, 169, 196, 223, 248, 275, 302, 329, 343, 361, 385, 408, 425, 444]"
14,HT,Haiti,"[0.0, 1.0, 0.5, 0.9, 0.95, 1.0, 0.95, 1.0]","[1, 15, 152, 171, 215, 269, 397, 411]",0.05525979597766627,horizon=50;,"[0.0, 1.0, 1.0, 1.0, 1.0, 1.0, 1.0, 1.0, 1.0, 0.5, 0.9, 0.9, 0.95, 0.95, 1.0, 1.0, 1.0, 1.0, 1.0, 1.0, 1.0, 0.95, 1.0, 1.0, 1.0]","[1, 15, 29, 43, 57, 71, 85, 99, 126, 152, 171, 198, 215, 242, 269, 288, 306, 320, 334, 352, 370, 397, 411, 426, 440]"
15,VA,Holy See,"[0.0, 0.15, 1.0, 0.95, 1.0, 0.95, 1.0, 0.95, 1.0, 0.9, 1.0, 0.9, 1.0, 0.85, 1.0, 0.75]","[1, 57, 71, 113, 127, 155, 169, 211, 225, 267, 281, 323, 337, 379, 393, 437]",0.0018716253443526183,horizon=50;,"[0.0, 0.0, 0.0, 0.0, 0.15, 1.0, 1.0, 1.0, 0.95, 1.0, 1.0, 0.95, 1.0, 1.0, 1.0, 0.95, 1.0, 1.0, 1.0, 0.9, 1.0, 1.0, 1.0, 0.9, 1.0, 1.0, 1.0, 0.85, 1.0, 1.0, 1.0, 0.75]","[1, 15, 29, 43, 57, 71, 85, 99, 113, 127, 141, 155, 169, 183, 197, 211, 225, 239, 253, 267, 281, 295, 309, 323, 337, 351, 365, 379, 393, 407, 421, 437]"
16,HN,Honduras,"[0.0, 1.0, 0.8, 0.9, 0.8, 0.85, 0.9, 0.95, 0.85, 0.95, 0.85, 0.8, 0.85, 0.9]","[1, 15, 125, 152, 179, 206, 243, 308, 325, 344, 361, 384, 411, 442]",0.03982567732156482,horizon=50;,"[0.0, 1.0, 1.0, 1.0, 1.0, 1.0, 1.0, 0.8, 0.9, 0.8, 0.85, 0.85, 0.9, 0.9, 0.9, 0.95, 0.85, 0.95, 0.85, 0.8, 0.85, 0.85, 0.9]","[1, 15, 29, 43, 57, 71, 98, 125, 152, 179, 206, 225, 243, 270, 290, 308, 325, 344, 361, 384, 411, 425, 442]"
17,HU,Hungary,"[0.0, 1.0, 0.6, 0.95, 1.0, 0.8, 0.7, 0.75, 0.8, 0.85, 0.8, 0.85, 0.7]","[1, 15, 123, 142, 186, 278, 305, 322, 348, 375, 402, 416, 436]",0.06125685376737086,horizon=50;,"[0.0, 1.0, 1.0, 1.0, 1.0, 1.0, 1.0, 0.6, 0.95, 0.95, 1.0, 1.0, 1.0, 1.0, 1.0, 0.8, 0.7, 0.75, 0.8, 0.85, 0.8, 0.85, 0.7]","[1, 15, 29, 43, 57, 71, 98, 123, 142, 169, 186, 201, 215, 229, 252, 278, 305, 322, 348, 375, 402, 416, 436]"
18,IS,Iceland,"[0.0, 1.0, 0.65, 0.6, 0.8, 0.85, 1.0, 0.25, 0.0]","[1, 15, 84, 98, 118, 132, 150, 304, 318]",0.16243763793528626,horizon=50;,"[0.0, 1.0, 1.0, 1.0, 1.0, 0.65, 0.6, 0.8, 0.85, 1.0, 1.0, 1.0, 1.0, 1.0, 1.0, 1.0, 1.0, 1.0, 1.0, 1.0, 0.25, 0.0, 0.0, 0.0, 0.0, 0.0, 0.0, 0.0, 0.0, 0.0]","[1, 15, 29, 43, 57, 84, 98, 118, 132, 150, 164, 178, 192, 206, 220, 234, 248, 262, 276, 290, 304, 318, 332, 346, 360, 374, 388, 402, 416, 430]"
0,IN,India,"[0.0, 1.0, 0.3, 0.7, 0.8, 0.75, 0.85, 0.8, 0.85, 0.8, 0.9, 0.85, 0.8, 0.85, 0.9, 0.85, 0.75]","[1, 15, 106, 125, 147, 168, 192, 219, 235, 277, 293, 318, 340, 354, 375, 390, 428]",0.024764524643300125,horizon=50;,"[0.0, 1.0, 1.0, 1.0, 1.0, 1.0, 0.3, 0.7, 0.8, 0.75, 0.85, 0.8, 0.85, 0.85, 0.85, 0.8, 0.9, 0.85, 0.8, 0.85, 0.9, 0.85, 0.85, 0.75]","[1, 15, 29, 43, 57, 84, 106, 125, 147, 168, 192, 219, 235, 249, 263, 277, 293, 318, 340, 354, 375, 390, 404, 428]"
1,ID,Indonesia,"[0.0, 1.0, 0.85, 0.5, 0.85, 0.9, 0.8, 0.85, 0.8, 0.85, 0.9, 0.8, 0.85, 0.9, 0.85, 0.8, 0.85, 0.8, 0.85, 0.9, 0.85]","[1, 15, 84, 102, 122, 142, 158, 176, 203, 217, 237, 253, 270, 302, 316, 357, 381, 395, 409, 423, 440]",0.0195272303234425,horizon=50;,"[0.0, 1.0, 1.0, 1.0, 1.0, 0.85, 0.5, 0.85, 0.9, 0.8, 0.85, 0.8, 0.85, 0.9, 0.8, 0.85, 0.85, 0.9, 0.85, 0.85, 0.8, 0.85, 0.8, 0.85, 0.9, 0.85]","[1, 15, 29, 43, 57, 84, 102, 122, 142, 158, 176, 203, 217, 237, 253, 270, 284, 302, 316, 330, 357, 381, 395, 409, 423, 440]"
2,IR,Iran,"[0.0, 1.0, 0.05, 0.75, 0.9, 0.95, 0.8, 0.85, 0.9, 0.85, 0.8, 0.85, 0.9, 0.85, 0.8, 0.75]","[1, 15, 72, 96, 115, 147, 163, 220, 243, 267, 283, 343, 359, 396, 417, 440]",0.02113477023974881,horizon=50;,"[0.0, 1.0, 1.0, 1.0, 0.05, 0.75, 0.9, 0.9, 0.95, 0.8, 0.8, 0.8, 0.85, 0.9, 0.85, 0.8, 0.8, 0.8, 0.8, 0.85, 0.9, 0.9, 0.85, 0.8, 0.75]","[1, 15, 29, 56, 72, 96, 115, 129, 147, 163, 190, 204, 220, 243, 267, 283, 297, 311, 325, 343, 359, 373, 396, 417, 440]"
3,IQ,Iraq,"[0.0, 1.0, 0.95, 0.75, 1.0, 0.65, 0.6, 0.85, 0.9, 0.85, 0.9, 0.8, 0.7]","[1, 15, 84, 101, 124, 151, 178, 201, 224, 242, 349, 404, 431]",0.02460281557194916,horizon=50;,"[0.0, 1.0, 1.0, 1.0, 1.0, 0.95, 0.75, 1.0, 0.65, 0.6, 0.85, 0.9, 0.85, 0.85, 0.85, 0.85, 0.85, 0.85, 0.9, 0.9, 0.9, 0.8, 0.7]","[1, 15, 29, 43, 57, 84, 101, 124, 151, 178, 201, 224, 242, 269, 285, 299, 313, 327, 349, 367, 383, 404, 431]"
4,IE,Ireland,"[0.0, 1.0, 0.35, 0.85, 0.95, 1.0, 0.9, 0.85, 0.7, 0.8, 0.85]","[1, 15, 107, 129, 148, 190, 294, 334, 383, 410, 429]",0.06405911635687878,horizon=50;,"[0.0, 1.0, 1.0, 1.0, 1.0, 1.0, 0.35, 0.85, 0.95, 0.95, 1.0, 1.0, 1.0, 1.0, 1.0, 0.9, 0.9, 0.85, 0.85, 0.7, 0.8, 0.85]","[1, 15, 29, 43, 57, 84, 107, 129, 148, 175, 190, 217, 235, 249, 267, 294, 312, 334, 356, 383, 410, 429]"
5,IL,Israel,"[0.0, 1.0, 0.95, 0.65, 0.95, 1.0, 0.85, 0.8, 0.85, 0.8, 0.9, 0.95, 0.85, 0.75, 0.8]","[1, 15, 98, 118, 137, 164, 191, 218, 267, 283, 307, 325, 352, 379, 406]",0.038539219143998084,horizon=50;,"[0.0, 1.0, 1.0, 1.0, 1.0, 1.0, 0.95, 0.65, 0.95, 1.0, 0.85, 0.8, 0.8, 0.85, 0.8, 0.9, 0.95, 0.85, 0.75, 0.8, 0.8]","[1, 15, 29, 43, 57, 71, 98, 118, 137, 164, 191, 218, 245, 267, 283, 307, 325, 352, 379, 406, 429]"
6,IT,Italy,"[0.0, 1.0, 0.0, 0.7, 0.9, 0.95, 0.9, 0.95, 0.9, 0.8, 0.85, 0.8, 0.55, 0.45, 0.7, 0.8]","[1, 15, 72, 99, 120, 147, 161, 180, 212, 230, 247, 265, 291, 309, 329, 351]",0.0401721495721462,horizon=50;,"[0.0, 1.0, 1.0, 1.0, 0.0, 0.7, 0.9, 0.95, 0.9, 0.95, 0.95, 0.9, 0.8, 0.85, 0.8, 0.55, 0.45, 0.7, 0.8, 0.8, 0.8, 0.8, 0.8]","[1, 15, 29, 56, 72, 99, 120, 147, 161, 180, 194, 212, 230, 247, 265, 291, 309, 329, 351, 369, 396, 414, 429]"
7,JM,Jamaica,"[0.0, 1.0, 0.9, 1.0, 0.65, 0.8, 0.9, 0.85, 0.9, 0.8, 0.75]","[1, 15, 125, 148, 257, 283, 304, 385, 399, 416, 443]",0.051684347018719184,horizon=50;,"[0.0, 1.0, 1.0, 1.0, 1.0, 1.0, 1.0, 0.9, 1.0, 1.0, 1.0, 1.0, 1.0, 0.65, 0.8, 0.9, 0.9, 0.9, 0.85, 0.9, 0.8, 0.75]","[1, 15, 29, 43, 57, 71, 98, 125, 148, 175, 189, 203, 230, 257, 283, 304, 331, 358, 385, 399, 416, 443]"
8,JP,Japan,"[0.0, 1.0, 0.95, 0.65, 0.9, 1.0, 0.95, 1.0, 0.9, 0.8, 0.85, 0.9, 0.85, 0.7, 0.75, 0.8, 0.85]","[1, 15, 97, 119, 140, 167, 182, 199, 226, 243, 267, 292, 308, 347, 366, 392, 431]",0.045441236680494886,horizon=50;,"[0.0, 1.0, 1.0, 1.0, 1.0, 0.95, 0.65, 0.9, 1.0, 0.95, 1.0, 0.9, 0.8, 0.85, 0.9, 0.85, 0.85, 0.7, 0.75, 0.8, 0.8, 0.85]","[1, 15, 29, 43, 70, 97, 119, 140, 167, 182, 199, 226, 243, 267, 292, 308, 325, 347, 366, 392, 409, 431]"
9,JO,Jordan,"[0.0, 1.0, 0.65, 0.85, 0.9, 0.85, 0.6]","[1, 15, 290, 335, 362, 389, 438]",0.08756313325585288,horizon=50;,"[0.0, 1.0, 1.0, 1.0, 1.0, 1.0, 1.0, 1.0, 1.0, 1.0, 1.0, 1.0, 1.0, 1.0, 1.0, 1.0, 0.65, 0.65, 0.85, 0.9, 0.85, 0.85, 0.6]","[1, 15, 29, 43, 57, 71, 85, 112, 139, 166, 180, 194, 208, 222, 236, 263, 290, 317, 335, 362, 389, 416, 438]"
10,KZ,Kazakhstan,"[0.0, 1.0, 0.45, 0.8, 0.95, 0.9, 0.85, 0.9, 0.85, 0.95]","[1, 15, 193, 214, 255, 282, 332, 377, 392, 419]",0.06642438676537124,horizon=50;,"[0.0, 1.0, 1.0, 1.0, 1.0, 1.0, 1.0, 1.0, 1.0, 1.0, 0.45, 0.8, 0.8, 0.95, 0.9, 0.9, 0.85, 0.85, 0.9, 0.85, 0.95, 0.95]","[1, 15, 29, 43, 57, 71, 85, 112, 139, 166, 193, 214, 236, 255, 282, 309, 332, 359, 377, 392, 419, 433]"
11,KE,Kenya,"[0.0, 1.0, 0.45, 0.85, 0.8, 0.85, 0.75, 0.85, 0.9, 0.8, 0.9, 0.95, 0.9, 0.85, 0.8]","[1, 15, 115, 135, 162, 184, 211, 233, 249, 287, 344, 368, 385, 408, 432]",0.033683738148127834,horizon=50;,"[0.0, 1.0, 1.0, 1.0, 1.0, 1.0, 1.0, 0.45, 0.85, 0.8, 0.85, 0.75, 0.85, 0.9, 0.9, 0.8, 0.8, 0.8, 0.9, 0.95, 0.9, 0.85, 0.8]","[1, 15, 29, 43, 57, 71, 91, 115, 135, 162, 184, 211, 233, 249, 264, 287, 301, 322, 344, 368, 385, 408, 432]"
12,KR,"Korea, South","[0.0, 1.0, 0.75, 0.5, 0.8, 0.9, 0.95, 0.9, 0.8, 0.9, 0.6, 0.8, 0.85, 0.8, 0.6, 0.8, 0.9, 0.85]","[1, 15, 56, 70, 92, 118, 142, 161, 206, 224, 248, 270, 290, 335, 355, 378, 401, 428]",0.03852620740076235,horizon=50;,"[0.0, 1.0, 1.0, 0.75, 0.5, 0.8, 0.9, 0.95, 0.9, 0.9, 0.8, 0.9, 0.6, 0.8, 0.85, 0.85, 0.8, 0.6, 0.8, 0.9, 0.85]","[1, 15, 29, 56, 70, 92, 118, 142, 161, 179, 206, 224, 248, 270, 290, 317, 335, 355, 378, 401, 428]"
13,KW,Kuwait,"[0.0, 1.0, 0.25, 0.75, 0.9, 0.95, 0.85, 0.9, 0.85, 0.8, 0.85, 0.9, 0.95, 0.9, 0.95, 0.55, 0.75]","[1, 15, 125, 147, 170, 197, 211, 238, 269, 289, 312, 329, 357, 371, 389, 413, 435]",0.027518682428957504,horizon=50;,"[0.0, 1.0, 1.0, 1.0, 1.0, 1.0, 1.0, 1.0, 0.25, 0.75, 0.9, 0.95, 0.85, 0.9, 0.9, 0.85, 0.8, 0.85, 0.9, 0.9, 0.95, 0.9, 0.95, 0.55, 0.75]","[1, 15, 29, 43, 57, 71, 85, 103, 125, 147, 170, 197, 211, 238, 252, 269, 289, 312, 329, 343, 357, 371, 389, 413, 435]"
14,KG,Kyrgyzstan,"[0.0, 1.0, 0.85, 0.9, 0.85, 0.6, 0.3, 0.85, 1.0, 0.75, 0.8, 0.85, 0.8, 0.9]","[1, 15, 112, 139, 166, 184, 200, 222, 236, 292, 306, 333, 414, 432]",0.4492287510212169,horizon=50;,"[0.0, 1.0, 1.0, 1.0, 1.0, 1.0, 1.0, 0.85, 0.9, 0.85, 0.6, 0.3, 0.85, 1.0, 1.0, 1.0, 1.0, 0.75, 0.8, 0.85, 0.85, 0.85, 0.8, 0.9]","[1, 15, 29, 43, 57, 71, 85, 112, 139, 166, 184, 200, 222, 236, 250, 264, 278, 292, 306, 333, 360, 387, 414, 432]"
15,LA,Laos,"[0.0, 1.0]","[1, 57]",0.2695841794569068,horizon=50;,"[0.0, 0.0, 0.0, 0.0, 1.0, 1.0, 1.0, 1.0, 1.0, 1.0, 1.0, 1.0, 1.0, 1.0, 1.0, 1.0, 1.0, 1.0, 1.0, 1.0, 1.0, 1.0, 1.0, 1.0, 1.0, 1.0, 1.0, 1.0, 1.0, 1.0, 1.0, 1.0]","[1, 15, 29, 43, 57, 71, 85, 99, 113, 127, 141, 155, 169, 183, 197, 211, 225, 239, 253, 267, 281, 295, 309, 323, 337, 351, 365, 379, 393, 407, 421, 435]"
16,LV,Latvia,"[0.0, 1.0, 0.65, 1.0, 0.95, 1.0, 0.65, 0.75, 0.85, 0.8, 0.85]","[1, 15, 139, 158, 185, 208, 311, 330, 399, 417, 435]",0.06497670843867631,horizon=50;,"[0.0, 1.0, 1.0, 1.0, 1.0, 1.0, 1.0, 1.0, 0.65, 1.0, 0.95, 1.0, 1.0, 1.0, 1.0, 0.65, 0.75, 0.75, 0.75, 0.85, 0.8, 0.85]","[1, 15, 29, 43, 57, 71, 85, 112, 139, 158, 185, 208, 235, 260, 286, 311, 330, 357, 378, 399, 417, 435]"
17,LB,Lebanon,"[0.0, 1.0, 0.75, 0.9, 0.85, 0.8, 0.85, 0.75, 0.65, 0.85]","[1, 15, 260, 284, 311, 338, 356, 383, 397, 418]",0.11557355324918668,horizon=50;,"[0.0, 1.0, 1.0, 1.0, 1.0, 1.0, 1.0, 1.0, 1.0, 1.0, 1.0, 1.0, 0.75, 0.9, 0.85, 0.8, 0.85, 0.75, 0.65, 0.85, 0.85]","[1, 15, 29, 43, 57, 71, 98, 125, 152, 179, 206, 233, 260, 284, 311, 338, 356, 383, 397, 418, 433]"
0,LS,Lesotho,"[0.0, 1.0, 0.55, 1.0, 0.95, 1.0, 0.95, 0.6, 0.8, 0.9]","[1, 15, 237, 255, 282, 336, 363, 380, 403, 430]",0.1512189995644438,horizon=50;,"[0.0, 1.0, 1.0, 1.0, 1.0, 1.0, 1.0, 1.0, 1.0, 1.0, 1.0, 1.0, 1.0, 1.0, 1.0, 0.55, 1.0, 0.95, 0.95, 1.0, 0.95, 0.6, 0.8, 0.9]","[1, 15, 29, 43, 57, 71, 85, 99, 113, 127, 141, 155, 169, 183, 210, 237, 255, 282, 309, 336, 363, 380, 403, 430]"
1,LR,Liberia,"[0.0, 1.0, 0.15, 0.75, 0.9, 0.95, 0.9, 0.7, 0.95, 1.0, 0.6, 1.0, 0.6, 1.0, 0.5]","[1, 15, 99, 120, 139, 153, 179, 199, 222, 236, 334, 352, 384, 402, 429]",0.03833010465927128,horizon=50;,"[0.0, 1.0, 1.0, 1.0, 1.0, 1.0, 1.0, 0.15, 0.75, 0.9, 0.95, 0.9, 0.7, 0.95, 1.0, 1.0, 1.0, 1.0, 1.0, 1.0, 1.0, 0.6, 1.0, 1.0, 0.6, 1.0, 0.5]","[1, 15, 29, 43, 57, 71, 85, 99, 120, 139, 153, 179, 199, 222, 236, 250, 264, 278, 292, 306, 320, 334, 352, 366, 384, 402, 429]"
2,LY,Libya,"[0.0, 1.0, 0.95, 0.7, 0.9, 0.85, 0.9, 0.85, 0.9, 0.85]","[1, 15, 222, 249, 271, 298, 325, 352, 423, 440]",0.1023655600159618,horizon=50;,"[0.0, 1.0, 1.0, 1.0, 1.0, 1.0, 1.0, 1.0, 1.0, 1.0, 1.0, 1.0, 1.0, 0.95, 0.7, 0.9, 0.85, 0.9, 0.85, 0.85, 0.85, 0.9, 0.85]","[1, 15, 29, 43, 57, 71, 85, 99, 113, 127, 141, 168, 195, 222, 249, 271, 298, 325, 352, 379, 406, 423, 440]"
3,LT,Lithuania,"[0.0, 1.0, 0.7, 0.85, 0.75, 0.9, 0.75]","[1, 15, 331, 358, 385, 407, 433]",0.4577237809628184,horizon=50;,"[0.0, 1.0, 1.0, 1.0, 1.0, 1.0, 1.0, 1.0, 1.0, 1.0, 1.0, 1.0, 1.0, 1.0, 1.0, 1.0, 1.0, 1.0, 0.7, 0.85, 0.75, 0.9, 0.75]","[1, 15, 29, 43, 57, 71, 85, 112, 139, 166, 193, 207, 221, 235, 249, 263, 277, 304, 331, 358, 385, 407, 433]"
4,LU,Luxembourg,"[0.0, 1.0, 0.45, 0.85, 0.95, 0.9, 1.0, 0.85, 1.0, 0.85, 0.6, 0.7, 0.8, 0.75]","[1, 15, 96, 117, 135, 153, 168, 222, 248, 275, 313, 328, 350, 412]",0.047386506454032834,horizon=50;,"[0.0, 1.0, 1.0, 1.0, 1.0, 1.0, 0.45, 0.85, 0.95, 0.9, 1.0, 1.0, 0.85, 1.0, 0.85, 0.85, 0.6, 0.7, 0.8, 0.8, 0.8, 0.75, 0.75]","[1, 15, 29, 43, 57, 78, 96, 117, 135, 153, 168, 195, 222, 248, 275, 289, 313, 328, 350, 377, 393, 412, 433]"
5,MG,Madagascar,"[0.0, 1.0, 0.85, 0.65, 0.85, 0.95, 0.9, 1.0, 0.9, 0.95, 1.0, 0.85, 0.95, 0.7]","[1, 15, 168, 195, 218, 245, 270, 297, 322, 349, 374, 388, 415, 442]",0.0580734780673607,horizon=50;,"[0.0, 1.0, 1.0, 1.0, 1.0, 1.0, 1.0, 1.0, 1.0, 1.0, 1.0, 0.85, 0.65, 0.85, 0.95, 0.9, 1.0, 0.9, 0.95, 1.0, 0.85, 0.95, 0.7]","[1, 15, 29, 43, 57, 71, 85, 99, 113, 127, 141, 168, 195, 218, 245, 270, 297, 322, 349, 374, 388, 415, 442]"
6,MW,Malawi,"[0.0, 1.0, 0.5, 0.8, 0.95, 1.0, 0.95, 1.0, 0.25, 0.75, 0.95, 1.0]","[1, 15, 189, 214, 237, 256, 310, 328, 376, 401, 423, 437]",0.048217661848486144,horizon=50;,"[0.0, 1.0, 1.0, 1.0, 1.0, 1.0, 1.0, 1.0, 1.0, 1.0, 0.5, 0.8, 0.95, 1.0, 1.0, 0.95, 1.0, 1.0, 1.0, 0.25, 0.75, 0.95, 1.0]","[1, 15, 29, 43, 57, 71, 85, 112, 139, 166, 189, 214, 237, 256, 283, 310, 328, 346, 360, 376, 401, 423, 437]"
7,MY,Malaysia,"[0.0, 1.0, 0.6, 0.55, 0.95, 0.9, 0.95, 1.0, 0.95, 0.85, 0.6, 0.85, 0.9, 0.8, 0.25, 0.65, 0.8, 0.7]","[1, 15, 84, 98, 119, 146, 173, 227, 254, 271, 292, 313, 330, 357, 378, 403, 425, 444]",0.05226909063310095,horizon=50;,"[0.0, 1.0, 1.0, 1.0, 1.0, 0.6, 0.55, 0.95, 0.9, 0.95, 0.95, 1.0, 0.95, 0.85, 0.6, 0.85, 0.9, 0.8, 0.25, 0.65, 0.8, 0.7]","[1, 15, 29, 43, 57, 84, 98, 119, 146, 173, 200, 227, 254, 271, 292, 313, 330, 357, 378, 403, 425, 444]"
8,MV,Maldives,"[0.0, 1.0, 0.35, 0.85, 0.9, 0.8, 0.85, 0.8, 0.95, 0.9, 0.75, 0.95, 1.0, 0.65, 0.75, 0.85]","[1, 15, 128, 150, 169, 199, 217, 245, 262, 289, 322, 347, 365, 391, 415, 440]",0.012006464890898592,horizon=50;,"[0.0, 1.0, 1.0, 1.0, 1.0, 1.0, 1.0, 1.0, 1.0, 0.35, 0.85, 0.9, 0.9, 0.8, 0.85, 0.85, 0.8, 0.95, 0.9, 0.9, 0.75, 0.95, 1.0, 0.65, 0.75, 0.85]","[1, 15, 29, 43, 57, 71, 85, 99, 114, 128, 150, 169, 184, 199, 217, 231, 245, 262, 289, 303, 322, 347, 365, 391, 415, 440]"
9,ML,Mali,"[0.0, 1.0, 0.45, 0.85, 0.95, 1.0, 0.95, 0.9, 0.8, 0.7, 0.8, 0.9, 0.95, 1.0, 0.9]","[1, 15, 113, 132, 178, 202, 274, 315, 330, 344, 360, 378, 395, 412, 430]",0.03723269296616655,horizon=50;,"[0.0, 1.0, 1.0, 1.0, 1.0, 1.0, 1.0, 0.45, 0.85, 0.85, 0.95, 1.0, 1.0, 1.0, 0.95, 0.95, 0.9, 0.8, 0.7, 0.8, 0.9, 0.95, 1.0, 0.9]","[1, 15, 29, 43, 57, 71, 92, 113, 132, 158, 178, 202, 229, 256, 274, 292, 315, 330, 344, 360, 378, 395, 412, 430]"
10,MT,Malta,"[0.0, 1.0, 0.8, 0.9, 0.7, 0.85, 0.9, 0.8, 0.85]","[1, 15, 282, 309, 331, 350, 377, 404, 431]",0.12403442288867628,horizon=50;,"[0.0, 1.0, 1.0, 1.0, 1.0, 1.0, 1.0, 1.0, 1.0, 1.0, 1.0, 1.0, 1.0, 1.0, 1.0, 0.8, 0.9, 0.7, 0.85, 0.9, 0.8, 0.85]","[1, 15, 29, 43, 57, 71, 85, 99, 113, 140, 167, 194, 214, 228, 255, 282, 309, 331, 350, 377, 404, 431]"
11,MR,Mauritania,"[0.0, 1.0, 0.4, 0.9, 0.95, 1.0, 0.95, 1.0, 0.75, 0.55, 0.7, 0.95, 1.0, 0.9]","[1, 15, 154, 181, 203, 225, 252, 279, 330, 345, 359, 383, 412, 427]",0.06640890057246362,horizon=50;,"[0.0, 1.0, 1.0, 1.0, 1.0, 1.0, 1.0, 1.0, 1.0, 1.0, 0.4, 0.9, 0.95, 1.0, 0.95, 1.0, 1.0, 0.75, 0.55, 0.7, 0.95, 0.95, 1.0, 0.9]","[1, 15, 29, 43, 57, 71, 85, 99, 113, 127, 154, 181, 203, 225, 252, 279, 306, 330, 345, 359, 383, 397, 412, 427]"
12,MU,Mauritius,"[0.0, 1.0, 0.35, 0.9, 1.0]","[1, 15, 90, 113, 134]",0.04440628370515964,horizon=50;,"[0.0, 1.0, 1.0, 1.0, 1.0, 1.0, 0.35, 0.9, 1.0, 1.0, 1.0, 1.0, 1.0, 1.0, 1.0, 1.0, 1.0, 1.0, 1.0, 1.0, 1.0, 1.0, 1.0, 1.0, 1.0, 1.0, 1.0, 1.0, 1.0, 1.0]","[1, 15, 29, 43, 57, 71, 90, 113, 134, 157, 171, 185, 199, 213, 227, 241, 255, 269, 283, 297, 311, 325, 339, 353, 367, 381, 395, 409, 423, 437]"
13,MX,Mexico,"[0.0, 1.0, 0.6, 0.45, 0.75, 0.8, 0.85, 0.9, 0.8, 0.9, 0.85, 0.8, 0.75, 0.8, 0.85]","[1, 15, 98, 119, 138, 172, 192, 220, 235, 252, 270, 321, 379, 425, 446]",0.02498514344186045,horizon=50;,"[0.0, 1.0, 1.0, 1.0, 1.0, 1.0, 0.6, 0.45, 0.75, 0.75, 0.8, 0.85, 0.85, 0.9, 0.8, 0.9, 0.85, 0.85, 0.85, 0.8, 0.8, 0.8, 0.75, 0.75, 0.75, 0.8, 0.85]","[1, 15, 29, 43, 57, 71, 98, 119, 138, 155, 172, 192, 206, 220, 235, 252, 270, 285, 299, 321, 339, 357, 379, 393, 407, 425, 446]"
14,MD,Moldova,"[0.0, 1.0, 0.9, 0.85, 0.95, 0.9, 0.95, 0.9, 0.85, 0.9, 0.85, 0.9, 0.8, 0.75]","[1, 15, 125, 152, 177, 204, 231, 254, 308, 322, 349, 366, 425, 451]",0.050003414094220766,horizon=50;,"[0.0, 1.0, 1.0, 1.0, 1.0, 1.0, 1.0, 0.9, 0.85, 0.95, 0.9, 0.95, 0.9, 0.9, 0.85, 0.9, 0.85, 0.9, 0.9, 0.9, 0.8, 0.75]","[1, 15, 29, 43, 57, 71, 98, 125, 152, 177, 204, 231, 254, 281, 308, 322, 349, 366, 383, 401, 425, 451]"
15,MN,Mongolia,"[0.0, 1.0, 0.6, 1.0]","[1, 15, 378, 403]",0.27703762298307777,horizon=50;,"[0.0, 1.0, 1.0, 1.0, 1.0, 1.0, 1.0, 1.0, 1.0, 1.0, 1.0, 1.0, 1.0, 1.0, 1.0, 1.0, 1.0, 1.0, 1.0, 1.0, 1.0, 1.0, 1.0, 1.0, 1.0, 1.0, 0.6, 1.0, 1.0]","[1, 15, 29, 43, 57, 71, 85, 99, 113, 127, 141, 155, 169, 183, 197, 211, 225, 239, 253, 267, 281, 295, 309, 323, 337, 351, 378, 403, 430]"
16,MA,Morocco,"[0.0, 1.0, 0.9, 0.85, 1.0, 0.9, 0.65, 0.8, 0.9, 0.85, 0.8, 0.85, 0.9, 0.85, 0.9, 0.95, 0.9]","[1, 15, 98, 125, 146, 200, 227, 244, 268, 285, 312, 328, 355, 386, 400, 423, 441]",0.02793983636040643,horizon=50;,"[0.0, 1.0, 1.0, 1.0, 1.0, 1.0, 0.9, 0.85, 1.0, 1.0, 0.9, 0.65, 0.8, 0.9, 0.85, 0.8, 0.85, 0.9, 0.9, 0.85, 0.9, 0.95, 0.9]","[1, 15, 29, 43, 57, 71, 98, 125, 146, 173, 200, 227, 244, 268, 285, 312, 328, 355, 369, 386, 400, 423, 441]"
0,MZ,Mozambique,"[0.0, 1.0, 0.8, 1.0, 0.6, 0.9, 0.95, 0.8, 0.95, 0.85, 0.65, 0.85, 0.9]","[1, 15, 209, 236, 261, 283, 310, 324, 348, 367, 387, 410, 428]",0.05526866346256582,horizon=50;,"[0.0, 1.0, 1.0, 1.0, 1.0, 1.0, 1.0, 1.0, 1.0, 1.0, 1.0, 1.0, 1.0, 0.8, 1.0, 0.6, 0.9, 0.95, 0.8, 0.95, 0.85, 0.65, 0.85, 0.9]","[1, 15, 29, 43, 57, 71, 85, 99, 113, 127, 141, 155, 182, 209, 236, 261, 283, 310, 324, 348, 367, 387, 410, 428]"
1,MM,Burma,"[0.0, 1.0, 0.4, 0.95, 0.85, 0.9, 1.0]","[1, 15, 291, 313, 339, 366, 418]",0.16227192473763366,horizon=50;,"[0.0, 1.0, 1.0, 1.0, 1.0, 1.0, 1.0, 1.0, 1.0, 1.0, 1.0, 1.0, 1.0, 1.0, 1.0, 1.0, 1.0, 0.4, 0.95, 0.85, 0.9, 0.9, 1.0, 1.0]","[1, 15, 29, 43, 57, 71, 85, 99, 113, 140, 167, 181, 195, 209, 223, 237, 264, 291, 313, 339, 366, 393, 418, 433]"
2,NA,Namibia,"[0.0, 1.0, 0.15, 0.9, 1.0, 0.6, 0.85, 0.75, 0.9, 0.85]","[1, 15, 237, 258, 285, 312, 335, 361, 408, 430]",0.09131805660829953,horizon=50;,"[0.0, 1.0, 1.0, 1.0, 1.0, 1.0, 1.0, 1.0, 1.0, 1.0, 1.0, 1.0, 1.0, 1.0, 1.0, 0.15, 0.9, 1.0, 0.6, 0.85, 0.75, 0.75, 0.9, 0.85]","[1, 15, 29, 43, 57, 71, 85, 99, 113, 127, 141, 155, 169, 183, 210, 237, 258, 285, 312, 335, 361, 384, 408, 430]"
3,NP,Nepal,"[0.0, 1.0, 0.55, 0.9, 0.8, 0.85, 0.8, 0.95, 0.85, 0.95, 0.55, 0.8]","[1, 15, 249, 270, 297, 324, 345, 371, 393, 409, 424, 443]",0.08074127222660779,horizon=50;,"[0.0, 1.0, 1.0, 1.0, 1.0, 1.0, 1.0, 1.0, 1.0, 1.0, 1.0, 1.0, 1.0, 1.0, 0.55, 0.9, 0.8, 0.85, 0.8, 0.95, 0.85, 0.95, 0.55, 0.8]","[1, 15, 29, 43, 57, 71, 85, 99, 113, 127, 141, 168, 195, 222, 249, 270, 297, 324, 345, 371, 393, 409, 424, 443]"
4,NL,Netherlands,"[0.0, 1.0, 0.5, 0.45, 0.9, 0.95, 1.0, 0.95, 1.0, 0.9, 0.95, 0.8, 0.65, 0.75, 0.65, 0.6, 0.75, 0.7]","[1, 15, 84, 100, 122, 149, 176, 190, 204, 241, 259, 278, 302, 329, 356, 371, 389, 413]",0.057281870485886226,horizon=50;,"[0.0, 1.0, 1.0, 1.0, 1.0, 0.5, 0.45, 0.9, 0.95, 1.0, 0.95, 1.0, 1.0, 0.9, 0.95, 0.8, 0.65, 0.75, 0.65, 0.6, 0.75, 0.7, 0.7]","[1, 15, 29, 43, 57, 84, 100, 122, 149, 176, 190, 204, 219, 241, 259, 278, 302, 329, 356, 371, 389, 413, 433]"
5,NZ,New Zealand,"[0.0, 1.0, 0.25, 0.8, 1.0, 0.7, 1.0, 0.5, 1.0, 0.8]","[1, 15, 104, 127, 148, 162, 187, 259, 282, 437]",0.014207482841423631,horizon=50;,"[0.0, 1.0, 1.0, 1.0, 1.0, 1.0, 1.0, 0.25, 0.8, 1.0, 0.7, 1.0, 1.0, 1.0, 1.0, 0.5, 1.0, 1.0, 1.0, 1.0, 1.0, 1.0, 1.0, 1.0, 1.0, 1.0, 0.8]","[1, 15, 29, 43, 57, 71, 85, 104, 127, 148, 162, 187, 205, 223, 237, 259, 282, 300, 318, 333, 347, 361, 375, 389, 403, 421, 437]"
6,NI,Nicaragua,"[0.0, 1.0, 0.7, 0.75, 0.55, 0.85, 0.9, 0.95, 0.9, 0.95, 0.9, 0.95, 0.85, 0.9, 0.85, 0.9]","[1, 15, 93, 108, 148, 169, 183, 238, 258, 279, 306, 320, 342, 360, 396, 412]",0.017316349421977618,horizon=50;,"[0.0, 1.0, 1.0, 1.0, 1.0, 1.0, 0.7, 0.75, 0.75, 0.55, 0.85, 0.9, 0.9, 0.9, 0.95, 0.9, 0.95, 0.9, 0.95, 0.85, 0.9, 0.9, 0.85, 0.9, 0.9]","[1, 15, 29, 43, 57, 71, 93, 108, 122, 148, 169, 183, 197, 212, 238, 258, 279, 306, 320, 342, 360, 378, 396, 412, 430]"
7,NE,Niger,"[0.0, 0.9, 1.0, 0.0, 0.7, 0.85, 0.95, 1.0, 0.95, 1.0, 0.85, 1.0, 0.55, 0.3, 0.7, 0.75, 0.9, 0.95, 0.85]","[1, 15, 29, 90, 112, 134, 157, 176, 203, 226, 253, 271, 323, 337, 358, 373, 397, 411, 447]",0.017862297338526394,horizon=50;,"[0.0, 0.9, 1.0, 1.0, 1.0, 1.0, 0.0, 0.7, 0.85, 0.95, 1.0, 0.95, 1.0, 0.85, 1.0, 1.0, 1.0, 0.55, 0.3, 0.7, 0.75, 0.9, 0.95, 0.95, 0.85]","[1, 15, 29, 43, 57, 71, 90, 112, 134, 157, 176, 203, 226, 253, 271, 289, 307, 323, 337, 358, 373, 397, 411, 426, 447]"
8,NG,Nigeria,"[0.0, 1.0, 0.2, 0.8, 0.85, 0.9, 0.95, 0.85, 1.0, 0.8, 0.9, 0.7, 0.75, 0.8, 0.85, 0.9]","[1, 15, 114, 138, 165, 215, 244, 258, 284, 301, 328, 355, 381, 395, 415, 442]",0.031065510922965524,horizon=50;,"[0.0, 1.0, 1.0, 1.0, 1.0, 1.0, 1.0, 0.2, 0.8, 0.85, 0.85, 0.9, 0.9, 0.95, 0.85, 1.0, 0.8, 0.9, 0.7, 0.75, 0.8, 0.85, 0.9]","[1, 15, 29, 43, 57, 71, 90, 114, 138, 165, 188, 215, 229, 244, 258, 284, 301, 328, 355, 381, 395, 415, 442]"
9,NO,Norway,"[0.0, 1.0, 0.8, 0.45, 0.85, 0.95, 0.85, 1.0, 0.85, 0.95, 0.85, 0.8, 0.15, 0.5, 0.65, 0.6, 0.85, 0.45]","[1, 15, 84, 98, 121, 137, 179, 206, 233, 250, 275, 302, 319, 345, 364, 386, 408, 427]",0.055681710135212406,horizon=50;,"[0.0, 1.0, 1.0, 1.0, 1.0, 0.8, 0.45, 0.85, 0.95, 0.95, 0.85, 1.0, 0.85, 0.95, 0.85, 0.8, 0.15, 0.5, 0.65, 0.6, 0.85, 0.45]","[1, 15, 29, 43, 57, 84, 98, 121, 137, 163, 179, 206, 233, 250, 275, 302, 319, 345, 364, 386, 408, 427]"
10,OM,Oman,"[0.0, 1.0, 0.55, 0.85, 0.7, 0.8, 0.85, 0.8, 0.85, 0.9, 0.95, 0.85, 0.75]","[1, 15, 125, 144, 160, 184, 250, 267, 288, 331, 373, 398, 430]",0.025127276063283167,horizon=50;,"[0.0, 1.0, 1.0, 1.0, 1.0, 1.0, 1.0, 0.55, 0.85, 0.7, 0.8, 0.8, 0.8, 0.85, 0.8, 0.85, 0.85, 0.9, 0.9, 0.9, 0.95, 0.85, 0.85, 0.75]","[1, 15, 29, 43, 57, 71, 98, 125, 144, 160, 184, 203, 224, 250, 267, 288, 308, 331, 345, 359, 373, 398, 412, 430]"
11,PK,Pakistan,"[0.0, 1.0, 0.8, 0.55, 0.8, 0.95, 0.9, 0.8, 0.75, 0.85, 0.9, 0.85, 0.9]","[1, 15, 98, 122, 140, 206, 251, 293, 328, 355, 382, 409, 435]",0.04473563063208746,horizon=50;,"[0.0, 1.0, 1.0, 1.0, 1.0, 1.0, 0.8, 0.55, 0.8, 0.8, 0.8, 0.95, 0.95, 0.9, 0.9, 0.8, 0.8, 0.75, 0.85, 0.9, 0.85, 0.9]","[1, 15, 29, 43, 57, 71, 98, 122, 140, 158, 183, 206, 224, 251, 267, 293, 312, 328, 355, 382, 409, 435]"
12,PA,Panama,"[0.0, 1.0, 0.95, 0.65, 0.95, 0.8, 0.75, 0.85, 0.9, 0.85, 0.75, 0.7, 0.8, 0.85, 0.8]","[1, 15, 98, 121, 142, 167, 194, 215, 258, 272, 350, 371, 391, 425, 439]",0.03655972529689,horizon=50;,"[0.0, 1.0, 1.0, 1.0, 1.0, 1.0, 0.95, 0.65, 0.95, 0.8, 0.75, 0.85, 0.85, 0.9, 0.85, 0.85, 0.85, 0.75, 0.7, 0.8, 0.8, 0.85, 0.8]","[1, 15, 29, 43, 57, 71, 98, 121, 142, 167, 194, 215, 239, 258, 272, 296, 323, 350, 371, 391, 405, 425, 439]"
13,PG,Papua New Guinea,"[0.0, 1.0, 0.35, 0.9, 1.0, 0.65, 0.6, 1.0, 0.0, 0.45]","[1, 15, 218, 241, 295, 349, 364, 384, 424, 451]",0.03402355468674402,horizon=50;,"[0.0, 1.0, 1.0, 1.0, 1.0, 1.0, 1.0, 1.0, 1.0, 1.0, 1.0, 1.0, 1.0, 1.0, 1.0, 0.35, 0.9, 0.9, 1.0, 1.0, 0.65, 0.6, 1.0, 1.0, 0.0, 0.45]","[1, 15, 29, 43, 57, 71, 85, 99, 113, 127, 141, 155, 169, 183, 197, 218, 241, 268, 295, 322, 349, 364, 384, 410, 424, 451]"
14,PY,Paraguay,"[0.0, 1.0, 0.55, 0.85, 0.9, 0.85, 0.9, 0.8, 0.9, 0.85]","[1, 15, 247, 266, 293, 320, 347, 368, 389, 403]",0.09385502494666564,horizon=50;,"[0.0, 1.0, 1.0, 1.0, 1.0, 1.0, 1.0, 1.0, 1.0, 1.0, 1.0, 1.0, 0.55, 0.85, 0.9, 0.85, 0.9, 0.8, 0.9, 0.85, 0.85]","[1, 15, 29, 43, 57, 71, 85, 112, 139, 166, 193, 220, 247, 266, 293, 320, 347, 368, 389, 403, 428]"
15,PE,Peru,"[0.0, 1.0, 0.75, 0.5, 0.75, 0.8, 0.85, 0.75, 0.8, 0.85, 0.95, 0.85, 0.8, 0.75, 0.8, 0.75, 0.65, 0.75, 0.8]","[1, 15, 98, 118, 138, 153, 180, 207, 223, 242, 264, 278, 310, 337, 355, 373, 396, 423, 447]",0.03129287594854571,horizon=50;,"[0.0, 1.0, 1.0, 1.0, 1.0, 1.0, 0.75, 0.5, 0.75, 0.8, 0.85, 0.75, 0.8, 0.85, 0.95, 0.85, 0.85, 0.8, 0.75, 0.8, 0.75, 0.65, 0.75, 0.8]","[1, 15, 29, 43, 57, 71, 98, 118, 138, 153, 180, 207, 223, 242, 264, 278, 292, 310, 337, 355, 373, 396, 423, 447]"
16,PH,Philippines,"[0.0, 1.0, 0.45, 0.85, 0.9, 0.95, 0.85, 0.8, 0.85, 0.8, 0.85, 0.9, 0.85, 0.9, 0.8, 0.85, 0.9]","[1, 15, 101, 122, 136, 162, 180, 204, 224, 242, 269, 304, 349, 363, 386, 413, 432]",0.02879779634440027,horizon=50;,"[0.0, 1.0, 1.0, 1.0, 1.0, 1.0, 0.45, 0.85, 0.9, 0.95, 0.85, 0.8, 0.85, 0.8, 0.85, 0.85, 0.9, 0.9, 0.9, 0.85, 0.9, 0.8, 0.85, 0.9]","[1, 15, 29, 43, 57, 84, 101, 122, 136, 162, 180, 204, 224, 242, 269, 283, 304, 321, 335, 349, 363, 386, 413, 432]"
17,PL,Poland,"[0.0, 1.0, 0.55, 0.9, 0.85, 0.95, 0.85, 0.9, 0.65, 0.7, 0.8, 0.85, 0.8, 0.85]","[1, 15, 110, 133, 187, 206, 224, 257, 281, 316, 341, 364, 383, 437]",0.03614382415906126,horizon=50;,"[0.0, 1.0, 1.0, 1.0, 1.0, 1.0, 0.55, 0.9, 0.9, 0.85, 0.95, 0.85, 0.85, 0.9, 0.65, 0.65, 0.7, 0.8, 0.85, 0.8, 0.8, 0.85]","[1, 15, 29, 43, 57, 84, 110, 133, 160, 187, 206, 224, 241, 257, 281, 295, 316, 341, 364, 383, 410, 437]"
18,PT,Portugal,"[0.0, 1.0, 0.45, 0.9, 0.95, 0.9, 0.95, 0.9, 0.8, 0.7, 0.75, 0.8, 0.6, 0.8, 0.9]","[1, 15, 104, 125, 179, 198, 225, 248, 291, 311, 331, 351, 389, 410, 430]",0.036545227821086365,horizon=50;,"[0.0, 1.0, 1.0, 1.0, 1.0, 1.0, 0.45, 0.9, 0.9, 0.95, 0.9, 0.95, 0.9, 0.9, 0.8, 0.7, 0.75, 0.8, 0.8, 0.6, 0.8, 0.9]","[1, 15, 29, 43, 57, 84, 104, 125, 152, 179, 198, 225, 248, 268, 291, 311, 331, 351, 365, 389, 410, 430]"
0,QA,Qatar,"[0.0, 1.0, 0.55, 0.9, 0.15, 0.0]","[1, 15, 120, 138, 153, 167]",0.6662421366443859,horizon=50;,"[0.0, 1.0, 1.0, 1.0, 1.0, 1.0, 1.0, 0.55, 0.9, 0.15, 0.0, 0.0, 0.0, 0.0, 0.0, 0.0, 0.0, 0.0, 0.0, 0.0, 0.0, 0.0, 0.0, 0.0, 0.0]","[1, 15, 29, 43, 57, 71, 94, 120, 138, 153, 167, 181, 195, 209, 223, 237, 251, 265, 279, 293, 320, 347, 374, 401, 428]"
1,RO,Romania,"[0.0, 1.0, 0.5, 0.85, 0.9, 0.95, 0.8, 0.85, 0.8, 0.85, 0.75, 0.8, 0.85, 0.8, 0.75]","[1, 15, 108, 128, 145, 168, 185, 205, 230, 251, 301, 328, 378, 399, 442]",0.025629827742533928,horizon=50;,"[0.0, 1.0, 1.0, 1.0, 1.0, 1.0, 0.5, 0.85, 0.9, 0.95, 0.8, 0.85, 0.8, 0.85, 0.85, 0.75, 0.8, 0.8, 0.85, 0.8, 0.8, 0.75]","[1, 15, 29, 43, 57, 84, 108, 128, 145, 168, 185, 205, 230, 251, 274, 301, 328, 354, 378, 399, 417, 442]"
2,RU,Russia,"[0.0, 1.0, 0.3, 0.75, 0.8, 0.85, 0.8, 0.75, 0.8, 0.85, 0.8, 0.85, 0.8]","[1, 15, 117, 137, 155, 215, 262, 293, 320, 381, 397, 424, 441]",0.020520885511237083,horizon=50;,"[0.0, 1.0, 1.0, 1.0, 1.0, 1.0, 1.0, 0.3, 0.75, 0.8, 0.8, 0.8, 0.85, 0.85, 0.8, 0.8, 0.75, 0.8, 0.8, 0.8, 0.85, 0.8, 0.85, 0.8]","[1, 15, 29, 43, 57, 71, 98, 117, 137, 155, 182, 196, 215, 242, 262, 276, 293, 320, 334, 356, 381, 397, 424, 441]"
3,RW,Rwanda,"[0.0, 1.0, 0.65, 1.0, 0.8, 1.0, 0.8, 0.75, 0.9, 0.95]","[1, 15, 251, 274, 301, 325, 350, 377, 401, 428]",0.120854997589823,horizon=50;,"[0.0, 1.0, 1.0, 1.0, 1.0, 1.0, 1.0, 1.0, 1.0, 1.0, 1.0, 1.0, 1.0, 1.0, 1.0, 1.0, 0.65, 1.0, 0.8, 1.0, 0.8, 0.75, 0.9, 0.95]","[1, 15, 29, 43, 57, 71, 85, 99, 113, 127, 141, 155, 169, 183, 197, 224, 251, 274, 301, 325, 350, 377, 401, 428]"
4,LC,Saint Lucia,"[0.0, 1.0, 0.5, 0.8, 0.9, 0.4, 0.85, 0.75]","[1, 15, 339, 360, 379, 404, 423, 442]",0.3141687524596617,horizon=50;,"[0.0, 1.0, 1.0, 1.0, 1.0, 1.0, 1.0, 1.0, 1.0, 1.0, 1.0, 1.0, 1.0, 1.0, 1.0, 1.0, 1.0, 1.0, 1.0, 1.0, 1.0, 1.0, 1.0, 0.5, 0.8, 0.9, 0.4, 0.85, 0.75]","[1, 15, 29, 43, 57, 71, 85, 99, 113, 127, 141, 155, 169, 183, 197, 211, 225, 239, 253, 267, 281, 295, 322, 339, 360, 379, 404, 423, 442]"
5,VC,Saint Vincent and the Grenadines,"[0.0, 1.0, 0.2, 0.85]","[1, 15, 406, 427]",0.4424158992522629,horizon=50;,"[0.0, 1.0, 1.0, 1.0, 1.0, 1.0, 1.0, 1.0, 1.0, 1.0, 1.0, 1.0, 1.0, 1.0, 1.0, 1.0, 1.0, 1.0, 1.0, 1.0, 1.0, 1.0, 1.0, 1.0, 1.0, 1.0, 1.0, 1.0, 0.2, 0.85]","[1, 15, 29, 43, 57, 71, 85, 99, 113, 127, 141, 155, 169, 183, 197, 211, 225, 239, 253, 267, 281, 295, 309, 323, 337, 351, 365, 392, 406, 427]"
6,ST,Sao Tome and Principe,"[0.0, 0.95, 1.0, 0.15, 0.85, 1.0, 0.8, 0.85, 1.0, 0.6, 0.9, 1.0, 0.15, 0.3, 0.85]","[1, 15, 29, 127, 151, 171, 198, 225, 243, 306, 332, 359, 409, 423, 443]",0.011276850530406116,horizon=50;,"[0.0, 0.95, 1.0, 1.0, 1.0, 1.0, 1.0, 1.0, 1.0, 0.15, 0.85, 1.0, 0.8, 0.85, 1.0, 1.0, 1.0, 0.6, 0.9, 1.0, 1.0, 1.0, 0.15, 0.3, 0.85]","[1, 15, 29, 43, 57, 71, 85, 99, 113, 127, 151, 171, 198, 225, 243, 261, 279, 306, 332, 359, 377, 395, 409, 423, 443]"
7,SA,Saudi Arabia,"[0.0, 1.0, 0.95, 0.6, 0.85, 0.75, 0.8, 0.9, 0.8, 0.85, 0.9, 0.85, 0.9, 0.95, 0.9, 0.85]","[1, 15, 98, 119, 139, 164, 191, 217, 236, 253, 294, 321, 343, 399, 413, 431]",0.028238267822059605,horizon=50;,"[0.0, 1.0, 1.0, 1.0, 1.0, 1.0, 0.95, 0.6, 0.85, 0.75, 0.8, 0.9, 0.8, 0.85, 0.85, 0.9, 0.85, 0.9, 0.9, 0.9, 0.95, 0.9, 0.85]","[1, 15, 29, 43, 57, 71, 98, 119, 139, 164, 191, 217, 236, 253, 267, 294, 321, 343, 361, 377, 399, 413, 431]"
8,SN,Senegal,"[0.0, 1.0, 0.45, 0.85, 0.8, 0.9, 0.85, 0.95, 0.9, 0.95, 0.9, 0.7, 0.75, 0.85, 0.9]","[1, 15, 131, 151, 177, 215, 231, 251, 284, 311, 329, 352, 379, 402, 440]",0.03856211661195782,horizon=50;,"[0.0, 1.0, 1.0, 1.0, 1.0, 1.0, 1.0, 1.0, 0.45, 0.85, 0.8, 0.8, 0.9, 0.85, 0.95, 0.95, 0.9, 0.95, 0.9, 0.7, 0.75, 0.85, 0.85, 0.9]","[1, 15, 29, 43, 57, 71, 85, 105, 131, 151, 177, 192, 215, 231, 251, 265, 284, 311, 329, 352, 379, 402, 417, 440]"
9,RS,Serbia,"[0.0, 1.0, 0.8, 1.0, 0.75, 0.95, 1.0, 0.95, 0.65, 0.8, 0.85, 0.75, 0.65, 0.75]","[1, 15, 125, 148, 201, 223, 250, 304, 330, 351, 375, 389, 408, 435]",0.05398341582538672,horizon=50;,"[0.0, 1.0, 1.0, 1.0, 1.0, 1.0, 1.0, 0.8, 1.0, 1.0, 0.75, 0.95, 1.0, 1.0, 0.95, 0.65, 0.8, 0.85, 0.75, 0.65, 0.75]","[1, 15, 29, 43, 57, 71, 98, 125, 148, 175, 201, 223, 250, 277, 304, 330, 351, 375, 389, 408, 435]"
10,SC,Seychelles,"[0.0, 1.0, 0.2, 0.75, 0.8]","[1, 16, 395, 415, 439]",0.3685434474616294,horizon=50;,"[0.0, 1.0, 1.0, 1.0, 1.0, 1.0, 1.0, 1.0, 1.0, 1.0, 1.0, 1.0, 1.0, 1.0, 1.0, 1.0, 1.0, 1.0, 1.0, 1.0, 1.0, 1.0, 1.0, 1.0, 1.0, 1.0, 1.0, 0.2, 0.75, 0.8]","[1, 16, 30, 44, 58, 72, 86, 100, 114, 128, 142, 156, 170, 184, 198, 212, 226, 240, 254, 268, 282, 296, 310, 324, 338, 352, 379, 395, 415, 439]"
11,SL,Sierra Leone,"[0.0, 1.0, 0.1, 0.75, 0.95, 1.0, 0.9, 0.95, 0.9, 1.0, 0.65, 1.0, 0.7, 0.8, 0.9, 0.85, 0.9, 1.0]","[1, 15, 117, 144, 162, 179, 193, 216, 264, 285, 303, 323, 350, 368, 386, 404, 422, 436]",0.016052926450510714,horizon=50;,"[0.0, 1.0, 1.0, 1.0, 1.0, 1.0, 1.0, 1.0, 0.1, 0.75, 0.95, 1.0, 0.9, 0.95, 0.95, 0.9, 1.0, 0.65, 1.0, 0.7, 0.8, 0.9, 0.85, 0.9, 1.0]","[1, 15, 29, 43, 57, 71, 85, 99, 117, 144, 162, 179, 193, 216, 243, 264, 285, 303, 323, 350, 368, 386, 404, 422, 436]"
12,SG,Singapore,"[0.0, 1.0, 0.45, 0.8, 0.0, 0.15, 0.5, 1.0, 0.65, 0.85, 0.8, 0.45, 1.0]","[1, 16, 90, 114, 150, 191, 218, 234, 297, 315, 333, 350, 370]",0.009750110370986149,horizon=50;,"[0.0, 1.0, 1.0, 1.0, 1.0, 1.0, 0.45, 0.8, 0.8, 0.0, 0.0, 0.15, 0.5, 1.0, 1.0, 1.0, 0.65, 0.85, 0.8, 0.45, 1.0, 1.0, 1.0, 1.0, 1.0]","[1, 16, 30, 44, 58, 72, 90, 114, 129, 150, 164, 191, 218, 234, 252, 270, 297, 315, 333, 350, 370, 388, 406, 422, 436]"
13,SK,Slovakia,"[0.0, 1.0, 0.35, 0.85, 0.6, 0.85, 0.75, 0.8]","[1, 15, 331, 352, 379, 399, 425, 440]",0.3829427873482489,horizon=50;,"[0.0, 1.0, 1.0, 1.0, 1.0, 1.0, 1.0, 1.0, 1.0, 1.0, 1.0, 1.0, 1.0, 1.0, 1.0, 1.0, 1.0, 1.0, 0.35, 0.85, 0.6, 0.85, 0.75, 0.8]","[1, 15, 29, 43, 57, 71, 85, 99, 126, 153, 180, 194, 208, 222, 236, 250, 277, 304, 331, 352, 379, 399, 425, 440]"
14,SI,Slovenia,"[0.0, 1.0, 0.95, 1.0, 0.65, 0.8, 0.85, 0.8]","[1, 15, 125, 152, 315, 338, 365, 436]",0.2137219952898855,horizon=50;,"[0.0, 1.0, 1.0, 1.0, 1.0, 1.0, 1.0, 0.95, 1.0, 1.0, 1.0, 1.0, 1.0, 1.0, 1.0, 1.0, 1.0, 1.0, 0.65, 0.8, 0.85, 0.85, 0.85, 0.8]","[1, 15, 29, 43, 57, 71, 98, 125, 152, 176, 190, 204, 218, 232, 246, 260, 274, 288, 315, 338, 365, 392, 419, 436]"
15,SB,Solomon Islands,"[0.0, 1.0]","[1, 57]",0.22728677685950416,horizon=50;,"[0.0, 0.0, 0.0, 0.0, 1.0, 1.0, 1.0, 1.0, 1.0, 1.0, 1.0, 1.0, 1.0, 1.0, 1.0, 1.0, 1.0, 1.0, 1.0, 1.0, 1.0, 1.0, 1.0, 1.0, 1.0, 1.0, 1.0, 1.0, 1.0, 1.0, 1.0, 1.0]","[1, 15, 29, 43, 57, 71, 85, 99, 113, 127, 141, 155, 169, 183, 197, 211, 225, 239, 253, 267, 281, 295, 309, 323, 337, 351, 365, 379, 393, 407, 421, 435]"
16,SO,Somalia,"[0.0, 1.0, 0.3, 0.9, 0.95, 1.0, 0.95, 1.0, 0.85, 0.95, 0.85, 0.95, 1.0, 0.5, 0.65]","[1, 15, 123, 143, 160, 186, 240, 267, 312, 326, 343, 361, 383, 414, 428]",0.03643118213565007,horizon=50;,"[0.0, 1.0, 1.0, 1.0, 1.0, 1.0, 1.0, 1.0, 0.3, 0.9, 0.95, 1.0, 1.0, 0.95, 1.0, 1.0, 0.85, 0.95, 0.85, 0.95, 1.0, 1.0, 0.5, 0.65]","[1, 15, 29, 43, 57, 71, 85, 104, 123, 143, 160, 186, 213, 240, 267, 285, 312, 326, 343, 361, 383, 397, 414, 428]"
17,ZA,South Africa,"[0.0, 1.0, 0.65, 0.75, 0.8, 0.9, 0.85, 0.9, 0.8, 0.7, 0.8, 0.9, 0.85]","[1, 15, 125, 148, 196, 249, 293, 320, 334, 359, 395, 417, 444]",0.034320197709174965,horizon=50;,"[0.0, 1.0, 1.0, 1.0, 1.0, 1.0, 1.0, 0.65, 0.75, 0.75, 0.8, 0.8, 0.9, 0.9, 0.85, 0.9, 0.8, 0.7, 0.7, 0.8, 0.9, 0.85]","[1, 15, 29, 43, 57, 71, 98, 125, 148, 175, 196, 223, 249, 266, 293, 320, 334, 359, 373, 395, 417, 444]"
0,ES,Spain,"[0.0, 1.0, 0.85, 0.0, 0.75, 0.95, 1.0, 0.65, 1.0, 0.65, 0.55, 0.7, 0.65, 0.8, 0.75, 0.7, 0.65, 0.8, 0.75]","[1, 15, 70, 84, 111, 129, 156, 178, 203, 230, 257, 283, 310, 337, 364, 391, 405, 425, 452]",0.06384909138483774,horizon=50;,"[0.0, 1.0, 1.0, 1.0, 0.85, 0.0, 0.75, 0.95, 1.0, 0.65, 1.0, 0.65, 0.55, 0.7, 0.65, 0.8, 0.75, 0.7, 0.65, 0.8, 0.75]","[1, 15, 29, 43, 70, 84, 111, 129, 156, 178, 203, 230, 257, 283, 310, 337, 364, 391, 405, 425, 452]"
1,LK,Sri Lanka,"[0.0, 1.0, 0.9, 1.0, 0.2, 0.85, 0.8, 0.55, 0.8, 0.85]","[1, 15, 125, 144, 331, 351, 378, 399, 422, 442]",0.17784649153590593,horizon=50;,"[0.0, 1.0, 1.0, 1.0, 1.0, 1.0, 1.0, 0.9, 1.0, 1.0, 1.0, 1.0, 1.0, 1.0, 1.0, 1.0, 1.0, 1.0, 1.0, 0.2, 0.85, 0.8, 0.55, 0.8, 0.85]","[1, 15, 29, 43, 57, 71, 98, 125, 144, 171, 185, 199, 213, 227, 241, 255, 269, 283, 310, 331, 351, 378, 399, 422, 442]"
2,SD,Sudan,"[0.0, 1.0, 0.35, 0.75, 0.95, 0.9, 1.0, 0.15, 0.8, 0.95, 0.9, 0.8, 0.9, 1.0, 0.9]","[1, 15, 122, 143, 182, 223, 247, 312, 332, 349, 379, 395, 410, 425, 444]",0.05885887264752216,horizon=50;,"[0.0, 1.0, 1.0, 1.0, 1.0, 1.0, 1.0, 0.35, 0.75, 0.75, 0.95, 0.95, 0.9, 1.0, 1.0, 1.0, 1.0, 0.15, 0.8, 0.95, 0.95, 0.9, 0.8, 0.9, 1.0, 0.9]","[1, 15, 29, 43, 57, 71, 98, 122, 143, 158, 182, 202, 223, 247, 265, 279, 297, 312, 332, 349, 363, 379, 395, 410, 425, 444]"
3,SR,Suriname,"[0.0, 1.0, 0.7, 1.0, 0.25, 0.8, 0.9, 0.7, 0.8, 0.9, 1.0, 0.9, 0.95, 0.5, 0.85, 0.9, 0.95]","[1, 15, 102, 125, 167, 191, 208, 231, 250, 266, 289, 306, 351, 372, 396, 419, 439]",0.018890109860810682,horizon=50;,"[0.0, 1.0, 1.0, 1.0, 1.0, 1.0, 1.0, 0.7, 1.0, 1.0, 1.0, 0.25, 0.8, 0.9, 0.7, 0.8, 0.9, 1.0, 0.9, 0.9, 0.95, 0.5, 0.85, 0.9, 0.95]","[1, 15, 29, 43, 57, 71, 86, 102, 125, 139, 153, 167, 191, 208, 231, 250, 266, 289, 306, 324, 351, 372, 396, 419, 439]"
4,SE,Sweden,"[0.0, 1.0, 0.8, 0.5, 0.8, 0.9, 0.95, 0.7, 0.6, 0.7, 0.75, 0.7, 0.8, 0.85, 0.8]","[1, 15, 84, 101, 123, 146, 231, 316, 330, 344, 359, 380, 406, 420, 446]",0.035252524957519495,horizon=50;,"[0.0, 1.0, 1.0, 1.0, 1.0, 0.8, 0.5, 0.8, 0.9, 0.9, 0.9, 0.9, 0.95, 0.95, 0.95, 0.95, 0.95, 0.7, 0.6, 0.7, 0.75, 0.7, 0.8, 0.85, 0.8]","[1, 15, 29, 43, 57, 84, 101, 123, 146, 173, 191, 205, 231, 245, 259, 273, 289, 316, 330, 344, 359, 380, 406, 420, 446]"
5,CH,Switzerland,"[0.0, 1.0, 0.75, 0.5, 0.9, 1.0, 0.95, 1.0, 0.95, 0.45, 0.75, 0.8, 0.85, 0.8]","[1, 15, 84, 100, 121, 148, 175, 193, 258, 310, 332, 355, 400, 445]",0.04840099555190094,horizon=50;,"[0.0, 1.0, 1.0, 1.0, 1.0, 0.75, 0.5, 0.9, 1.0, 0.95, 1.0, 1.0, 1.0, 0.95, 0.95, 0.45, 0.75, 0.8, 0.8, 0.85, 0.85, 0.8]","[1, 15, 29, 43, 57, 84, 100, 121, 148, 175, 193, 211, 231, 258, 283, 310, 332, 355, 380, 400, 418, 445]"
6,SY,Syria,"[0.0, 1.0, 0.7, 0.9, 0.8, 0.95, 0.9, 0.85, 0.95, 0.9]","[1, 15, 208, 229, 253, 269, 295, 349, 384, 443]",0.03987801152518432,horizon=50;,"[0.0, 1.0, 1.0, 1.0, 1.0, 1.0, 1.0, 1.0, 1.0, 1.0, 1.0, 1.0, 0.7, 0.9, 0.8, 0.95, 0.9, 0.9, 0.85, 0.85, 0.95, 0.95, 0.95, 0.9]","[1, 15, 29, 43, 57, 71, 85, 99, 113, 127, 154, 181, 208, 229, 253, 269, 295, 322, 349, 363, 384, 401, 424, 443]"
7,TW,Taiwan*,"[0.0, 1.0, 0.0, 0.9, 0.65, 0.9, 0.95, 0.5, 1.0, 0.5, 0.9]","[1, 15, 43, 70, 94, 116, 134, 149, 170, 410, 433]",0.035910567365674315,horizon=50;,"[0.0, 1.0, 1.0, 0.0, 0.9, 0.65, 0.9, 0.95, 0.5, 1.0, 1.0, 1.0, 1.0, 1.0, 1.0, 1.0, 1.0, 1.0, 1.0, 1.0, 1.0, 1.0, 1.0, 1.0, 1.0, 0.5, 0.9]","[1, 15, 29, 43, 70, 94, 116, 134, 149, 170, 187, 201, 215, 229, 243, 257, 271, 285, 299, 313, 327, 341, 355, 369, 383, 410, 433]"
8,TJ,Tajikistan,"[0.0, 1.0, 0.0, 0.75, 1.0, 0.85, 0.95, 0.9, 1.0, 0.95, 1.0]","[1, 15, 127, 154, 169, 223, 276, 303, 354, 381, 408]",0.05081280369920296,horizon=50;,"[0.0, 1.0, 1.0, 1.0, 1.0, 1.0, 1.0, 1.0, 1.0, 0.0, 0.75, 1.0, 1.0, 0.85, 0.85, 0.95, 0.9, 0.9, 1.0, 0.95, 1.0, 1.0]","[1, 15, 29, 43, 57, 71, 85, 99, 113, 127, 154, 169, 196, 223, 250, 276, 303, 330, 354, 381, 408, 433]"
9,TZ,Tanzania,"[0.0, 0.95, 1.0, 0.15, 0.75, 0.95, 1.0]","[1, 15, 29, 101, 125, 147, 161]",0.054011479270879716,horizon=50;,"[0.0, 0.95, 1.0, 1.0, 1.0, 1.0, 1.0, 0.15, 0.75, 0.95, 1.0, 1.0, 1.0, 1.0, 1.0, 1.0, 1.0, 1.0, 1.0, 1.0, 1.0, 1.0, 1.0, 1.0, 1.0, 1.0, 1.0, 1.0, 1.0, 1.0]","[1, 15, 29, 43, 57, 71, 85, 101, 125, 147, 161, 175, 189, 203, 217, 231, 245, 259, 273, 287, 301, 315, 329, 343, 357, 371, 385, 399, 413, 427]"
10,TH,Thailand,"[0.0, 1.0, 0.15, 0.7, 0.35, 0.85, 1.0, 0.3, 0.7, 1.0, 0.65, 1.0, 0.55, 0.75, 1.0, 0.0, 0.65, 0.0]","[1, 15, 57, 77, 93, 117, 137, 156, 183, 204, 267, 285, 312, 330, 348, 365, 389, 414]",0.01653488701722139,horizon=50;,"[0.0, 1.0, 1.0, 1.0, 0.15, 0.7, 0.35, 0.85, 1.0, 0.3, 0.7, 1.0, 1.0, 1.0, 0.65, 1.0, 0.55, 0.75, 1.0, 0.0, 0.65, 0.0, 0.0]","[1, 15, 29, 43, 57, 77, 93, 117, 137, 156, 183, 204, 222, 240, 267, 285, 312, 330, 348, 365, 389, 414, 428]"
11,TL,Timor-Leste,"[0.0, 1.0]","[1, 57]",0.2512787091696181,horizon=50;,"[0.0, 0.0, 0.0, 0.0, 1.0, 1.0, 1.0, 1.0, 1.0, 1.0, 1.0, 1.0, 1.0, 1.0, 1.0, 1.0, 1.0, 1.0, 1.0, 1.0, 1.0, 1.0, 1.0, 1.0, 1.0, 1.0, 1.0, 1.0, 1.0, 1.0, 1.0, 1.0]","[1, 15, 29, 43, 57, 71, 85, 99, 113, 127, 141, 155, 169, 183, 197, 211, 225, 239, 253, 267, 281, 295, 309, 323, 337, 351, 365, 379, 393, 407, 421, 435]"
12,TG,Togo,"[0.0, 1.0, 0.4, 0.8, 0.9, 1.0, 0.65, 0.7, 0.9, 0.8, 0.95, 0.85, 0.95, 0.75, 0.9, 0.6]","[1, 15, 92, 115, 135, 159, 195, 223, 242, 268, 287, 322, 344, 380, 406, 441]",0.012591219822620544,horizon=50;,"[0.0, 1.0, 1.0, 1.0, 1.0, 1.0, 0.4, 0.8, 0.9, 1.0, 1.0, 0.65, 0.65, 0.7, 0.9, 0.8, 0.95, 0.95, 0.85, 0.95, 0.95, 0.75, 0.9, 0.9, 0.6]","[1, 15, 29, 43, 57, 71, 92, 115, 135, 159, 176, 195, 209, 223, 242, 268, 287, 302, 322, 344, 360, 380, 406, 420, 441]"
13,TT,Trinidad and Tobago,"[0.0, 1.0, 0.35, 0.9, 1.0, 0.05, 0.75, 0.9, 0.85, 0.9, 0.8, 0.9, 0.6, 0.8, 0.85]","[1, 15, 91, 114, 129, 237, 262, 284, 298, 323, 345, 368, 382, 400, 419]",0.020485504109117626,horizon=50;,"[0.0, 1.0, 1.0, 1.0, 1.0, 1.0, 0.35, 0.9, 1.0, 1.0, 1.0, 1.0, 1.0, 1.0, 1.0, 0.05, 0.75, 0.9, 0.85, 0.9, 0.8, 0.9, 0.6, 0.8, 0.85, 0.85]","[1, 15, 29, 43, 57, 71, 91, 114, 129, 147, 161, 175, 189, 203, 222, 237, 262, 284, 298, 323, 345, 368, 382, 400, 419, 433]"
14,TN,Tunisia,"[0.0, 1.0, 0.7, 0.8, 0.85, 0.95, 0.8, 0.85, 0.9, 0.95]","[1, 15, 282, 309, 336, 359, 378, 403, 423, 449]",0.10923984913351067,horizon=50;,"[0.0, 1.0, 1.0, 1.0, 1.0, 1.0, 1.0, 1.0, 1.0, 1.0, 1.0, 1.0, 1.0, 1.0, 1.0, 0.7, 0.8, 0.85, 0.95, 0.8, 0.85, 0.9, 0.95]","[1, 15, 29, 43, 57, 71, 98, 125, 152, 172, 186, 200, 214, 228, 255, 282, 309, 336, 359, 378, 403, 423, 449]"
15,TR,Turkey,"[0.0, 1.0, 0.1, 0.8, 0.95, 0.9, 0.85, 0.75, 0.85, 0.8, 0.85, 0.65, 0.85]","[1, 15, 98, 120, 144, 167, 190, 254, 281, 330, 380, 395, 430]",0.032934648579023736,horizon=50;,"[0.0, 1.0, 1.0, 1.0, 1.0, 1.0, 0.1, 0.8, 0.95, 0.9, 0.85, 0.85, 0.85, 0.75, 0.85, 0.85, 0.8, 0.8, 0.8, 0.85, 0.65, 0.65, 0.85]","[1, 15, 29, 43, 57, 84, 98, 120, 144, 167, 190, 212, 235, 254, 281, 308, 330, 344, 360, 380, 395, 409, 430]"
16,UG,Uganda,"[0.0, 1.0, 0.3, 0.95, 0.9, 0.7, 0.9, 0.85, 1.0, 0.9]","[1, 15, 251, 272, 299, 324, 344, 385, 407, 433]",0.08676858411999039,horizon=50;,"[0.0, 1.0, 1.0, 1.0, 1.0, 1.0, 1.0, 1.0, 1.0, 1.0, 1.0, 1.0, 1.0, 1.0, 1.0, 1.0, 0.3, 0.95, 0.9, 0.7, 0.9, 0.9, 0.85, 1.0, 0.9]","[1, 15, 29, 43, 57, 71, 85, 99, 113, 127, 141, 155, 169, 183, 197, 224, 251, 272, 299, 324, 344, 370, 385, 407, 433]"
17,UA,Ukraine,"[0.0, 1.0, 0.7, 0.9, 0.85, 0.9, 0.8, 0.85, 0.8, 0.85, 0.8, 0.85, 0.8]","[1, 15, 125, 147, 192, 209, 236, 263, 284, 343, 367, 381, 432]",0.029669254187089086,horizon=50;,"[0.0, 1.0, 1.0, 1.0, 1.0, 1.0, 1.0, 0.7, 0.9, 0.9, 0.85, 0.9, 0.8, 0.85, 0.8, 0.8, 0.8, 0.85, 0.8, 0.85, 0.85, 0.85, 0.8]","[1, 15, 29, 43, 57, 71, 98, 125, 147, 174, 192, 209, 236, 263, 284, 307, 321, 343, 367, 381, 399, 413, 432]"
0,AE,United Arab Emirates,"[0.0, 1.0, 0.35, 0.65, 0.9, 0.95, 0.7, 0.6, 0.45, 0.8, 0.65, 0.7, 0.55, 0.5, 0.6, 0.65, 0.75]","[1, 15, 102, 122, 147, 174, 189, 209, 235, 261, 288, 314, 336, 363, 383, 407, 429]",0.036201633765375135,horizon=50;,"[0.0, 1.0, 1.0, 1.0, 1.0, 1.0, 0.35, 0.65, 0.9, 0.95, 0.7, 0.6, 0.45, 0.8, 0.65, 0.7, 0.55, 0.5, 0.6, 0.65, 0.75]","[1, 15, 29, 43, 57, 83, 102, 122, 147, 174, 189, 209, 235, 261, 288, 314, 336, 363, 383, 407, 429]"
1,GB,United Kingdom,"[0.0, 1.0, 0.0, 0.65, 0.9, 0.95, 0.9, 0.95, 0.9, 0.75, 0.6, 0.75, 0.8, 0.65, 0.8, 0.85, 0.9]","[1, 15, 86, 113, 134, 153, 167, 185, 208, 253, 280, 334, 356, 379, 405, 425, 450]",0.04231918565529499,horizon=50;,"[0.0, 1.0, 1.0, 1.0, 1.0, 0.0, 0.65, 0.9, 0.95, 0.9, 0.95, 0.9, 0.9, 0.75, 0.6, 0.6, 0.75, 0.8, 0.65, 0.8, 0.85, 0.9]","[1, 15, 29, 43, 70, 86, 113, 134, 153, 167, 185, 208, 226, 253, 280, 307, 334, 356, 379, 405, 425, 450]"
2,US,US,"[0.0, 1.0, 0.0, 0.85, 0.9, 0.85, 0.75, 0.8, 0.75, 0.8, 0.7, 0.75, 0.7, 0.75, 0.8]","[1, 15, 84, 123, 150, 185, 210, 234, 288, 306, 321, 384, 398, 412, 428]",0.028523309459259023,horizon=50;,"[0.0, 1.0, 1.0, 1.0, 1.0, 0.0, 0.0, 0.85, 0.9, 0.9, 0.85, 0.75, 0.8, 0.8, 0.75, 0.8, 0.7, 0.7, 0.7, 0.75, 0.7, 0.75, 0.8]","[1, 15, 29, 43, 70, 84, 101, 123, 150, 164, 185, 210, 234, 261, 288, 306, 321, 339, 360, 384, 398, 412, 428]"
3,UY,Uruguay,"[0.0, 1.0, 0.7, 1.0, 0.95, 1.0, 0.95, 0.9, 0.85, 0.65, 0.75, 0.85, 0.8]","[1, 15, 125, 144, 171, 273, 298, 312, 339, 366, 383, 407, 434]",0.052091168667488634,horizon=50;,"[0.0, 1.0, 1.0, 1.0, 1.0, 1.0, 1.0, 0.7, 1.0, 0.95, 0.95, 0.95, 0.95, 1.0, 0.95, 0.9, 0.85, 0.65, 0.75, 0.85, 0.8]","[1, 15, 29, 43, 57, 71, 98, 125, 144, 171, 198, 225, 252, 273, 298, 312, 339, 366, 383, 407, 434]"
4,UZ,Uzbekistan,"[0.0, 1.0, 0.95, 0.75, 1.0, 0.4, 0.75, 0.85, 0.9, 0.95, 0.9, 0.95, 1.0, 0.95, 1.0]","[1, 15, 112, 139, 161, 188, 209, 228, 274, 297, 311, 326, 343, 381, 409]",0.0313846833065865,horizon=50;,"[0.0, 1.0, 1.0, 1.0, 1.0, 1.0, 1.0, 0.95, 0.75, 1.0, 0.4, 0.75, 0.85, 0.85, 0.9, 0.95, 0.9, 0.95, 1.0, 1.0, 0.95, 0.95, 1.0, 1.0, 1.0]","[1, 15, 29, 43, 57, 71, 85, 112, 139, 161, 188, 209, 228, 255, 274, 297, 311, 326, 343, 357, 381, 395, 409, 423, 437]"
5,VE,Venezuela,"[0.0, 1.0, 0.95, 0.85, 1.0, 0.7, 0.75, 0.8, 0.85, 0.9, 0.8, 0.85, 0.8, 0.85]","[1, 15, 98, 125, 141, 168, 189, 213, 267, 286, 337, 364, 391, 417]",0.03351079878940814,horizon=50;,"[0.0, 1.0, 1.0, 1.0, 1.0, 1.0, 0.95, 0.85, 1.0, 0.7, 0.75, 0.8, 0.8, 0.85, 0.9, 0.9, 0.8, 0.85, 0.8, 0.85, 0.85]","[1, 15, 29, 43, 57, 71, 98, 125, 141, 168, 189, 213, 240, 267, 286, 313, 337, 364, 391, 417, 433]"
6,VN,Vietnam,"[0.0, 1.0, 0.05, 0.85, 1.0]","[1, 16, 217, 242, 262]",0.0576025697133785,horizon=50;,"[0.0, 1.0, 1.0, 1.0, 1.0, 1.0, 1.0, 1.0, 1.0, 1.0, 1.0, 1.0, 1.0, 1.0, 1.0, 0.05, 0.85, 1.0, 1.0, 1.0, 1.0, 1.0, 1.0, 1.0, 1.0, 1.0, 1.0, 1.0, 1.0, 1.0]","[1, 16, 30, 44, 58, 72, 86, 100, 114, 128, 142, 156, 170, 184, 198, 217, 242, 262, 276, 290, 304, 318, 332, 346, 360, 374, 388, 402, 416, 430]"
7,YE,Yemen,"[0.0, 1.0, 0.5, 0.75, 0.9, 0.95, 1.0, 0.95, 1.0, 0.95, 1.0, 0.95, 1.0, 0.55]","[1, 15, 140, 167, 190, 210, 251, 265, 279, 300, 314, 376, 404, 431]",0.047322326729179215,horizon=50;,"[0.0, 1.0, 1.0, 1.0, 1.0, 1.0, 1.0, 1.0, 1.0, 0.5, 0.75, 0.9, 0.95, 0.95, 1.0, 0.95, 1.0, 0.95, 1.0, 1.0, 1.0, 1.0, 0.95, 0.95, 1.0, 0.55]","[1, 15, 29, 43, 57, 71, 85, 99, 113, 140, 167, 190, 210, 224, 251, 265, 279, 300, 314, 330, 344, 362, 376, 390, 404, 431]"
8,ZM,Zambia,"[0.0, 1.0, 0.8, 1.0, 0.55, 0.6, 0.75, 0.9, 0.95, 0.9, 0.95, 0.9, 0.95, 0.8, 0.55, 0.8, 0.9, 0.95]","[1, 15, 129, 154, 180, 199, 216, 235, 254, 275, 290, 314, 328, 343, 378, 401, 425, 447]",0.05143534620227519,horizon=50;,"[0.0, 1.0, 1.0, 1.0, 1.0, 1.0, 1.0, 1.0, 0.8, 1.0, 0.55, 0.6, 0.75, 0.9, 0.95, 0.9, 0.95, 0.9, 0.95, 0.8, 0.8, 0.55, 0.8, 0.9, 0.95]","[1, 15, 29, 43, 57, 71, 85, 112, 129, 154, 180, 199, 216, 235, 254, 275, 290, 314, 328, 343, 359, 378, 401, 425, 447]"
9,ZW,Zimbabwe,"[0.0, 1.0, 0.85, 1.0, 0.85, 0.55, 0.8, 0.9, 1.0, 0.8, 0.85, 0.8, 0.55, 0.85, 1.0]","[1, 15, 120, 135, 189, 207, 232, 252, 274, 309, 331, 351, 380, 402, 427]",0.04526048364443616,horizon=50;,"[0.0, 1.0, 1.0, 1.0, 1.0, 1.0, 1.0, 0.85, 1.0, 1.0, 0.85, 0.55, 0.8, 0.9, 1.0, 1.0, 0.8, 0.85, 0.8, 0.8, 0.55, 0.85, 1.0]","[1, 15, 29, 43, 57, 71, 98, 120, 135, 162, 189, 207, 232, 252, 274, 288, 309, 331, 351, 365, 380, 402, 427]"
