days,compartment,population,susceptibles,total_isolated,total_infected,tested,total_infected_notisolated,total_confirmed,total_deaths,total_recovered,beta,susceptible_prop,new_tested,num_infected,num_isolated,num_isolated_infected,num_confirmed,num_recovered,new_deaths
0,Hospitals,720000.0,720000.0,0.0,0.0,0.0,0.0,0.0,0.0,0.0,0.0,1.0,0.0,0.1,0.0,0.0,0.0,0.0,0.0
1,Hospitals,720000.0,719999.9,0.0,0.1,0.0,0.1,0.0,0.0,0.0,0.0,1.0,10000.0,0.2,0.1,0.1,0.1,0.0,0.0
2,Hospitals,720000.0,719999.7,0.1,0.3,10000.0,0.2,0.1,0.0,0.0,0.0,1.0,10000.0,0.2,0.1,0.1,0.1,0.0,0.0
3,Hospitals,720000.0,719999.5,0.2,0.5,20000.0,0.3,0.2,0.0,0.0,0.0,1.0,10000.0,0.3,0.2,0.2,0.2,0.0,0.0
4,Hospitals,720000.0,719999.1,0.4,0.9,30000.0,0.4,0.4,0.0,0.0,0.0,1.0,10000.0,0.4,0.3,0.3,0.3,0.0,0.0
5,Hospitals,720000.0,719998.7,0.7,1.3,40000.0,0.6,0.7,0.0,0.0,0.0,1.0,10000.0,0.6,0.4,0.4,0.4,0.0,0.0
6,Hospitals,720000.0,719998.1,1.1,1.9,50000.0,0.8,1.1,0.0,0.0,0.0,1.0,10000.0,0.8,0.5,0.5,0.5,0.0,0.0
7,Hospitals,720000.0,719997.3,1.6,2.7,60000.0,1.0,1.6,0.0,0.0,0.0,1.0,10000.0,1.0,0.7,0.7,0.7,0.0,0.0
8,Hospitals,720000.0,719996.3,2.3,3.7,70000.0,1.4,2.3,0.0,0.0,0.0,1.0,10000.0,1.4,0.9,0.9,0.9,0.0,0.0
9,Hospitals,720000.0,719994.9,3.2,5.1,80000.0,1.9,3.2,0.0,0.0,0.0,1.0,10000.0,1.8,1.2,1.2,1.2,0.0,0.0
10,Hospitals,720000.0,719993.1,4.5,6.9,90000.0,2.5,4.5,0.0,0.0,0.0,1.0,10000.0,2.5,1.6,1.6,1.6,0.1,0.0
11,Hospitals,720000.0,719990.6,6.1,9.3,100000.0,3.2,6.1,0.0,0.1,0.0,1.0,10000.0,3.3,2.1,2.1,2.1,0.2,0.0
12,Hospitals,720000.0,719987.3,8.1,12.4,110000.0,4.3,8.2,0.0,0.3,0.0,1.0,10000.0,4.3,2.8,2.8,2.8,0.2,0.0
13,Hospitals,720000.0,719983.0,10.8,16.5,120000.0,5.7,11.0,0.0,0.5,0.0,1.0,10000.0,5.8,3.7,3.7,3.7,0.3,0.0
14,Hospitals,720000.0,719977.2,14.3,21.9,130000.0,7.6,14.8,0.0,0.9,0.0,1.0,10000.0,7.7,5.0,5.0,5.0,0.4,0.0
15,Hospitals,720000.0,719969.5,19.1,29.2,140000.0,10.2,19.8,0.0,1.3,0.0,1.0,10000.0,10.4,6.7,6.7,6.7,0.6,0.0
16,Hospitals,720000.0,719959.1,25.4,39.0,150000.0,13.6,26.5,0.0,1.9,0.0,1.0,10000.0,13.9,9.0,9.0,9.0,0.8,0.0
17,Hospitals,720000.0,719945.2,33.9,52.1,160000.0,18.3,35.5,0.0,2.7,0.0,1.0,10000.0,18.6,12.0,12.0,12.0,1.0,0.0
18,Hospitals,720000.0,719926.6,45.2,69.7,170000.0,24.5,47.5,0.0,3.7,0.0,1.0,10000.0,24.9,16.1,16.1,16.1,1.4,0.0
19,Hospitals,720000.0,719901.7,60.4,93.2,180000.0,32.8,63.7,0.0,5.0,0.0,1.0,10000.0,33.4,21.6,21.6,21.6,1.8,0.0
20,Hospitals,720000.0,719868.4,80.8,124.8,190000.0,44.0,85.3,0.0,6.9,0.0,1.0,10000.0,44.7,28.9,28.9,28.9,2.4,0.0
21,Hospitals,720000.0,719823.7,108.1,167.0,200000.0,58.9,114.2,0.0,9.3,0.0,1.0,10000.0,59.9,38.7,38.7,38.7,3.2,0.0
22,Hospitals,720000.0,719763.8,144.7,223.6,210000.0,79.0,152.9,0.0,12.5,0.0,1.0,10000.0,80.3,51.8,51.8,51.8,4.3,0.0
23,Hospitals,720000.0,719683.5,193.7,299.6,220000.0,105.9,204.7,0.0,16.8,0.0,1.0,10000.0,107.6,69.4,69.4,69.4,5.7,0.0
24,Hospitals,720000.0,719575.9,259.3,401.5,230000.0,142.2,274.1,0.0,22.6,0.0,1.0,10000.0,144.3,92.9,92.9,92.9,7.7,0.0
25,Hospitals,720000.0,719431.6,347.2,538.1,240000.0,190.9,367.0,0.0,30.2,0.0,1.0,10000.0,193.6,124.3,124.3,124.3,10.3,0.0
26,Hospitals,720000.0,719238.1,464.8,721.4,250000.0,256.6,491.3,0.0,40.5,0.0,1.0,10000.0,259.8,166.3,166.3,166.3,13.7,0.0
27,Hospitals,720000.0,718978.3,622.1,967.4,260000.0,345.3,657.6,0.0,54.2,0.0,1.0,10000.0,348.7,222.5,222.5,222.5,18.4,0.0
28,Hospitals,720000.0,718629.6,832.5,1297.7,270000.0,465.2,880.1,0.0,72.6,0.0,1.0,10000.0,468.4,297.3,297.3,297.3,24.6,0.0
29,Hospitals,719999.9,718161.1,1113.7,1741.5,280000.0,627.8,1177.4,0.1,97.3,0.0,1.0,10000.0,629.7,396.9,396.9,396.9,33.0,0.0
30,Hospitals,719999.9,717531.4,1489.0,2338.2,290000.0,849.2,1574.2,0.1,130.3,0.0,1.0,10000.0,847.3,529.0,529.0,529.0,44.2,0.0
31,Hospitals,719999.9,716684.1,1989.1,3141.2,300000.0,1152.1,2103.3,0.1,174.6,0.0,1.0,10000.0,1141.6,703.8,703.8,703.8,59.3,0.0
32,Hospitals,719999.9,715542.6,2654.2,4223.5,310000.0,1569.3,2807.0,0.1,233.8,0.0,1.0,10000.0,1540.6,933.6,933.6,933.6,79.5,0.0
33,Hospitals,719999.8,714001.9,3535.9,5684.6,320000.0,2148.7,3740.6,0.2,313.3,0.0,1.0,10000.0,2083.8,1233.5,1233.5,1233.5,106.5,0.1
34,Hospitals,719999.8,711918.1,4700.0,7661.9,330000.0,2961.8,4974.1,0.2,419.8,0.0,1.0,10000.0,2826.6,1620.6,1620.6,1620.6,142.9,0.1
35,Hospitals,719999.7,709091.5,6227.8,10345.5,340000.0,4117.7,6594.8,0.3,562.7,0.0,1.0,10000.0,3848.4,2112.5,2112.5,2112.5,191.6,0.1
36,Hospitals,719999.6,705243.1,8216.0,14002.2,350000.0,5786.2,8707.2,0.4,754.3,0.0,1.0,10000.0,5263.8,2723.1,2723.1,2723.1,257.2,0.1
37,Hospitals,719999.5,699979.3,10772.7,19008.7,360000.0,8236.0,11430.3,0.5,1011.5,0.0,1.0,10000.0,7240.0,3456.5,3456.5,3456.5,345.2,0.2
38,Hospitals,719999.3,692739.2,14006.8,25903.3,370000.0,11896.5,14886.9,0.7,1356.7,0.0,1.0,10000.0,10021.2,4297.8,4297.8,4297.8,463.8,0.2
39,Hospitals,719999.0,682718.0,18007.3,35460.5,380000.0,17453.2,19184.7,1.0,1820.5,0.0,0.9,10000.0,13958.8,5205.3,5205.3,5205.3,623.4,0.3
40,Hospitals,719998.7,668759.2,22815.7,48795.6,390000.0,25979.8,24390.0,1.3,2443.9,0.0,0.9,10000.0,19539.5,6112.2,6112.2,6112.2,838.8,0.4
41,Hospitals,719998.2,649219.7,28398.9,67495.8,400000.0,39096.9,30502.1,1.8,3282.7,0.0,0.9,10000.0,27380.7,6942.8,6942.8,6942.8,1130.2,0.6
42,Hospitals,719997.6,621839.0,34638.0,93745.8,410000.0,59107.8,37445.0,2.4,4412.9,0.0,0.9,10000.0,38130.3,7639.0,7639.0,7639.0,1525.2,0.8
43,Hospitals,719996.8,583708.7,41343.4,130350.0,420000.0,89006.6,45084.0,3.2,5938.1,0.0,0.8,10000.0,52159.0,8177.1,8177.1,8177.1,2063.0,1.1
44,Hospitals,719995.8,531549.7,48286.9,180445.0,430000.0,132158.0,53261.0,4.2,8001.1,0.0,0.7,10000.0,68916.6,8566.6,8566.6,8566.6,2798.4,1.4
45,Hospitals,719994.3,462633.1,55232.9,246561.8,440000.0,191328.9,61827.6,5.7,10799.4,0.0,0.6,10000.0,85954.7,8835.1,8835.1,8835.1,3809.9,1.9
46,Hospitals,719992.4,376678.4,61955.4,328704.6,450000.0,266749.2,70662.7,7.6,14609.4,0.0,0.5,10000.0,98163.5,9013.4,9013.4,9013.4,5211.2,2.6
47,Hospitals,719989.8,278514.9,68245.8,421654.3,460000.0,353408.6,79676.1,10.2,19820.5,0.0,0.4,10000.0,98739.1,9128.1,9128.1,9128.1,7167.6,3.5
48,Hospitals,719986.3,179775.8,73917.3,513222.3,470000.0,439305.0,88804.2,13.7,26988.2,0.0,0.2,10000.0,83449.6,9198.5,9198.5,9198.5,9921.0,4.7
49,Hospitals,719981.6,96326.2,78818.0,586746.3,480000.0,507928.3,98002.7,18.4,36909.1,0.0,0.1,10000.0,56145.4,9238.1,9238.1,9238.1,13819.2,6.3
50,Hospitals,719975.3,40180.8,82850.8,629066.2,490000.0,546215.4,107240.8,24.7,50728.3,0.0,0.1,10000.0,28269.3,9256.0,9256.0,9256.0,19344.1,8.5
51,Hospitals,719966.8,11911.5,85994.6,637982.9,500000.0,551988.3,116496.8,33.2,70072.5,0.0,0.0,10000.0,9792.4,9258.5,9258.5,9258.5,27106.9,11.4
52,Hospitals,719955.4,2119.1,88310.3,620656.9,510000.0,532346.6,125755.3,44.6,97179.4,0.0,0.0,10000.0,1984.5,9249.8,9249.8,9249.8,37749.0,15.4
53,Hospitals,719940.0,134.7,89921.1,584877.0,520000.0,494955.9,135005.1,60.0,134928.4,0.0,0.0,10000.0,134.7,9231.4,9231.4,9231.4,51637.4,20.8
54,Hospitals,719919.2,0.0,90975.5,533353.4,530000.0,442377.9,144236.5,80.8,186565.8,0.0,0.0,10000.0,0.0,9200.5,9200.5,9200.5,68227.5,28.3
55,Hospitals,719890.9,0.0,91609.4,465097.7,540000.0,373488.2,153437.0,109.1,254793.3,0.0,0.0,10000.0,0.0,9147.4,9147.4,9147.4,85095.1,38.5
56,Hospitals,719852.4,0.0,91921.7,379964.0,550000.0,288042.3,162584.4,147.6,339888.4,0.0,0.0,10000.0,0.0,9047.8,9047.8,9047.8,97181.8,52.6
57,Hospitals,719799.8,0.0,91956.1,282729.6,560000.0,190773.5,171632.2,200.2,437070.2,0.0,0.0,10000.0,0.0,8833.4,8833.4,8833.4,97751.7,72.4
58,Hospitals,719727.4,0.0,91661.4,184905.4,570000.0,93244.0,180465.6,272.6,534822.0,0.0,0.0,10000.0,0.0,8229.6,8229.6,8229.6,82615.1,100.2
59,Hospitals,719627.2,0.0,90692.5,102190.1,580000.0,11497.6,188695.2,372.8,617437.1,0.0,0.0,10000.0,0.0,4218.9,4218.9,4218.9,55583.9,139.6
60,Hospitals,719487.6,0.0,85673.3,46466.6,590000.0,0.0,192914.0,512.4,673021.0,0.0,0.0,10000.0,0.0,0.0,0.0,0.0,27986.6,195.4
61,Hospitals,719292.2,0.0,76417.3,18284.6,600000.0,0.0,192914.0,707.8,701007.6,0.0,0.0,10000.0,0.0,0.0,0.0,0.0,9694.5,273.8
62,Hospitals,719018.4,0.0,67158.8,8316.3,610000.0,0.0,192914.0,981.6,710702.1,0.0,0.0,10000.0,0.0,0.0,0.0,0.0,1964.6,381.3
63,Hospitals,718637.1,0.0,57909.0,5970.4,620000.0,0.0,192914.0,1362.9,712666.7,0.0,0.0,10000.0,0.0,0.0,0.0,0.0,133.3,521.6
64,Hospitals,718115.5,0.0,48677.5,5315.5,630000.0,0.0,192914.0,1884.5,712800.0,0.0,0.0,10000.0,0.0,0.0,0.0,0.0,0.0,689.2
65,Hospitals,717426.3,0.0,39477.0,4626.3,640000.0,0.0,192914.0,2573.7,712800.0,0.0,0.0,10000.0,0.0,0.0,0.0,0.0,0.0,859.5
66,Hospitals,716566.8,0.0,30329.6,3766.8,650000.0,0.0,192914.0,3433.2,712800.0,0.0,0.0,10000.0,0.0,0.0,0.0,0.0,0.0,981.6
67,Hospitals,715585.1,0.0,21281.9,2785.1,660000.0,0.0,192914.0,4414.9,712800.0,0.0,0.0,10000.0,0.0,0.0,0.0,0.0,0.0,987.4
68,Hospitals,714597.8,0.0,12448.4,1797.8,670000.0,0.0,192914.0,5402.2,712800.0,0.0,0.0,10000.0,0.0,0.0,0.0,0.0,0.0,834.5
69,Hospitals,713763.3,0.0,4218.9,963.3,680000.0,0.0,192914.0,6236.7,712800.0,0.0,0.0,10000.0,0.0,0.0,0.0,0.0,0.0,561.5
70,Hospitals,713201.8,0.0,0.0,401.8,690000.0,401.8,192914.0,6798.2,712800.0,0.0,0.0,10000.0,0.0,260.3,260.3,260.3,0.0,282.7
71,Hospitals,712919.1,0.0,260.3,119.1,700000.0,0.0,193174.3,7080.9,712800.0,0.0,0.0,10000.0,0.0,0.0,0.0,0.0,0.0,97.9
72,Hospitals,712821.2,0.0,260.3,21.2,710000.0,0.0,193174.3,7178.8,712800.0,0.0,0.0,10000.0,0.0,0.0,0.0,0.0,0.0,19.8
73,Hospitals,712801.3,0.0,260.3,1.3,720000.0,0.0,193174.3,7198.7,712800.0,0.0,0.0,10000.0,0.0,0.0,0.0,0.0,0.0,1.3
74,Hospitals,712800.0,0.0,260.3,0.0,730000.0,0.0,193174.3,7200.0,712800.0,0.0,0.0,10000.0,0.0,0.0,0.0,0.0,0.0,0.0
75,Hospitals,712800.0,0.0,260.3,0.0,740000.0,0.0,193174.3,7200.0,712800.0,0.0,0.0,10000.0,0.0,0.0,0.0,0.0,0.0,0.0
76,Hospitals,712800.0,0.0,260.3,0.0,750000.0,0.0,193174.3,7200.0,712800.0,0.0,0.0,10000.0,0.0,0.0,0.0,0.0,0.0,0.0
77,Hospitals,712800.0,0.0,260.3,0.0,760000.0,0.0,193174.3,7200.0,712800.0,0.0,0.0,10000.0,0.0,0.0,0.0,0.0,0.0,0.0
78,Hospitals,712800.0,0.0,260.3,0.0,770000.0,0.0,193174.3,7200.0,712800.0,0.0,0.0,10000.0,0.0,0.0,0.0,0.0,0.0,0.0
79,Hospitals,712800.0,0.0,260.3,0.0,780000.0,0.0,193174.3,7200.0,712800.0,0.0,0.0,10000.0,0.0,0.0,0.0,0.0,0.0,0.0
80,Hospitals,712800.0,0.0,260.3,0.0,790000.0,0.0,193174.3,7200.0,712800.0,0.0,0.0,10000.0,0.0,0.0,0.0,0.0,0.0,0.0
81,Hospitals,712800.0,0.0,0.0,0.0,800000.0,0.0,193174.3,7200.0,712800.0,0.0,0.0,10000.0,0.0,0.0,0.0,0.0,0.0,0.0
82,Hospitals,712800.0,0.0,0.0,0.0,810000.0,0.0,193174.3,7200.0,712800.0,0.0,0.0,10000.0,0.0,0.0,0.0,0.0,0.0,0.0
83,Hospitals,712800.0,0.0,0.0,0.0,820000.0,0.0,193174.3,7200.0,712800.0,0.0,0.0,10000.0,0.0,0.0,0.0,0.0,0.0,0.0
84,Hospitals,712800.0,0.0,0.0,0.0,830000.0,0.0,193174.3,7200.0,712800.0,0.0,0.0,10000.0,0.0,0.0,0.0,0.0,0.0,0.0
85,Hospitals,712800.0,0.0,0.0,0.0,840000.0,0.0,193174.3,7200.0,712800.0,0.0,0.0,10000.0,0.0,0.0,0.0,0.0,0.0,0.0
86,Hospitals,712800.0,0.0,0.0,0.0,850000.0,0.0,193174.3,7200.0,712800.0,0.0,0.0,10000.0,0.0,0.0,0.0,0.0,0.0,0.0
87,Hospitals,712800.0,0.0,0.0,0.0,860000.0,0.0,193174.3,7200.0,712800.0,0.0,0.0,10000.0,0.0,0.0,0.0,0.0,0.0,0.0
88,Hospitals,712800.0,0.0,0.0,0.0,870000.0,0.0,193174.3,7200.0,712800.0,0.0,0.0,10000.0,0.0,0.0,0.0,0.0,0.0,0.0
89,Hospitals,712800.0,0.0,0.0,0.0,880000.0,0.0,193174.3,7200.0,712800.0,0.0,0.0,10000.0,0.0,0.0,0.0,0.0,0.0,0.0
90,Hospitals,712800.0,0.0,0.0,0.0,890000.0,0.0,193174.3,7200.0,712800.0,0.0,0.0,10000.0,0.0,0.0,0.0,0.0,0.0,0.0
91,Hospitals,712800.0,0.0,0.0,0.0,900000.0,0.0,193174.3,7200.0,712800.0,0.0,0.0,10000.0,0.0,0.0,0.0,0.0,0.0,0.0
92,Hospitals,712800.0,0.0,0.0,0.0,910000.0,0.0,193174.3,7200.0,712800.0,0.0,0.0,10000.0,0.0,0.0,0.0,0.0,0.0,0.0
93,Hospitals,712800.0,0.0,0.0,0.0,920000.0,0.0,193174.3,7200.0,712800.0,0.0,0.0,10000.0,0.0,0.0,0.0,0.0,0.0,0.0
94,Hospitals,712800.0,0.0,0.0,0.0,930000.0,0.0,193174.3,7200.0,712800.0,0.0,0.0,10000.0,0.0,0.0,0.0,0.0,0.0,0.0
95,Hospitals,712800.0,0.0,0.0,0.0,940000.0,0.0,193174.3,7200.0,712800.0,0.0,0.0,10000.0,0.0,0.0,0.0,0.0,0.0,0.0
96,Hospitals,712800.0,0.0,0.0,0.0,950000.0,0.0,193174.3,7200.0,712800.0,0.0,0.0,10000.0,0.0,0.0,0.0,0.0,0.0,0.0
97,Hospitals,712800.0,0.0,0.0,0.0,960000.0,0.0,193174.3,7200.0,712800.0,0.0,0.0,10000.0,0.0,0.0,0.0,0.0,0.0,0.0
98,Hospitals,712800.0,0.0,0.0,0.0,970000.0,0.0,193174.3,7200.0,712800.0,0.0,0.0,10000.0,0.0,0.0,0.0,0.0,0.0,0.0
99,Hospitals,712800.0,0.0,0.0,0.0,980000.0,0.0,193174.3,7200.0,712800.0,0.0,0.0,10000.0,0.0,0.0,0.0,0.0,0.0,0.0
100,Hospitals,712800.0,0.0,0.0,0.0,990000.0,0.0,193174.3,7200.0,712800.0,0.0,0.0,10000.0,0.0,0.0,0.0,0.0,0.0,0.0
101,Hospitals,712800.0,0.0,0.0,0.0,1000000.0,0.0,193174.3,7200.0,712800.0,0.0,0.0,10000.0,0.0,0.0,0.0,0.0,0.0,0.0
102,Hospitals,712800.0,0.0,0.0,0.0,1010000.0,0.0,193174.3,7200.0,712800.0,0.0,0.0,10000.0,0.0,0.0,0.0,0.0,0.0,0.0
103,Hospitals,712800.0,0.0,0.0,0.0,1020000.0,0.0,193174.3,7200.0,712800.0,0.0,0.0,10000.0,0.0,0.0,0.0,0.0,0.0,0.0
104,Hospitals,712800.0,0.0,0.0,0.0,1030000.0,0.0,193174.3,7200.0,712800.0,0.0,0.0,10000.0,0.0,0.0,0.0,0.0,0.0,0.0
105,Hospitals,712800.0,0.0,0.0,0.0,1040000.0,0.0,193174.3,7200.0,712800.0,0.0,0.0,10000.0,0.0,0.0,0.0,0.0,0.0,0.0
106,Hospitals,712800.0,0.0,0.0,0.0,1050000.0,0.0,193174.3,7200.0,712800.0,0.0,0.0,10000.0,0.0,0.0,0.0,0.0,0.0,0.0
107,Hospitals,712800.0,0.0,0.0,0.0,1060000.0,0.0,193174.3,7200.0,712800.0,0.0,0.0,10000.0,0.0,0.0,0.0,0.0,0.0,0.0
108,Hospitals,712800.0,0.0,0.0,0.0,1070000.0,0.0,193174.3,7200.0,712800.0,0.0,0.0,10000.0,0.0,0.0,0.0,0.0,0.0,0.0
109,Hospitals,712800.0,0.0,0.0,0.0,1080000.0,0.0,193174.3,7200.0,712800.0,0.0,0.0,10000.0,0.0,0.0,0.0,0.0,0.0,0.0
110,Hospitals,712800.0,0.0,0.0,0.0,1090000.0,0.0,193174.3,7200.0,712800.0,0.0,0.0,10000.0,0.0,0.0,0.0,0.0,0.0,0.0
111,Hospitals,712800.0,0.0,0.0,0.0,1100000.0,0.0,193174.3,7200.0,712800.0,0.0,0.0,10000.0,0.0,0.0,0.0,0.0,0.0,0.0
112,Hospitals,712800.0,0.0,0.0,0.0,1110000.0,0.0,193174.3,7200.0,712800.0,0.0,0.0,10000.0,0.0,0.0,0.0,0.0,0.0,0.0
113,Hospitals,712800.0,0.0,0.0,0.0,1120000.0,0.0,193174.3,7200.0,712800.0,0.0,0.0,10000.0,0.0,0.0,0.0,0.0,0.0,0.0
114,Hospitals,712800.0,0.0,0.0,0.0,1130000.0,0.0,193174.3,7200.0,712800.0,0.0,0.0,10000.0,0.0,0.0,0.0,0.0,0.0,0.0
115,Hospitals,712800.0,0.0,0.0,0.0,1140000.0,0.0,193174.3,7200.0,712800.0,0.0,0.0,10000.0,0.0,0.0,0.0,0.0,0.0,0.0
116,Hospitals,712800.0,0.0,0.0,0.0,1150000.0,0.0,193174.3,7200.0,712800.0,0.0,0.0,10000.0,0.0,0.0,0.0,0.0,0.0,0.0
117,Hospitals,712800.0,0.0,0.0,0.0,1160000.0,0.0,193174.3,7200.0,712800.0,0.0,0.0,10000.0,0.0,0.0,0.0,0.0,0.0,0.0
118,Hospitals,712800.0,0.0,0.0,0.0,1170000.0,0.0,193174.3,7200.0,712800.0,0.0,0.0,10000.0,0.0,0.0,0.0,0.0,0.0,0.0
119,Hospitals,712800.0,0.0,0.0,0.0,1180000.0,0.0,193174.3,7200.0,712800.0,0.0,0.0,10000.0,0.0,0.0,0.0,0.0,0.0,0.0
120,Hospitals,712800.0,0.0,0.0,0.0,1190000.0,0.0,193174.3,7200.0,712800.0,0.0,0.0,10000.0,0.0,0.0,0.0,0.0,0.0,0.0
121,Hospitals,712800.0,0.0,0.0,0.0,1200000.0,0.0,193174.3,7200.0,712800.0,0.0,0.0,10000.0,0.0,0.0,0.0,0.0,0.0,0.0
122,Hospitals,712800.0,0.0,0.0,0.0,1210000.0,0.0,193174.3,7200.0,712800.0,0.0,0.0,10000.0,0.0,0.0,0.0,0.0,0.0,0.0
123,Hospitals,712800.0,0.0,0.0,0.0,1220000.0,0.0,193174.3,7200.0,712800.0,0.0,0.0,10000.0,0.0,0.0,0.0,0.0,0.0,0.0
124,Hospitals,712800.0,0.0,0.0,0.0,1230000.0,0.0,193174.3,7200.0,712800.0,0.0,0.0,10000.0,0.0,0.0,0.0,0.0,0.0,0.0
125,Hospitals,712800.0,0.0,0.0,0.0,1240000.0,0.0,193174.3,7200.0,712800.0,0.0,0.0,10000.0,0.0,0.0,0.0,0.0,0.0,0.0
126,Hospitals,712800.0,0.0,0.0,0.0,1250000.0,0.0,193174.3,7200.0,712800.0,0.0,0.0,10000.0,0.0,0.0,0.0,0.0,0.0,0.0
127,Hospitals,712800.0,0.0,0.0,0.0,1260000.0,0.0,193174.3,7200.0,712800.0,0.0,0.0,10000.0,0.0,0.0,0.0,0.0,0.0,0.0
128,Hospitals,712800.0,0.0,0.0,0.0,1270000.0,0.0,193174.3,7200.0,712800.0,0.0,0.0,10000.0,0.0,0.0,0.0,0.0,0.0,0.0
129,Hospitals,712800.0,0.0,0.0,0.0,1280000.0,0.0,193174.3,7200.0,712800.0,0.0,0.0,10000.0,0.0,0.0,0.0,0.0,0.0,0.0
130,Hospitals,712800.0,0.0,0.0,0.0,1290000.0,0.0,193174.3,7200.0,712800.0,0.0,0.0,10000.0,0.0,0.0,0.0,0.0,0.0,0.0
131,Hospitals,712800.0,0.0,0.0,0.0,1300000.0,0.0,193174.3,7200.0,712800.0,0.0,0.0,10000.0,0.0,0.0,0.0,0.0,0.0,0.0
132,Hospitals,712800.0,0.0,0.0,0.0,1310000.0,0.0,193174.3,7200.0,712800.0,0.0,0.0,10000.0,0.0,0.0,0.0,0.0,0.0,0.0
133,Hospitals,712800.0,0.0,0.0,0.0,1320000.0,0.0,193174.3,7200.0,712800.0,0.0,0.0,10000.0,0.0,0.0,0.0,0.0,0.0,0.0
134,Hospitals,712800.0,0.0,0.0,0.0,1330000.0,0.0,193174.3,7200.0,712800.0,0.0,0.0,10000.0,0.0,0.0,0.0,0.0,0.0,0.0
135,Hospitals,712800.0,0.0,0.0,0.0,1340000.0,0.0,193174.3,7200.0,712800.0,0.0,0.0,10000.0,0.0,0.0,0.0,0.0,0.0,0.0
136,Hospitals,712800.0,0.0,0.0,0.0,1350000.0,0.0,193174.3,7200.0,712800.0,0.0,0.0,10000.0,0.0,0.0,0.0,0.0,0.0,0.0
137,Hospitals,712800.0,0.0,0.0,0.0,1360000.0,0.0,193174.3,7200.0,712800.0,0.0,0.0,10000.0,0.0,0.0,0.0,0.0,0.0,0.0
138,Hospitals,712800.0,0.0,0.0,0.0,1370000.0,0.0,193174.3,7200.0,712800.0,0.0,0.0,10000.0,0.0,0.0,0.0,0.0,0.0,0.0
139,Hospitals,712800.0,0.0,0.0,0.0,1380000.0,0.0,193174.3,7200.0,712800.0,0.0,0.0,10000.0,0.0,0.0,0.0,0.0,0.0,0.0
140,Hospitals,712800.0,0.0,0.0,0.0,1390000.0,0.0,193174.3,7200.0,712800.0,0.0,0.0,10000.0,0.0,0.0,0.0,0.0,0.0,0.0
141,Hospitals,712800.0,0.0,0.0,0.0,1400000.0,0.0,193174.3,7200.0,712800.0,0.0,0.0,10000.0,0.0,0.0,0.0,0.0,0.0,0.0
142,Hospitals,712800.0,0.0,0.0,0.0,1410000.0,0.0,193174.3,7200.0,712800.0,0.0,0.0,10000.0,0.0,0.0,0.0,0.0,0.0,0.0
143,Hospitals,712800.0,0.0,0.0,0.0,1420000.0,0.0,193174.3,7200.0,712800.0,0.0,0.0,10000.0,0.0,0.0,0.0,0.0,0.0,0.0
144,Hospitals,712800.0,0.0,0.0,0.0,1430000.0,0.0,193174.3,7200.0,712800.0,0.0,0.0,10000.0,0.0,0.0,0.0,0.0,0.0,0.0
145,Hospitals,712800.0,0.0,0.0,0.0,1440000.0,0.0,193174.3,7200.0,712800.0,0.0,0.0,10000.0,0.0,0.0,0.0,0.0,0.0,0.0
146,Hospitals,712800.0,0.0,0.0,0.0,1450000.0,0.0,193174.3,7200.0,712800.0,0.0,0.0,10000.0,0.0,0.0,0.0,0.0,0.0,0.0
147,Hospitals,712800.0,0.0,0.0,0.0,1460000.0,0.0,193174.3,7200.0,712800.0,0.0,0.0,10000.0,0.0,0.0,0.0,0.0,0.0,0.0
148,Hospitals,712800.0,0.0,0.0,0.0,1470000.0,0.0,193174.3,7200.0,712800.0,0.0,0.0,10000.0,0.0,0.0,0.0,0.0,0.0,0.0
149,Hospitals,712800.0,0.0,0.0,0.0,1480000.0,0.0,193174.3,7200.0,712800.0,0.0,0.0,10000.0,0.0,0.0,0.0,0.0,0.0,0.0
150,Hospitals,712800.0,0.0,0.0,0.0,1490000.0,0.0,193174.3,7200.0,712800.0,0.0,0.0,10000.0,0.0,0.0,0.0,0.0,0.0,0.0
151,Hospitals,712800.0,0.0,0.0,0.0,1500000.0,0.0,193174.3,7200.0,712800.0,0.0,0.0,10000.0,0.0,0.0,0.0,0.0,0.0,0.0
152,Hospitals,712800.0,0.0,0.0,0.0,1510000.0,0.0,193174.3,7200.0,712800.0,0.0,0.0,10000.0,0.0,0.0,0.0,0.0,0.0,0.0
153,Hospitals,712800.0,0.0,0.0,0.0,1520000.0,0.0,193174.3,7200.0,712800.0,0.0,0.0,10000.0,0.0,0.0,0.0,0.0,0.0,0.0
154,Hospitals,712800.0,0.0,0.0,0.0,1530000.0,0.0,193174.3,7200.0,712800.0,0.0,0.0,10000.0,0.0,0.0,0.0,0.0,0.0,0.0
155,Hospitals,712800.0,0.0,0.0,0.0,1540000.0,0.0,193174.3,7200.0,712800.0,0.0,0.0,10000.0,0.0,0.0,0.0,0.0,0.0,0.0
156,Hospitals,712800.0,0.0,0.0,0.0,1550000.0,0.0,193174.3,7200.0,712800.0,0.0,0.0,10000.0,0.0,0.0,0.0,0.0,0.0,0.0
157,Hospitals,712800.0,0.0,0.0,0.0,1560000.0,0.0,193174.3,7200.0,712800.0,0.0,0.0,10000.0,0.0,0.0,0.0,0.0,0.0,0.0
158,Hospitals,712800.0,0.0,0.0,0.0,1570000.0,0.0,193174.3,7200.0,712800.0,0.0,0.0,10000.0,0.0,0.0,0.0,0.0,0.0,0.0
159,Hospitals,712800.0,0.0,0.0,0.0,1580000.0,0.0,193174.3,7200.0,712800.0,0.0,0.0,10000.0,0.0,0.0,0.0,0.0,0.0,0.0
160,Hospitals,712800.0,0.0,0.0,0.0,1590000.0,0.0,193174.3,7200.0,712800.0,0.0,0.0,10000.0,0.0,0.0,0.0,0.0,0.0,0.0
161,Hospitals,712800.0,0.0,0.0,0.0,1600000.0,0.0,193174.3,7200.0,712800.0,0.0,0.0,10000.0,0.0,0.0,0.0,0.0,0.0,0.0
162,Hospitals,712800.0,0.0,0.0,0.0,1610000.0,0.0,193174.3,7200.0,712800.0,0.0,0.0,10000.0,0.0,0.0,0.0,0.0,0.0,0.0
163,Hospitals,712800.0,0.0,0.0,0.0,1620000.0,0.0,193174.3,7200.0,712800.0,0.0,0.0,10000.0,0.0,0.0,0.0,0.0,0.0,0.0
164,Hospitals,712800.0,0.0,0.0,0.0,1630000.0,0.0,193174.3,7200.0,712800.0,0.0,0.0,10000.0,0.0,0.0,0.0,0.0,0.0,0.0
165,Hospitals,712800.0,0.0,0.0,0.0,1640000.0,0.0,193174.3,7200.0,712800.0,0.0,0.0,10000.0,0.0,0.0,0.0,0.0,0.0,0.0
166,Hospitals,712800.0,0.0,0.0,0.0,1650000.0,0.0,193174.3,7200.0,712800.0,0.0,0.0,10000.0,0.0,0.0,0.0,0.0,0.0,0.0
167,Hospitals,712800.0,0.0,0.0,0.0,1660000.0,0.0,193174.3,7200.0,712800.0,0.0,0.0,10000.0,0.0,0.0,0.0,0.0,0.0,0.0
168,Hospitals,712800.0,0.0,0.0,0.0,1670000.0,0.0,193174.3,7200.0,712800.0,0.0,0.0,10000.0,0.0,0.0,0.0,0.0,0.0,0.0
169,Hospitals,712800.0,0.0,0.0,0.0,1680000.0,0.0,193174.3,7200.0,712800.0,0.0,0.0,10000.0,0.0,0.0,0.0,0.0,0.0,0.0
170,Hospitals,712800.0,0.0,0.0,0.0,1690000.0,0.0,193174.3,7200.0,712800.0,0.0,0.0,10000.0,0.0,0.0,0.0,0.0,0.0,0.0
171,Hospitals,712800.0,0.0,0.0,0.0,1700000.0,0.0,193174.3,7200.0,712800.0,0.0,0.0,10000.0,0.0,0.0,0.0,0.0,0.0,0.0
172,Hospitals,712800.0,0.0,0.0,0.0,1710000.0,0.0,193174.3,7200.0,712800.0,0.0,0.0,10000.0,0.0,0.0,0.0,0.0,0.0,0.0
173,Hospitals,712800.0,0.0,0.0,0.0,1720000.0,0.0,193174.3,7200.0,712800.0,0.0,0.0,10000.0,0.0,0.0,0.0,0.0,0.0,0.0
174,Hospitals,712800.0,0.0,0.0,0.0,1730000.0,0.0,193174.3,7200.0,712800.0,0.0,0.0,10000.0,0.0,0.0,0.0,0.0,0.0,0.0
175,Hospitals,712800.0,0.0,0.0,0.0,1740000.0,0.0,193174.3,7200.0,712800.0,0.0,0.0,10000.0,0.0,0.0,0.0,0.0,0.0,0.0
176,Hospitals,712800.0,0.0,0.0,0.0,1750000.0,0.0,193174.3,7200.0,712800.0,0.0,0.0,10000.0,0.0,0.0,0.0,0.0,0.0,0.0
177,Hospitals,712800.0,0.0,0.0,0.0,1760000.0,0.0,193174.3,7200.0,712800.0,0.0,0.0,10000.0,0.0,0.0,0.0,0.0,0.0,0.0
178,Hospitals,712800.0,0.0,0.0,0.0,1770000.0,0.0,193174.3,7200.0,712800.0,0.0,0.0,10000.0,0.0,0.0,0.0,0.0,0.0,0.0
179,Hospitals,712800.0,0.0,0.0,0.0,1780000.0,0.0,193174.3,7200.0,712800.0,0.0,0.0,10000.0,0.0,0.0,0.0,0.0,0.0,0.0
180,Hospitals,712800.0,0.0,0.0,0.0,1790000.0,0.0,193174.3,7200.0,712800.0,0.0,0.0,10000.0,0.0,0.0,0.0,0.0,0.0,0.0
181,Hospitals,712800.0,0.0,0.0,0.0,1800000.0,0.0,193174.3,7200.0,712800.0,0.0,0.0,10000.0,0.0,0.0,0.0,0.0,0.0,0.0
182,Hospitals,712800.0,0.0,0.0,0.0,1810000.0,0.0,193174.3,7200.0,712800.0,0.0,0.0,10000.0,0.0,0.0,0.0,0.0,0.0,0.0
183,Hospitals,712800.0,0.0,0.0,0.0,1820000.0,0.0,193174.3,7200.0,712800.0,0.0,0.0,10000.0,0.0,0.0,0.0,0.0,0.0,0.0
184,Hospitals,712800.0,0.0,0.0,0.0,1830000.0,0.0,193174.3,7200.0,712800.0,0.0,0.0,10000.0,0.0,0.0,0.0,0.0,0.0,0.0
185,Hospitals,712800.0,0.0,0.0,0.0,1840000.0,0.0,193174.3,7200.0,712800.0,0.0,0.0,10000.0,0.0,0.0,0.0,0.0,0.0,0.0
186,Hospitals,712800.0,0.0,0.0,0.0,1850000.0,0.0,193174.3,7200.0,712800.0,0.0,0.0,10000.0,0.0,0.0,0.0,0.0,0.0,0.0
187,Hospitals,712800.0,0.0,0.0,0.0,1860000.0,0.0,193174.3,7200.0,712800.0,0.0,0.0,10000.0,0.0,0.0,0.0,0.0,0.0,0.0
188,Hospitals,712800.0,0.0,0.0,0.0,1870000.0,0.0,193174.3,7200.0,712800.0,0.0,0.0,10000.0,0.0,0.0,0.0,0.0,0.0,0.0
189,Hospitals,712800.0,0.0,0.0,0.0,1880000.0,0.0,193174.3,7200.0,712800.0,0.0,0.0,10000.0,0.0,0.0,0.0,0.0,0.0,0.0
190,Hospitals,712800.0,0.0,0.0,0.0,1890000.0,0.0,193174.3,7200.0,712800.0,0.0,0.0,10000.0,0.0,0.0,0.0,0.0,0.0,0.0
191,Hospitals,712800.0,0.0,0.0,0.0,1900000.0,0.0,193174.3,7200.0,712800.0,0.0,0.0,10000.0,0.0,0.0,0.0,0.0,0.0,0.0
192,Hospitals,712800.0,0.0,0.0,0.0,1910000.0,0.0,193174.3,7200.0,712800.0,0.0,0.0,10000.0,0.0,0.0,0.0,0.0,0.0,0.0
193,Hospitals,712800.0,0.0,0.0,0.0,1920000.0,0.0,193174.3,7200.0,712800.0,0.0,0.0,10000.0,0.0,0.0,0.0,0.0,0.0,0.0
194,Hospitals,712800.0,0.0,0.0,0.0,1930000.0,0.0,193174.3,7200.0,712800.0,0.0,0.0,10000.0,0.0,0.0,0.0,0.0,0.0,0.0
195,Hospitals,712800.0,0.0,0.0,0.0,1940000.0,0.0,193174.3,7200.0,712800.0,0.0,0.0,10000.0,0.0,0.0,0.0,0.0,0.0,0.0
196,Hospitals,712800.0,0.0,0.0,0.0,1950000.0,0.0,193174.3,7200.0,712800.0,0.0,0.0,10000.0,0.0,0.0,0.0,0.0,0.0,0.0
197,Hospitals,712800.0,0.0,0.0,0.0,1960000.0,0.0,193174.3,7200.0,712800.0,0.0,0.0,10000.0,0.0,0.0,0.0,0.0,0.0,0.0
198,Hospitals,712800.0,0.0,0.0,0.0,1970000.0,0.0,193174.3,7200.0,712800.0,0.0,0.0,10000.0,0.0,0.0,0.0,0.0,0.0,0.0
199,Hospitals,712800.0,0.0,0.0,0.0,1980000.0,0.0,193174.3,7200.0,712800.0,0.0,0.0,0.0,0.0,0.0,0.0,0.0,0.0,0.0
0,Other high contact ,4232340.0,4232340.0,0.0,0.0,0.0,0.0,0.0,0.0,0.0,0.0,1.0,0.0,0.1,0.0,0.0,0.0,0.0,0.0
1,Other high contact ,4232340.0,4232339.9,0.0,0.1,0.0,0.1,0.0,0.0,0.0,0.0,1.0,10000.0,0.2,0.0,0.0,0.0,0.0,0.0
2,Other high contact ,4232340.0,4232339.7,0.0,0.3,10000.0,0.3,0.0,0.0,0.0,0.0,1.0,10000.0,0.3,0.0,0.0,0.0,0.0,0.0
3,Other high contact ,4232340.0,4232339.5,0.0,0.5,20000.0,0.5,0.0,0.0,0.0,0.0,1.0,10000.0,0.4,0.1,0.1,0.1,0.0,0.0
4,Other high contact ,4232340.0,4232339.1,0.1,0.9,30000.0,0.8,0.1,0.0,0.0,0.0,1.0,10000.0,0.6,0.1,0.1,0.1,0.0,0.0
5,Other high contact ,4232340.0,4232338.5,0.2,1.5,40000.0,1.3,0.2,0.0,0.0,0.0,1.0,10000.0,0.8,0.1,0.1,0.1,0.0,0.0
6,Other high contact ,4232340.0,4232337.7,0.3,2.3,50000.0,1.9,0.3,0.0,0.0,0.0,1.0,10000.0,1.1,0.2,0.2,0.2,0.0,0.0
7,Other high contact ,4232340.0,4232336.6,0.6,3.4,60000.0,2.8,0.6,0.0,0.0,0.0,1.0,10000.0,1.5,0.3,0.3,0.3,0.0,0.0
8,Other high contact ,4232340.0,4232335.1,0.9,4.9,70000.0,4.0,0.9,0.0,0.0,0.0,1.0,10000.0,2.1,0.4,0.4,0.4,0.0,0.0
9,Other high contact ,4232340.0,4232333.0,1.3,7.0,80000.0,5.6,1.3,0.0,0.0,0.0,1.0,10000.0,2.9,0.6,0.6,0.6,0.0,0.0
10,Other high contact ,4232340.0,4232330.2,2.0,9.8,90000.0,7.9,2.0,0.0,0.0,0.0,1.0,10000.0,4.0,0.9,0.9,0.9,0.1,0.0
11,Other high contact ,4232340.0,4232326.2,2.8,13.7,100000.0,10.8,2.8,0.0,0.1,0.0,1.0,10000.0,5.3,1.2,1.2,1.2,0.2,0.0
12,Other high contact ,4232340.0,4232320.9,4.0,18.9,110000.0,14.8,4.1,0.0,0.3,0.0,1.0,10000.0,7.2,1.7,1.7,1.7,0.3,0.0
13,Other high contact ,4232340.0,4232313.6,5.7,25.8,120000.0,20.1,5.7,0.0,0.5,0.0,1.0,10000.0,9.7,2.3,2.3,2.3,0.4,0.0
14,Other high contact ,4232340.0,4232303.9,7.9,35.2,130000.0,27.3,8.0,0.0,0.9,0.0,1.0,10000.0,13.1,3.1,3.1,3.1,0.5,0.0
15,Other high contact ,4232340.0,4232290.8,10.8,47.7,140000.0,36.9,11.0,0.0,1.5,0.0,1.0,10000.0,17.7,4.1,4.1,4.1,0.8,0.0
16,Other high contact ,4232340.0,4232273.1,14.8,64.6,150000.0,49.8,15.2,0.0,2.2,0.0,1.0,10000.0,23.7,5.6,5.6,5.6,1.1,0.0
17,Other high contact ,4232340.0,4232249.4,20.2,87.3,160000.0,67.1,20.8,0.0,3.3,0.0,1.0,10000.0,31.9,7.5,7.5,7.5,1.5,0.0
18,Other high contact ,4232340.0,4232217.5,27.4,117.7,170000.0,90.3,28.3,0.0,4.8,0.0,1.0,10000.0,42.9,10.1,10.1,10.1,2.1,0.0
19,Other high contact ,4232340.0,4232174.6,37.1,158.5,180000.0,121.4,38.4,0.0,6.9,0.0,1.0,10000.0,57.5,13.6,13.6,13.6,2.8,0.0
20,Other high contact ,4232340.0,4232117.0,50.1,213.2,190000.0,163.1,52.0,0.0,9.7,0.0,1.0,10000.0,77.2,18.3,18.3,18.3,3.9,0.0
21,Other high contact ,4232340.0,4232039.8,67.5,286.5,200000.0,219.1,70.3,0.0,13.7,0.0,1.0,10000.0,103.6,24.5,24.5,24.5,5.3,0.0
22,Other high contact ,4232340.0,4231936.2,90.8,384.9,210000.0,294.1,94.8,0.0,18.9,0.0,1.0,10000.0,139.0,32.9,32.9,32.9,7.1,0.0
23,Other high contact ,4232340.0,4231797.2,122.0,516.7,220000.0,394.7,127.7,0.0,26.1,0.0,1.0,10000.0,186.5,44.1,44.1,44.1,9.6,0.0
24,Other high contact ,4232340.0,4231610.7,163.8,693.5,230000.0,529.7,171.8,0.0,35.7,0.0,1.0,10000.0,250.2,59.1,59.1,59.1,13.0,0.0
25,Other high contact ,4232340.0,4231360.6,219.8,930.7,240000.0,710.9,230.9,0.0,48.7,0.0,1.0,10000.0,335.6,79.1,79.1,79.1,17.5,0.0
26,Other high contact ,4232340.0,4231025.0,294.8,1248.8,250000.0,954.0,310.0,0.0,66.2,0.0,1.0,10000.0,450.3,105.9,105.9,105.9,23.5,0.0
27,Other high contact ,4232340.0,4230574.7,395.1,1675.6,260000.0,1280.5,415.9,0.0,89.7,0.0,1.0,10000.0,604.3,141.6,141.6,141.6,31.6,0.0
28,Other high contact ,4232340.0,4229970.4,529.2,2248.3,270000.0,1719.1,557.4,0.0,121.3,0.0,1.0,10000.0,811.2,189.1,189.1,189.1,42.4,0.0
29,Other high contact ,4232339.9,4229159.1,708.1,3017.1,280000.0,2308.9,746.5,0.1,163.8,0.0,1.0,10000.0,1089.5,252.3,252.3,252.3,57.0,0.0
30,Other high contact ,4232339.9,4228069.6,946.8,4049.5,290000.0,3102.8,998.8,0.1,220.7,0.0,1.0,10000.0,1464.0,335.9,335.9,335.9,76.5,0.0
31,Other high contact ,4232339.9,4226605.6,1264.4,5437.1,300000.0,4172.7,1334.7,0.1,297.2,0.0,1.0,10000.0,1968.9,446.3,446.3,446.3,102.6,0.1
32,Other high contact ,4232339.8,4224636.7,1686.2,7303.3,310000.0,5617.2,1781.0,0.2,399.8,0.0,1.0,10000.0,2650.6,591.2,591.2,591.2,137.6,0.1
33,Other high contact ,4232339.7,4221986.1,2244.5,9816.2,320000.0,7571.8,2372.2,0.3,537.4,0.0,1.0,10000.0,3573.2,780.0,780.0,780.0,184.6,0.1
34,Other high contact ,4232339.6,4218412.9,2980.4,13204.7,330000.0,10224.3,3152.2,0.4,722.0,0.0,1.0,10000.0,4825.7,1023.8,1023.8,1023.8,247.7,0.1
35,Other high contact ,4232339.5,4213587.2,3945.1,17782.6,340000.0,13837.5,4176.0,0.5,969.7,0.0,1.0,10000.0,6532.3,1334.8,1334.8,1334.8,332.2,0.2
36,Other high contact ,4232339.3,4207054.9,5200.8,23982.5,350000.0,18781.7,5510.8,0.7,1301.9,0.0,1.0,10000.0,8868.8,1725.1,1725.1,1725.1,445.8,0.2
37,Other high contact ,4232339.1,4198186.1,6820.1,32405.3,360000.0,25585.3,7235.9,0.9,1747.7,0.0,1.0,10000.0,12085.7,2205.0,2205.0,2205.0,598.3,0.3
38,Other high contact ,4232338.8,4186100.4,8883.5,43892.4,370000.0,35008.9,9440.9,1.2,2345.9,0.0,1.0,10000.0,16543.2,2779.5,2779.5,2779.5,803.1,0.4
39,Other high contact ,4232338.3,4169557.2,11473.9,59632.0,380000.0,48158.1,12220.4,1.7,3149.1,0.0,1.0,10000.0,22761.7,3444.9,3444.9,3444.9,1078.6,0.6
40,Other high contact ,4232337.8,4146795.5,14666.6,81314.6,390000.0,66648.0,15665.4,2.2,4227.7,0.0,1.0,10000.0,31490.6,4184.9,4184.9,4184.9,1449.4,0.8
41,Other high contact ,4232337.0,4115304.9,18515.6,111355.0,400000.0,92839.4,19850.3,3.0,5677.1,0.0,1.0,10000.0,43793.7,4969.3,4969.3,4969.3,1949.2,1.0
42,Other high contact ,4232336.0,4071511.2,23038.5,153198.5,410000.0,130160.0,24819.5,4.0,7626.3,0.0,1.0,10000.0,61133.8,5756.4,5756.4,5756.4,2624.1,1.4
43,Other high contact ,4232334.6,4010377.3,28203.8,211706.9,420000.0,183503.1,30576.0,5.4,10250.4,0.0,0.9,10000.0,85410.7,6501.1,6501.1,6501.1,3537.5,1.9
44,Other high contact ,4232332.7,3924966.6,33924.9,293578.3,430000.0,259653.4,37077.1,7.3,13787.8,0.0,0.9,10000.0,118851.9,7164.4,7164.4,7164.4,4777.4,2.5
45,Other high contact ,4232330.2,3806114.7,40065.5,407650.2,440000.0,367584.7,44241.5,9.8,18565.3,0.0,0.9,10000.0,163576.6,7721.8,7721.8,7721.8,6467.0,3.4
46,Other high contact ,4232326.8,3642538.1,46452.5,564756.5,450000.0,518303.9,51963.4,13.2,25032.2,0.0,0.9,10000.0,220596.0,8166.3,8166.3,8166.3,8780.1,4.5
47,Other high contact ,4232322.3,3421942.2,52893.7,776567.8,460000.0,723674.1,60129.7,17.7,33812.4,0.0,0.8,10000.0,288113.8,8505.2,8505.2,8505.2,11964.8,6.0
48,Other high contact ,4232316.3,3133828.4,59193.9,1052710.7,470000.0,993516.8,68634.8,23.7,45777.2,0.0,0.7,10000.0,359508.1,8754.2,8754.2,8754.2,16377.7,8.1
49,Other high contact ,4232308.2,2774320.2,65168.6,1395833.0,480000.0,1330664.5,77389.0,31.8,62154.9,0.0,0.7,10000.0,422335.7,8931.8,8931.8,8931.8,22534.1,10.9
50,Other high contact ,4232297.3,2351984.5,70655.5,1795623.8,490000.0,1724968.3,86320.8,42.7,84689.0,0.0,0.6,10000.0,460347.4,9055.6,9055.6,9055.6,31175.7,14.6
51,Other high contact ,4232282.7,1891637.1,75526.2,2224780.8,500000.0,2149254.6,95376.5,57.3,115864.7,0.0,0.4,10000.0,459461.3,9140.0,9140.0,9140.0,43355.8,19.7
52,Other high contact ,4232263.0,1432175.8,79697.0,2640866.6,510000.0,2561169.6,104516.5,77.0,159220.6,0.0,0.3,10000.0,415595.2,9196.1,9196.1,9196.1,60522.5,26.5
53,Other high contact ,4232236.5,1016580.6,83136.6,2995912.8,520000.0,2912776.2,113712.6,103.5,219743.0,0.0,0.2,10000.0,338991.5,9231.7,9231.7,9231.7,84556.6,35.7
54,Other high contact ,4232200.7,677589.1,85867.2,3250311.9,530000.0,3164444.7,122944.3,139.3,304299.7,0.0,0.2,10000.0,250061.7,9252.5,9252.5,9252.5,117663.4,48.3
55,Other high contact ,4232152.5,427527.4,87955.3,3382662.1,540000.0,3294706.8,132196.8,187.5,421963.0,0.0,0.1,10000.0,168719.3,9262.1,9262.1,9262.1,161940.8,65.3
56,Other high contact ,4232087.1,258808.1,89495.5,3389375.2,550000.0,3299879.7,141458.9,252.9,583903.8,0.0,0.1,10000.0,105965.1,9262.4,9262.4,9262.4,218390.0,88.7
57,Other high contact ,4231998.5,152843.0,90591.6,3276861.6,560000.0,3186270.0,150721.3,341.5,802293.9,0.0,0.0,10000.0,63208.9,9254.2,9254.2,9254.2,285232.7,120.9
58,Other high contact ,4231877.6,89634.1,91340.6,3054717.0,570000.0,2963376.4,159975.5,462.4,1087526.5,0.0,0.0,10000.0,36528.5,9236.2,9236.2,9236.2,355913.1,165.4
59,Other high contact ,4231712.2,53105.6,91822.7,2735167.0,580000.0,2643344.4,169211.7,627.8,1443439.6,0.0,0.0,10000.0,20829.8,9205.3,9205.3,9205.3,418112.4,227.6
60,Other high contact ,4231484.6,32275.7,92096.1,2337656.8,590000.0,2245560.8,178416.9,855.4,1861552.0,0.0,0.0,10000.0,11949.7,9155.0,9155.0,9155.0,455743.9,314.9
61,Other high contact ,4231169.6,20326.1,92195.4,1893547.7,600000.0,1801352.3,187571.9,1170.4,2317295.8,0.0,0.0,10000.0,6960.7,9073.7,9073.7,9073.7,454866.7,437.9
62,Other high contact ,4230731.7,13365.4,92129.1,1445203.8,610000.0,1353074.6,196645.6,1608.3,2772162.5,0.0,0.0,10000.0,4169.8,8940.9,8940.9,8940.9,411439.2,611.3
63,Other high contact ,4230120.4,9195.6,91873.9,1037323.0,620000.0,945449.0,205586.5,2219.6,3183601.8,0.0,0.0,10000.0,2598.7,8719.7,8719.7,8719.7,335601.6,854.1
64,Other high contact ,4229266.3,6596.9,91361.9,703466.0,630000.0,612104.1,214306.2,3073.7,3519203.4,0.0,0.0,10000.0,1697.4,8346.6,8346.6,8346.6,247561.1,1188.5
65,Other high contact ,4228077.7,4899.4,90456.0,456413.8,640000.0,365957.8,222652.8,4262.3,3766764.5,0.0,0.0,10000.0,1163.2,7716.9,7716.9,7716.9,167032.1,1635.8
66,Other high contact ,4226442.0,3736.3,88910.8,288909.1,650000.0,199998.2,230369.7,5898.0,3933796.6,0.0,0.0,10000.0,831.5,6677.7,6677.7,6677.7,104905.5,2206.0
67,Other high contact ,4224236.0,2904.7,86326.1,182629.2,660000.0,96303.1,237047.4,8104.0,4038702.1,0.0,0.0,10000.0,614.4,5060.5,5060.5,5060.5,62576.8,2881.1
68,Other high contact ,4221354.9,2290.4,82132.5,117785.6,670000.0,35653.2,242107.9,10985.1,4101278.9,0.0,0.0,10000.0,464.6,2820.7,2820.7,2820.7,36163.2,3595.1
69,Other high contact ,4217759.8,1825.7,75716.9,78492.0,680000.0,2775.1,244928.6,14580.2,4137442.1,0.0,0.0,10000.0,357.1,302.6,302.6,302.6,20621.5,4223.4
70,Other high contact ,4213536.4,1468.6,66814.2,54004.2,690000.0,0.0,245231.1,18803.6,4158063.6,0.0,0.0,10000.0,279.4,0.0,0.0,0.0,11830.2,4603.5
71,Other high contact ,4208933.0,1189.3,57659.2,37849.9,700000.0,0.0,245231.1,23407.0,4169893.8,0.0,0.0,10000.0,219.3,0.0,0.0,0.0,6891.1,4594.6
72,Other high contact ,4204338.4,969.9,48585.5,26583.6,710000.0,0.0,245231.1,28001.6,4176784.9,0.0,0.0,10000.0,172.8,0.0,0.0,0.0,4128.1,4156.0
73,Other high contact ,4200182.4,797.1,39644.6,18472.3,720000.0,0.0,245231.1,32157.6,4180912.9,0.0,0.0,10000.0,136.8,0.0,0.0,0.0,2572.8,3389.9
74,Other high contact ,4196792.5,660.3,30924.9,12646.5,730000.0,0.0,245231.1,35547.5,4183485.7,0.0,0.0,10000.0,109.0,0.0,0.0,0.0,1680.4,2500.6
75,Other high contact ,4194291.9,551.3,22578.3,8574.4,740000.0,0.0,245231.1,38048.1,4185166.1,0.0,0.0,10000.0,87.3,0.0,0.0,0.0,1151.5,1687.2
76,Other high contact ,4192604.7,464.1,14861.4,5823.0,750000.0,0.0,245231.1,39735.3,4186317.7,0.0,0.0,10000.0,70.3,0.0,0.0,0.0,823.2,1059.7
77,Other high contact ,4191545.0,393.7,8183.7,4010.4,760000.0,0.0,245231.1,40795.0,4187140.9,0.0,0.0,10000.0,57.0,0.0,0.0,0.0,608.2,632.1
78,Other high contact ,4190912.9,336.7,3123.2,2827.1,770000.0,0.0,245231.1,41427.1,4187749.1,0.0,0.0,10000.0,46.5,0.0,0.0,0.0,460.0,365.3
79,Other high contact ,4190547.7,290.3,302.6,2048.3,780000.0,1745.7,245231.1,41792.3,4188209.1,0.0,0.0,10000.0,38.1,193.8,193.8,193.8,353.5,208.3
80,Other high contact ,4190339.4,252.1,193.8,1524.6,790000.0,1330.7,245425.0,42000.6,4188562.7,0.0,0.0,10000.0,31.5,148.5,148.5,148.5,276.6,119.5
81,Other high contact ,4190219.9,220.7,342.3,1160.0,800000.0,817.6,245573.5,42120.1,4188839.2,0.0,0.0,10000.0,26.1,91.8,91.8,91.8,217.1,69.6
82,Other high contact ,4190150.3,194.6,434.1,899.3,810000.0,465.2,245665.3,42189.7,4189056.4,0.0,0.0,10000.0,21.7,52.4,52.4,52.4,171.1,41.7
83,Other high contact ,4190108.6,172.8,486.6,708.3,820000.0,221.7,245717.7,42231.4,4189227.4,0.0,0.0,10000.0,18.2,25.1,25.1,25.1,135.5,26.0
84,Other high contact ,4190082.6,154.6,511.6,565.1,830000.0,53.4,245742.8,42257.4,4189362.9,0.0,0.0,10000.0,15.4,6.1,6.1,6.1,107.9,17.0
85,Other high contact ,4190065.6,139.2,517.7,455.6,840000.0,0.0,245748.8,42274.4,4189470.8,0.0,0.0,10000.0,13.0,0.0,0.0,0.0,86.4,11.6
86,Other high contact ,4190054.0,126.2,517.7,370.6,850000.0,0.0,245748.8,42286.0,4189557.2,0.0,0.0,10000.0,11.1,0.0,0.0,0.0,69.6,8.3
87,Other high contact ,4190045.6,115.1,517.7,303.8,860000.0,0.0,245748.8,42294.4,4189626.8,0.0,0.0,10000.0,9.5,0.0,0.0,0.0,56.4,6.1
88,Other high contact ,4190039.5,105.5,517.7,250.7,870000.0,0.0,245748.8,42300.5,4189683.2,0.0,0.0,10000.0,8.2,0.0,0.0,0.0,46.0,4.6
89,Other high contact ,4190034.9,97.3,517.7,208.3,880000.0,0.0,245748.8,42305.1,4189729.2,0.0,0.0,10000.0,7.1,0.0,0.0,0.0,37.8,3.6
90,Other high contact ,4190031.3,90.2,323.8,174.0,890000.0,0.0,245748.8,42308.7,4189767.0,0.0,0.0,10000.0,6.2,0.0,0.0,0.0,31.1,2.8
91,Other high contact ,4190028.5,84.1,175.4,146.3,900000.0,0.0,245748.8,42311.5,4189798.1,0.0,0.0,10000.0,5.4,0.0,0.0,0.0,25.8,2.2
92,Other high contact ,4190026.3,78.7,83.6,123.6,910000.0,40.0,245748.8,42313.7,4189824.0,0.0,0.0,10000.0,4.7,4.5,4.5,4.5,21.5,1.7
93,Other high contact ,4190024.6,74.0,35.7,105.0,920000.0,69.4,245753.4,42315.4,4189845.5,0.0,0.0,10000.0,4.1,7.9,7.9,7.9,18.1,1.4
94,Other high contact ,4190023.2,69.9,18.5,89.7,930000.0,71.3,245761.2,42316.8,4189863.5,0.0,0.0,10000.0,3.6,8.1,8.1,8.1,15.2,1.1
95,Other high contact ,4190022.1,66.3,20.5,77.1,940000.0,56.6,245769.3,42317.9,4189878.8,0.0,0.0,10000.0,3.2,6.4,6.4,6.4,12.9,0.9
96,Other high contact ,4190021.2,63.1,26.9,66.5,950000.0,39.6,245775.7,42318.8,4189891.7,0.0,0.0,10000.0,2.8,4.5,4.5,4.5,11.0,0.7
97,Other high contact ,4190020.5,60.2,31.4,57.6,960000.0,26.2,245780.2,42319.5,4189902.7,0.0,0.0,10000.0,2.5,3.0,3.0,3.0,9.4,0.6
98,Other high contact ,4190020.0,57.7,34.3,50.1,970000.0,15.8,245783.2,42320.0,4189912.1,0.0,0.0,10000.0,2.3,1.8,1.8,1.8,8.1,0.5
99,Other high contact ,4190019.5,55.5,36.1,43.8,980000.0,7.7,245785.0,42320.5,4189920.2,0.0,0.0,10000.0,2.0,0.9,0.9,0.9,7.0,0.4
100,Other high contact ,4190019.1,53.4,37.0,38.4,990000.0,1.4,245785.8,42320.9,4189927.3,0.0,0.0,10000.0,1.8,0.2,0.2,0.2,6.1,0.3
101,Other high contact ,4190018.8,51.6,37.2,33.8,1000000.0,0.0,245786.0,42321.2,4189933.3,0.0,0.0,10000.0,1.6,0.0,0.0,0.0,5.3,0.3
102,Other high contact ,4190018.5,50.0,37.2,29.9,1010000.0,0.0,245786.0,42321.5,4189938.7,0.0,0.0,10000.0,1.5,0.0,0.0,0.0,4.6,0.2
103,Other high contact ,4190018.3,48.6,32.6,26.5,1020000.0,0.0,245786.0,42321.7,4189943.3,0.0,0.0,10000.0,1.3,0.0,0.0,0.0,4.1,0.2
104,Other high contact ,4190018.1,47.3,24.8,23.5,1030000.0,0.0,245786.0,42321.9,4189947.4,0.0,0.0,10000.0,1.2,0.0,0.0,0.0,3.6,0.2
105,Other high contact ,4190018.0,46.1,16.7,20.9,1040000.0,4.3,245786.0,42322.0,4189951.0,0.0,0.0,10000.0,1.1,0.5,0.5,0.5,3.2,0.1
106,Other high contact ,4190017.9,45.0,10.8,18.7,1050000.0,8.0,245786.5,42322.1,4189954.1,0.0,0.0,10000.0,1.0,0.9,0.9,0.9,2.8,0.1
107,Other high contact ,4190017.8,44.0,7.2,16.8,1060000.0,9.6,245787.4,42322.2,4189957.0,0.0,0.0,10000.0,0.9,1.1,1.1,1.1,2.5,0.1
108,Other high contact ,4190017.7,43.2,5.3,15.0,1070000.0,9.7,245788.5,42322.3,4189959.5,0.0,0.0,10000.0,0.8,1.1,1.1,1.1,2.2,0.1
109,Other high contact ,4190017.6,42.4,4.6,13.5,1080000.0,8.9,245789.6,42322.4,4189961.7,0.0,0.0,10000.0,0.7,1.0,1.0,1.0,2.0,0.1
110,Other high contact ,4190017.5,41.6,4.7,12.2,1090000.0,7.4,245790.6,42322.5,4189963.7,0.0,0.0,10000.0,0.7,0.8,0.8,0.8,1.8,0.1
111,Other high contact ,4190017.4,41.0,5.4,11.0,1100000.0,5.6,245791.4,42322.6,4189965.5,0.0,0.0,10000.0,0.6,0.6,0.6,0.6,1.6,0.1
112,Other high contact ,4190017.4,40.4,6.1,9.9,1110000.0,3.9,245792.1,42322.6,4189967.1,0.0,0.0,10000.0,0.5,0.4,0.4,0.4,1.4,0.0
113,Other high contact ,4190017.3,39.8,6.5,9.0,1120000.0,2.5,245792.5,42322.7,4189968.5,0.0,0.0,10000.0,0.5,0.3,0.3,0.3,1.3,0.0
114,Other high contact ,4190017.3,39.3,6.8,8.2,1130000.0,1.4,245792.8,42322.7,4189969.8,0.0,0.0,10000.0,0.5,0.2,0.2,0.2,1.2,0.0
115,Other high contact ,4190017.3,38.9,6.9,7.4,1140000.0,0.5,245792.9,42322.7,4189971.0,0.0,0.0,10000.0,0.4,0.1,0.1,0.1,1.1,0.0
116,Other high contact ,4190017.2,38.4,6.5,6.7,1150000.0,0.2,245793.0,42322.8,4189972.1,0.0,0.0,10000.0,0.4,0.0,0.0,0.0,1.0,0.0
117,Other high contact ,4190017.2,38.1,5.6,6.1,1160000.0,0.5,245793.0,42322.8,4189973.0,0.0,0.0,10000.0,0.4,0.1,0.1,0.1,0.9,0.0
118,Other high contact ,4190017.2,37.7,4.6,5.6,1170000.0,1.0,245793.1,42322.8,4189973.9,0.0,0.0,10000.0,0.3,0.1,0.1,0.1,0.8,0.0
119,Other high contact ,4190017.2,37.4,3.6,5.1,1180000.0,1.5,245793.2,42322.8,4189974.7,0.0,0.0,10000.0,0.3,0.2,0.2,0.2,0.7,0.0
120,Other high contact ,4190017.1,37.1,2.8,4.7,1190000.0,1.9,245793.3,42322.9,4189975.4,0.0,0.0,10000.0,0.3,0.2,0.2,0.2,0.7,0.0
121,Other high contact ,4190017.1,36.8,2.1,4.3,1200000.0,2.1,245793.6,42322.9,4189976.0,0.0,0.0,10000.0,0.2,0.2,0.2,0.2,0.6,0.0
122,Other high contact ,4190017.1,36.6,1.8,3.9,1210000.0,2.1,245793.8,42322.9,4189976.6,0.0,0.0,10000.0,0.2,0.2,0.2,0.2,0.5,0.0
123,Other high contact ,4190017.1,36.3,1.6,3.6,1220000.0,2.0,245794.0,42322.9,4189977.2,0.0,0.0,10000.0,0.2,0.2,0.2,0.2,0.5,0.0
124,Other high contact ,4190017.1,36.1,1.5,3.3,1230000.0,1.8,245794.3,42322.9,4189977.7,0.0,0.0,10000.0,0.2,0.2,0.2,0.2,0.5,0.0
125,Other high contact ,4190017.1,35.9,1.5,3.0,1240000.0,1.4,245794.5,42322.9,4189978.1,0.0,0.0,10000.0,0.2,0.2,0.2,0.2,0.4,0.0
126,Other high contact ,4190017.0,35.8,1.7,2.7,1250000.0,1.1,245794.6,42323.0,4189978.5,0.0,0.0,10000.0,0.2,0.1,0.1,0.1,0.4,0.0
127,Other high contact ,4190017.0,35.6,1.7,2.5,1260000.0,0.8,245794.8,42323.0,4189978.9,0.0,0.0,10000.0,0.1,0.1,0.1,0.1,0.3,0.0
128,Other high contact ,4190017.0,35.4,1.8,2.3,1270000.0,0.5,245794.8,42323.0,4189979.3,0.0,0.0,10000.0,0.1,0.1,0.1,0.1,0.3,0.0
129,Other high contact ,4190017.0,35.3,1.7,2.1,1280000.0,0.4,245794.9,42323.0,4189979.6,0.0,0.0,10000.0,0.1,0.0,0.0,0.0,0.3,0.0
130,Other high contact ,4190017.0,35.2,1.6,1.9,1290000.0,0.3,245795.0,42323.0,4189979.9,0.0,0.0,10000.0,0.1,0.0,0.0,0.0,0.3,0.0
131,Other high contact ,4190017.0,35.1,1.4,1.8,1300000.0,0.4,245795.0,42323.0,4189980.2,0.0,0.0,10000.0,0.1,0.0,0.0,0.0,0.2,0.0
132,Other high contact ,4190017.0,35.0,1.2,1.6,1310000.0,0.4,245795.0,42323.0,4189980.4,0.0,0.0,10000.0,0.1,0.0,0.0,0.0,0.2,0.0
133,Other high contact ,4190017.0,34.9,1.0,1.5,1320000.0,0.5,245795.1,42323.0,4189980.6,0.0,0.0,10000.0,0.1,0.1,0.1,0.1,0.2,0.0
134,Other high contact ,4190017.0,34.8,0.9,1.4,1330000.0,0.5,245795.1,42323.0,4189980.8,0.0,0.0,10000.0,0.1,0.1,0.1,0.1,0.2,0.0
135,Other high contact ,4190017.0,34.7,0.7,1.3,1340000.0,0.6,245795.2,42323.0,4189981.0,0.0,0.0,10000.0,0.1,0.1,0.1,0.1,0.2,0.0
136,Other high contact ,4190017.0,34.6,0.6,1.2,1350000.0,0.6,245795.3,42323.0,4189981.2,0.0,0.0,10000.0,0.1,0.1,0.1,0.1,0.2,0.0
137,Other high contact ,4190017.0,34.5,0.6,1.1,1360000.0,0.5,245795.3,42323.0,4189981.4,0.0,0.0,10000.0,0.1,0.1,0.1,0.1,0.1,0.0
138,Other high contact ,4190017.0,34.5,0.5,1.0,1370000.0,0.5,245795.4,42323.0,4189981.5,0.0,0.0,10000.0,0.1,0.1,0.1,0.1,0.1,0.0
139,Other high contact ,4190017.0,34.4,0.5,0.9,1380000.0,0.4,245795.4,42323.0,4189981.6,0.0,0.0,10000.0,0.1,0.0,0.0,0.0,0.1,0.0
140,Other high contact ,4190017.0,34.4,0.5,0.8,1390000.0,0.3,245795.5,42323.0,4189981.8,0.0,0.0,10000.0,0.1,0.0,0.0,0.0,0.1,0.0
141,Other high contact ,4190017.0,34.3,0.5,0.8,1400000.0,0.3,245795.5,42323.0,4189981.9,0.0,0.0,10000.0,0.0,0.0,0.0,0.0,0.1,0.0
142,Other high contact ,4190017.0,34.3,0.5,0.7,1410000.0,0.2,245795.5,42323.0,4189982.0,0.0,0.0,10000.0,0.0,0.0,0.0,0.0,0.1,0.0
143,Other high contact ,4190017.0,34.2,0.5,0.7,1420000.0,0.2,245795.6,42323.0,4189982.1,0.0,0.0,10000.0,0.0,0.0,0.0,0.0,0.1,0.0
144,Other high contact ,4190017.0,34.2,0.5,0.6,1430000.0,0.2,245795.6,42323.0,4189982.2,0.0,0.0,10000.0,0.0,0.0,0.0,0.0,0.1,0.0
145,Other high contact ,4190017.0,34.1,0.4,0.6,1440000.0,0.2,245795.6,42323.0,4189982.3,0.0,0.0,10000.0,0.0,0.0,0.0,0.0,0.1,0.0
146,Other high contact ,4190017.0,34.1,0.4,0.5,1450000.0,0.2,245795.6,42323.0,4189982.3,0.0,0.0,10000.0,0.0,0.0,0.0,0.0,0.1,0.0
147,Other high contact ,4190017.0,34.1,0.3,0.5,1460000.0,0.2,245795.6,42323.0,4189982.4,0.0,0.0,10000.0,0.0,0.0,0.0,0.0,0.1,0.0
148,Other high contact ,4190017.0,34.0,0.3,0.4,1470000.0,0.2,245795.7,42323.0,4189982.5,0.0,0.0,10000.0,0.0,0.0,0.0,0.0,0.1,0.0
149,Other high contact ,4190017.0,34.0,0.2,0.4,1480000.0,0.2,245795.7,42323.0,4189982.5,0.0,0.0,10000.0,0.0,0.0,0.0,0.0,0.1,0.0
150,Other high contact ,4190017.0,34.0,0.2,0.4,1490000.0,0.2,245795.7,42323.0,4189982.6,0.0,0.0,10000.0,0.0,0.0,0.0,0.0,0.1,0.0
151,Other high contact ,4190017.0,34.0,0.2,0.3,1500000.0,0.1,245795.7,42323.0,4189982.6,0.0,0.0,10000.0,0.0,0.0,0.0,0.0,0.0,0.0
152,Other high contact ,4190016.9,33.9,0.2,0.3,1510000.0,0.1,245795.7,42323.1,4189982.7,0.0,0.0,10000.0,0.0,0.0,0.0,0.0,0.0,0.0
153,Other high contact ,4190016.9,33.9,0.2,0.3,1520000.0,0.1,245795.7,42323.1,4189982.7,0.0,0.0,10000.0,0.0,0.0,0.0,0.0,0.0,0.0
154,Other high contact ,4190016.9,33.9,0.2,0.3,1530000.0,0.1,245795.8,42323.1,4189982.8,0.0,0.0,10000.0,0.0,0.0,0.0,0.0,0.0,0.0
155,Other high contact ,4190016.9,33.9,0.2,0.3,1540000.0,0.1,245795.8,42323.1,4189982.8,0.0,0.0,10000.0,0.0,0.0,0.0,0.0,0.0,0.0
156,Other high contact ,4190016.9,33.9,0.2,0.2,1550000.0,0.1,245795.8,42323.1,4189982.8,0.0,0.0,10000.0,0.0,0.0,0.0,0.0,0.0,0.0
157,Other high contact ,4190016.9,33.9,0.1,0.2,1560000.0,0.1,245795.8,42323.1,4189982.9,0.0,0.0,10000.0,0.0,0.0,0.0,0.0,0.0,0.0
158,Other high contact ,4190016.9,33.9,0.1,0.2,1570000.0,0.1,245795.8,42323.1,4189982.9,0.0,0.0,10000.0,0.0,0.0,0.0,0.0,0.0,0.0
159,Other high contact ,4190016.9,33.8,0.1,0.2,1580000.0,0.1,245795.8,42323.1,4189982.9,0.0,0.0,10000.0,0.0,0.0,0.0,0.0,0.0,0.0
160,Other high contact ,4190016.9,33.8,0.1,0.2,1590000.0,0.1,245795.8,42323.1,4189982.9,0.0,0.0,10000.0,0.0,0.0,0.0,0.0,0.0,0.0
161,Other high contact ,4190016.9,33.8,0.1,0.2,1600000.0,0.1,245795.8,42323.1,4189983.0,0.0,0.0,10000.0,0.0,0.0,0.0,0.0,0.0,0.0
162,Other high contact ,4190016.9,33.8,0.1,0.1,1610000.0,0.1,245795.8,42323.1,4189983.0,0.0,0.0,10000.0,0.0,0.0,0.0,0.0,0.0,0.0
163,Other high contact ,4190016.9,33.8,0.1,0.1,1620000.0,0.1,245795.8,42323.1,4189983.0,0.0,0.0,10000.0,0.0,0.0,0.0,0.0,0.0,0.0
164,Other high contact ,4190016.9,33.8,0.1,0.1,1630000.0,0.0,245795.8,42323.1,4189983.0,0.0,0.0,10000.0,0.0,0.0,0.0,0.0,0.0,0.0
165,Other high contact ,4190016.9,33.8,0.1,0.1,1640000.0,0.0,245795.8,42323.1,4189983.0,0.0,0.0,10000.0,0.0,0.0,0.0,0.0,0.0,0.0
166,Other high contact ,4190016.9,33.8,0.1,0.1,1650000.0,0.0,245795.8,42323.1,4189983.1,0.0,0.0,10000.0,0.0,0.0,0.0,0.0,0.0,0.0
167,Other high contact ,4190016.9,33.8,0.1,0.1,1660000.0,0.0,245795.8,42323.1,4189983.1,0.0,0.0,10000.0,0.0,0.0,0.0,0.0,0.0,0.0
168,Other high contact ,4190016.9,33.8,0.1,0.1,1670000.0,0.0,245795.8,42323.1,4189983.1,0.0,0.0,10000.0,0.0,0.0,0.0,0.0,0.0,0.0
169,Other high contact ,4190016.9,33.8,0.1,0.1,1680000.0,0.0,245795.9,42323.1,4189983.1,0.0,0.0,10000.0,0.0,0.0,0.0,0.0,0.0,0.0
170,Other high contact ,4190016.9,33.8,0.0,0.1,1690000.0,0.0,245795.9,42323.1,4189983.1,0.0,0.0,10000.0,0.0,0.0,0.0,0.0,0.0,0.0
171,Other high contact ,4190016.9,33.7,0.0,0.1,1700000.0,0.0,245795.9,42323.1,4189983.1,0.0,0.0,10000.0,0.0,0.0,0.0,0.0,0.0,0.0
172,Other high contact ,4190016.9,33.7,0.0,0.1,1710000.0,0.0,245795.9,42323.1,4189983.1,0.0,0.0,10000.0,0.0,0.0,0.0,0.0,0.0,0.0
173,Other high contact ,4190016.9,33.7,0.0,0.1,1720000.0,0.0,245795.9,42323.1,4189983.1,0.0,0.0,10000.0,0.0,0.0,0.0,0.0,0.0,0.0
174,Other high contact ,4190016.9,33.7,0.0,0.1,1730000.0,0.0,245795.9,42323.1,4189983.1,0.0,0.0,10000.0,0.0,0.0,0.0,0.0,0.0,0.0
175,Other high contact ,4190016.9,33.7,0.0,0.1,1740000.0,0.0,245795.9,42323.1,4189983.2,0.0,0.0,10000.0,0.0,0.0,0.0,0.0,0.0,0.0
176,Other high contact ,4190016.9,33.7,0.0,0.0,1750000.0,0.0,245795.9,42323.1,4189983.2,0.0,0.0,10000.0,0.0,0.0,0.0,0.0,0.0,0.0
177,Other high contact ,4190016.9,33.7,0.0,0.0,1760000.0,0.0,245795.9,42323.1,4189983.2,0.0,0.0,10000.0,0.0,0.0,0.0,0.0,0.0,0.0
178,Other high contact ,4190016.9,33.7,0.0,0.0,1770000.0,0.0,245795.9,42323.1,4189983.2,0.0,0.0,10000.0,0.0,0.0,0.0,0.0,0.0,0.0
179,Other high contact ,4190016.9,33.7,0.0,0.0,1780000.0,0.0,245795.9,42323.1,4189983.2,0.0,0.0,10000.0,0.0,0.0,0.0,0.0,0.0,0.0
180,Other high contact ,4190016.9,33.7,0.0,0.0,1790000.0,0.0,245795.9,42323.1,4189983.2,0.0,0.0,10000.0,0.0,0.0,0.0,0.0,0.0,0.0
181,Other high contact ,4190016.9,33.7,0.0,0.0,1800000.0,0.0,245795.9,42323.1,4189983.2,0.0,0.0,10000.0,0.0,0.0,0.0,0.0,0.0,0.0
182,Other high contact ,4190016.9,33.7,0.0,0.0,1810000.0,0.0,245795.9,42323.1,4189983.2,0.0,0.0,10000.0,0.0,0.0,0.0,0.0,0.0,0.0
183,Other high contact ,4190016.9,33.7,0.0,0.0,1820000.0,0.0,245795.9,42323.1,4189983.2,0.0,0.0,10000.0,0.0,0.0,0.0,0.0,0.0,0.0
184,Other high contact ,4190016.9,33.7,0.0,0.0,1830000.0,0.0,245795.9,42323.1,4189983.2,0.0,0.0,10000.0,0.0,0.0,0.0,0.0,0.0,0.0
185,Other high contact ,4190016.9,33.7,0.0,0.0,1840000.0,0.0,245795.9,42323.1,4189983.2,0.0,0.0,10000.0,0.0,0.0,0.0,0.0,0.0,0.0
186,Other high contact ,4190016.9,33.7,0.0,0.0,1850000.0,0.0,245795.9,42323.1,4189983.2,0.0,0.0,10000.0,0.0,0.0,0.0,0.0,0.0,0.0
187,Other high contact ,4190016.9,33.7,0.0,0.0,1860000.0,0.0,245795.9,42323.1,4189983.2,0.0,0.0,10000.0,0.0,0.0,0.0,0.0,0.0,0.0
188,Other high contact ,4190016.9,33.7,0.0,0.0,1870000.0,0.0,245795.9,42323.1,4189983.2,0.0,0.0,10000.0,0.0,0.0,0.0,0.0,0.0,0.0
189,Other high contact ,4190016.9,33.7,0.0,0.0,1880000.0,0.0,245795.9,42323.1,4189983.2,0.0,0.0,10000.0,0.0,0.0,0.0,0.0,0.0,0.0
190,Other high contact ,4190016.9,33.7,0.0,0.0,1890000.0,0.0,245795.9,42323.1,4189983.2,0.0,0.0,10000.0,0.0,0.0,0.0,0.0,0.0,0.0
191,Other high contact ,4190016.9,33.7,0.0,0.0,1900000.0,0.0,245795.9,42323.1,4189983.2,0.0,0.0,10000.0,0.0,0.0,0.0,0.0,0.0,0.0
192,Other high contact ,4190016.9,33.7,0.0,0.0,1910000.0,0.0,245795.9,42323.1,4189983.2,0.0,0.0,10000.0,0.0,0.0,0.0,0.0,0.0,0.0
193,Other high contact ,4190016.9,33.7,0.0,0.0,1920000.0,0.0,245795.9,42323.1,4189983.2,0.0,0.0,10000.0,0.0,0.0,0.0,0.0,0.0,0.0
194,Other high contact ,4190016.9,33.7,0.0,0.0,1930000.0,0.0,245795.9,42323.1,4189983.2,0.0,0.0,10000.0,0.0,0.0,0.0,0.0,0.0,0.0
195,Other high contact ,4190016.9,33.7,0.0,0.0,1940000.0,0.0,245795.9,42323.1,4189983.2,0.0,0.0,10000.0,0.0,0.0,0.0,0.0,0.0,0.0
196,Other high contact ,4190016.9,33.7,0.0,0.0,1950000.0,0.0,245795.9,42323.1,4189983.2,0.0,0.0,10000.0,0.0,0.0,0.0,0.0,0.0,0.0
197,Other high contact ,4190016.9,33.7,0.0,0.0,1960000.0,0.0,245795.9,42323.1,4189983.2,0.0,0.0,10000.0,0.0,0.0,0.0,0.0,0.0,0.0
198,Other high contact ,4190016.9,33.7,0.0,0.0,1970000.0,0.0,245795.9,42323.1,4189983.2,0.0,0.0,10000.0,0.0,0.0,0.0,0.0,0.0,0.0
199,Other high contact ,4190016.9,33.7,0.0,0.0,1980000.0,0.0,245795.9,42323.1,4189983.2,0.0,0.0,0.0,0.0,0.0,0.0,0.0,0.0,0.0
0,Rest of population,55509660.0,55509659.0,0.0,1.0,0.0,1.0,0.0,0.0,0.0,0.0,1.0,0.0,0.1,0.0,0.0,0.0,0.0,0.0
1,Rest of population,55509660.0,55509658.9,0.0,1.1,0.0,1.1,0.0,0.0,0.0,0.0,1.0,0.0,0.1,0.0,0.0,0.0,0.0,0.0
2,Rest of population,55509660.0,55509658.7,0.0,1.3,0.0,1.3,0.0,0.0,0.0,0.0,1.0,0.0,0.2,0.0,0.0,0.0,0.0,0.0
3,Rest of population,55509660.0,55509658.6,0.0,1.4,0.0,1.4,0.0,0.0,0.0,0.0,1.0,0.0,0.2,0.0,0.0,0.0,0.0,0.0
4,Rest of population,55509660.0,55509658.3,0.0,1.7,0.0,1.7,0.0,0.0,0.0,0.0,1.0,0.0,0.3,0.0,0.0,0.0,0.0,0.0
5,Rest of population,55509660.0,55509658.0,0.0,2.0,0.0,2.0,0.0,0.0,0.0,0.0,1.0,0.0,0.4,0.0,0.0,0.0,0.0,0.0
6,Rest of population,55509660.0,55509657.6,0.0,2.4,0.0,2.4,0.0,0.0,0.0,0.0,1.0,0.0,0.6,0.0,0.0,0.0,0.0,0.0
7,Rest of population,55509660.0,55509657.0,0.0,3.0,0.0,3.0,0.0,0.0,0.0,0.0,1.0,0.0,0.7,0.0,0.0,0.0,0.0,0.0
8,Rest of population,55509660.0,55509656.2,0.0,3.8,0.0,3.8,0.0,0.0,0.0,0.0,1.0,0.0,1.0,0.0,0.0,0.0,0.0,0.0
9,Rest of population,55509660.0,55509655.2,0.0,4.8,0.0,4.8,0.0,0.0,0.0,0.0,1.0,0.0,1.3,0.0,0.0,0.0,0.0,0.0
10,Rest of population,55509660.0,55509653.9,0.0,6.1,0.0,6.1,0.0,0.0,0.0,0.0,1.0,0.0,1.8,0.0,0.0,0.0,0.1,0.0
11,Rest of population,55509660.0,55509652.1,0.0,7.8,0.0,7.8,0.0,0.0,0.1,0.0,1.0,0.0,2.4,0.0,0.0,0.0,0.1,0.0
12,Rest of population,55509660.0,55509649.7,0.0,10.0,0.0,10.0,0.0,0.0,0.3,0.0,1.0,0.0,3.2,0.0,0.0,0.0,0.2,0.0
13,Rest of population,55509660.0,55509646.5,0.0,13.0,0.0,13.0,0.0,0.0,0.4,0.0,1.0,0.0,4.2,0.0,0.0,0.0,0.2,0.0
14,Rest of population,55509660.0,55509642.3,0.0,17.0,0.0,17.0,0.0,0.0,0.7,0.0,1.0,0.0,5.7,0.0,0.0,0.0,0.3,0.0
15,Rest of population,55509660.0,55509636.6,0.0,22.4,0.0,22.4,0.0,0.0,1.0,0.0,1.0,0.0,7.6,0.0,0.0,0.0,0.4,0.0
16,Rest of population,55509660.0,55509629.1,0.0,29.5,0.0,29.5,0.0,0.0,1.4,0.0,1.0,0.0,10.2,0.0,0.0,0.0,0.6,0.0
17,Rest of population,55509660.0,55509618.9,0.0,39.1,0.0,39.1,0.0,0.0,2.0,0.0,1.0,0.0,13.6,0.0,0.0,0.0,0.7,0.0
18,Rest of population,55509660.0,55509605.3,0.0,52.0,0.0,52.0,0.0,0.0,2.7,0.0,1.0,0.0,18.2,0.0,0.0,0.0,1.0,0.0
19,Rest of population,55509660.0,55509587.1,0.0,69.2,0.0,69.2,0.0,0.0,3.7,0.0,1.0,0.0,24.4,0.0,0.0,0.0,1.3,0.0
20,Rest of population,55509660.0,55509562.7,0.0,92.3,0.0,92.3,0.0,0.0,5.0,0.0,1.0,0.0,32.7,0.0,0.0,0.0,1.8,0.0
21,Rest of population,55509660.0,55509530.0,0.0,123.2,0.0,123.2,0.0,0.0,6.8,0.0,1.0,0.0,43.8,0.0,0.0,0.0,2.4,0.0
22,Rest of population,55509660.0,55509486.2,0.0,164.6,0.0,164.6,0.0,0.0,9.2,0.0,1.0,0.0,58.7,0.0,0.0,0.0,3.1,0.0
23,Rest of population,55509660.0,55509427.5,0.0,220.2,0.0,220.2,0.0,0.0,12.3,0.0,1.0,0.0,78.7,0.0,0.0,0.0,4.2,0.0
24,Rest of population,55509660.0,55509348.7,0.0,294.7,0.0,294.7,0.0,0.0,16.5,0.0,1.0,0.0,105.6,0.0,0.0,0.0,5.6,0.0
25,Rest of population,55509660.0,55509243.2,0.0,394.7,0.0,394.7,0.0,0.0,22.1,0.0,1.0,0.0,141.6,0.0,0.0,0.0,7.5,0.0
26,Rest of population,55509660.0,55509101.6,0.0,528.8,0.0,528.8,0.0,0.0,29.6,0.0,1.0,0.0,190.0,0.0,0.0,0.0,10.1,0.0
27,Rest of population,55509660.0,55508911.6,0.0,708.7,0.0,708.7,0.0,0.0,39.7,0.0,1.0,0.0,254.9,0.0,0.0,0.0,13.5,0.0
28,Rest of population,55509660.0,55508656.7,0.0,950.1,0.0,950.1,0.0,0.0,53.2,0.0,1.0,0.0,342.3,0.0,0.0,0.0,18.0,0.0
29,Rest of population,55509660.0,55508314.4,0.0,1274.4,0.0,1274.4,0.0,0.0,71.2,0.0,1.0,0.0,459.9,0.0,0.0,0.0,24.2,0.0
30,Rest of population,55509659.9,55507854.5,0.0,1710.1,0.0,1710.1,0.0,0.1,95.3,0.0,1.0,0.0,618.4,0.0,0.0,0.0,32.4,0.0
31,Rest of population,55509659.9,55507236.1,0.0,2296.1,0.0,2296.1,0.0,0.1,127.7,0.0,1.0,0.0,832.3,0.0,0.0,0.0,43.4,0.0
32,Rest of population,55509659.9,55506403.9,0.0,3085.0,0.0,3085.0,0.0,0.1,171.1,0.0,1.0,0.0,1121.7,0.0,0.0,0.0,58.1,0.0
33,Rest of population,55509659.9,55505282.2,0.0,4148.5,0.0,4148.5,0.0,0.1,229.2,0.0,1.0,0.0,1514.5,0.0,0.0,0.0,77.9,0.0
34,Rest of population,55509659.8,55503767.6,0.0,5585.1,0.0,5585.1,0.0,0.2,307.2,0.0,1.0,0.0,2049.8,0.0,0.0,0.0,104.5,0.1
35,Rest of population,55509659.8,55501717.8,0.0,7530.3,0.0,7530.3,0.0,0.2,411.7,0.0,1.0,0.0,2782.9,0.0,0.0,0.0,140.2,0.1
36,Rest of population,55509659.7,55498934.9,0.0,10173.0,0.0,10173.0,0.0,0.3,551.8,0.0,1.0,0.0,3793.4,0.0,0.0,0.0,188.1,0.1
37,Rest of population,55509659.6,55495141.5,0.0,13778.2,0.0,13778.2,0.0,0.4,739.9,0.0,1.0,0.0,5197.1,0.0,0.0,0.0,252.4,0.1
38,Rest of population,55509659.5,55489944.4,0.0,18722.8,0.0,18722.8,0.0,0.5,992.3,0.0,1.0,0.0,7164.9,0.0,0.0,0.0,338.9,0.2
39,Rest of population,55509659.3,55482779.5,0.0,25548.6,0.0,25548.6,0.0,0.7,1331.2,0.0,1.0,0.0,9951.0,0.0,0.0,0.0,455.3,0.2
40,Rest of population,55509659.0,55472828.6,0.0,35044.0,0.0,35044.0,0.0,1.0,1786.5,0.0,1.0,0.0,13934.1,0.0,0.0,0.0,612.2,0.3
41,Rest of population,55509658.7,55458894.5,0.0,48365.6,0.0,48365.6,0.0,1.3,2398.7,0.0,1.0,0.0,19673.2,0.0,0.0,0.0,823.9,0.4
42,Rest of population,55509658.3,55439221.3,0.0,67214.3,0.0,67214.3,0.0,1.7,3222.6,0.0,1.0,0.0,27975.4,0.0,0.0,0.0,1110.5,0.6
43,Rest of population,55509657.7,55411245.9,0.0,94078.7,0.0,94078.7,0.0,2.3,4333.1,0.0,1.0,0.0,39964.9,0.0,0.0,0.0,1499.4,0.8
44,Rest of population,55509656.9,55371281.0,0.0,132543.5,0.0,132543.5,0.0,3.1,5832.5,0.0,1.0,0.0,57123.2,0.0,0.0,0.0,2029.3,1.1
45,Rest of population,55509655.8,55314157.8,0.0,187636.3,0.0,187636.3,0.0,4.2,7861.8,0.0,1.0,0.0,81245.2,0.0,0.0,0.0,2755.1,1.4
46,Rest of population,55509654.4,55232912.6,0.0,266125.0,0.0,266125.0,0.0,5.6,10616.9,0.0,1.0,0.0,114229.1,0.0,0.0,0.0,3755.5,1.9
47,Rest of population,55509652.5,55118683.5,0.0,376596.7,0.0,376596.7,0.0,7.5,14372.4,0.0,1.0,0.0,157641.3,0.0,0.0,0.0,5145.1,2.5
48,Rest of population,55509650.0,54961042.2,0.0,529090.3,0.0,529090.3,0.0,10.0,19517.5,0.0,1.0,0.0,212147.1,0.0,0.0,0.0,7093.2,3.4
49,Rest of population,55509646.6,54748895.1,0.0,734140.8,0.0,734140.8,0.0,13.4,26610.7,0.0,1.0,0.0,277123.1,0.0,0.0,0.0,9851.4,4.6
50,Rest of population,55509642.0,54471771.9,0.0,1001407.9,0.0,1001407.9,0.0,18.0,36462.1,0.0,1.0,0.0,350724.4,0.0,0.0,0.0,13794.7,6.2
51,Rest of population,55509635.8,54121047.5,0.0,1338331.4,0.0,1338331.4,0.0,24.2,50256.9,0.0,1.0,0.0,430134.7,0.0,0.0,0.0,19476.4,8.3
52,Rest of population,55509627.4,53690912.8,0.0,1748981.3,0.0,1748981.3,0.0,32.6,69733.3,0.0,1.0,0.0,511532.2,0.0,0.0,0.0,27695.7,11.2
53,Rest of population,55509616.2,53179380.7,0.0,2232806.6,0.0,2232806.6,0.0,43.8,97429.0,0.0,1.0,0.0,590155.8,0.0,0.0,0.0,39565.3,15.1
54,Rest of population,55509601.1,52589224.8,0.0,2783382.0,0.0,2783382.0,0.0,58.9,136994.3,0.0,0.9,0.0,661172.1,0.0,0.0,0.0,56552.0,20.5
55,Rest of population,55509580.6,51928052.7,0.0,3387981.6,0.0,3387981.6,0.0,79.4,193546.2,0.0,0.9,0.0,720899.3,0.0,0.0,0.0,80432.7,27.8
56,Rest of population,55509552.8,51207153.4,0.0,4028420.4,0.0,4028420.4,0.0,107.2,273979.0,0.0,0.9,0.0,767326.9,0.0,0.0,0.0,113086.8,37.9
57,Rest of population,55509514.8,50439826.5,0.0,4682622.6,0.0,4682622.6,0.0,145.2,387065.8,0.0,0.9,0.0,799823.7,0.0,0.0,0.0,156064.9,52.0
58,Rest of population,55509462.9,49640002.8,0.0,5326329.4,0.0,5326329.4,0.0,197.1,543130.7,0.0,0.9,0.0,818714.9,0.0,0.0,0.0,210025.6,71.6
59,Rest of population,55509391.2,48821287.8,0.0,5934947.1,0.0,5934947.1,0.0,268.8,753156.3,0.0,0.9,0.0,825080.5,0.0,0.0,0.0,274351.9,99.5
60,Rest of population,55509291.7,47996207.3,0.0,6485576.2,0.0,6485576.2,0.0,368.3,1027508.2,0.0,0.9,0.0,824485.7,0.0,0.0,0.0,347217.1,139.3
61,Rest of population,55509152.4,47171721.6,0.0,6962705.4,0.0,6962705.4,0.0,507.6,1374725.3,0.0,0.8,0.0,813379.9,0.0,0.0,0.0,425833.4,196.7
62,Rest of population,55508955.6,46358341.7,0.0,7350055.2,0.0,7350055.2,0.0,704.4,1800558.7,0.0,0.8,0.0,793800.5,0.0,0.0,0.0,506416.9,279.8
63,Rest of population,55508675.9,45564541.2,0.0,7637159.1,0.0,7637159.1,0.0,984.1,2306975.6,0.0,0.8,0.0,769407.6,0.0,0.0,0.0,584254.3,399.6
64,Rest of population,55508276.2,44795133.6,0.0,7821912.8,0.0,7821912.8,0.0,1383.8,2891229.8,0.0,0.8,0.0,743324.8,0.0,0.0,0.0,654560.4,571.2
65,Rest of population,55507705.0,44051808.8,0.0,7910106.0,0.0,7910106.0,0.0,1955.0,3545790.2,0.0,0.8,0.0,717307.5,0.0,0.0,0.0,713690.3,812.5
66,Rest of population,55506892.5,43334501.3,0.0,7912910.7,0.0,7912910.7,0.0,2767.5,4259480.5,0.0,0.8,0.0,691726.7,0.0,0.0,0.0,759653.7,1142.3
67,Rest of population,55505750.2,42642774.5,0.0,7843841.5,0.0,7843841.5,0.0,3909.8,5019134.2,0.0,0.8,0.0,666203.6,0.0,0.0,0.0,791825.5,1576.4
68,Rest of population,55504173.8,41976571.0,0.0,7716643.2,0.0,7716643.2,0.0,5486.2,5810959.7,0.0,0.8,0.0,640298.9,0.0,0.0,0.0,810527.8,2121.5
69,Rest of population,55502052.4,41336272.1,0.0,7544292.8,0.0,7544292.8,0.0,7607.6,6621487.5,0.0,0.7,0.0,613863.2,0.0,0.0,0.0,816829.7,2771.2
70,Rest of population,55499281.1,40722408.9,0.0,7338555.1,0.0,7338555.1,0.0,10378.9,7438317.2,0.0,0.7,0.0,588100.5,0.0,0.0,0.0,816240.8,3507.2
71,Rest of population,55495773.9,40134308.4,0.0,7106907.5,0.0,7106907.5,0.0,13886.1,8254558.0,0.0,0.7,0.0,561316.2,0.0,0.0,0.0,805246.1,4301.3
72,Rest of population,55491472.5,39572992.2,0.0,6858676.3,0.0,6858676.3,0.0,18187.5,9059804.1,0.0,0.7,0.0,534175.6,0.0,0.0,0.0,785862.5,5115.3
73,Rest of population,55486357.2,39038816.6,0.0,6601874.0,0.0,6601874.0,0.0,23302.8,9845666.6,0.0,0.7,0.0,507281.2,0.0,0.0,0.0,761713.6,5901.6
74,Rest of population,55480455.7,38531535.4,0.0,6341540.1,0.0,6341540.1,0.0,29204.3,10607380.1,0.0,0.7,0.0,480996.7,0.0,0.0,0.0,735891.6,6611.7
75,Rest of population,55473843.9,38050538.7,0.0,6080033.5,0.0,6080033.5,0.0,35816.1,11343271.7,0.0,0.7,0.0,455459.3,0.0,0.0,0.0,710134.4,7209.0
76,Rest of population,55466634.9,37595079.4,0.0,5818149.4,0.0,5818149.4,0.0,43025.1,12053406.1,0.0,0.7,0.0,430680.4,0.0,0.0,0.0,684809.5,7673.3
77,Rest of population,55458961.7,37164399.0,0.0,5556347.1,0.0,5556347.1,0.0,50698.3,12738215.6,0.0,0.7,0.0,406645.4,0.0,0.0,0.0,659541.5,7998.2
78,Rest of population,55450963.4,36757753.6,0.0,5295452.7,0.0,5295452.7,0.0,58696.6,13397757.2,0.0,0.7,0.0,383366.4,0.0,0.0,0.0,633895.9,8187.1
79,Rest of population,55442776.3,36374387.2,0.0,5036736.0,0.0,5036736.0,0.0,66883.7,14031653.1,0.0,0.7,0.0,361011.9,0.0,0.0,0.0,607724.6,8250.8
80,Rest of population,55434525.5,36013375.4,0.0,4781772.5,0.0,4781772.5,0.0,75134.5,14639377.6,0.0,0.6,0.0,339362.9,0.0,0.0,0.0,582219.4,8244.9
81,Rest of population,55426280.6,35674012.5,0.0,4530671.0,0.0,4530671.0,0.0,83379.4,15221597.1,0.0,0.6,0.0,318528.4,0.0,0.0,0.0,555703.1,8133.8
82,Rest of population,55418146.8,35355484.1,0.0,4285362.6,0.0,4285362.6,0.0,91513.2,15777300.2,0.0,0.6,0.0,298614.3,0.0,0.0,0.0,528833.8,7938.0
83,Rest of population,55410208.8,35056869.8,0.0,4047205.1,0.0,4047205.1,0.0,99451.2,16306134.0,0.0,0.6,0.0,279662.0,0.0,0.0,0.0,502208.4,7694.1
84,Rest of population,55402514.7,34777207.8,0.0,3816964.6,0.0,3816964.6,0.0,107145.3,16808342.3,0.0,0.6,0.0,261674.0,0.0,0.0,0.0,476186.7,7433.2
85,Rest of population,55395081.5,34515533.8,0.0,3595018.6,0.0,3595018.6,0.0,114578.5,17284529.1,0.0,0.6,0.0,244633.3,0.0,0.0,0.0,450904.7,7173.1
86,Rest of population,55387908.4,34270900.5,0.0,3381574.1,0.0,3381574.1,0.0,121751.6,17735433.8,0.0,0.6,0.0,228507.5,0.0,0.0,0.0,426373.6,6917.3
87,Rest of population,55380991.2,34042393.0,0.0,3176790.7,0.0,3176790.7,0.0,128668.8,18161807.4,0.0,0.6,0.0,213264.7,0.0,0.0,0.0,402578.9,6662.0
88,Rest of population,55374329.1,33829128.3,0.0,2980814.5,0.0,2980814.5,0.0,135330.9,18564386.3,0.0,0.6,0.0,198878.7,0.0,0.0,0.0,379532.7,6403.0
89,Rest of population,55367926.1,33630249.5,0.0,2793757.6,0.0,2793757.6,0.0,141733.9,18943919.0,0.0,0.6,0.0,185324.0,0.0,0.0,0.0,357401.7,6138.6
90,Rest of population,55361787.5,33444925.5,0.0,2615541.2,0.0,2615541.2,0.0,147872.5,19301320.8,0.0,0.6,0.0,172565.0,0.0,0.0,0.0,335969.2,5881.0
91,Rest of population,55355906.5,33272360.5,0.0,2446255.9,0.0,2446255.9,0.0,153753.5,19637290.0,0.0,0.6,0.0,160580.4,0.0,0.0,0.0,315343.1,5613.2
92,Rest of population,55350293.3,33111780.1,0.0,2285880.1,0.0,2285880.1,0.0,159366.7,19952633.2,0.0,0.6,0.0,149346.4,0.0,0.0,0.0,295628.1,5341.8
93,Rest of population,55344951.6,32962433.7,0.0,2134256.6,0.0,2134256.6,0.0,164708.4,20248261.3,0.0,0.6,0.0,138826.7,0.0,0.0,0.0,276865.4,5072.8
94,Rest of population,55339878.8,32823607.0,0.0,1991145.1,0.0,1991145.1,0.0,169781.2,20525126.7,0.0,0.6,0.0,128984.5,0.0,0.0,0.0,259057.2,4810.0
95,Rest of population,55335068.8,32694622.4,0.0,1856262.4,0.0,1856262.4,0.0,174591.2,20784183.9,0.0,0.6,0.0,119784.2,0.0,0.0,0.0,242187.0,4554.6
96,Rest of population,55330514.2,32574838.2,0.0,1729305.1,0.0,1729305.1,0.0,179145.8,21026370.9,0.0,0.6,0.0,111191.1,0.0,0.0,0.0,226222.5,4306.8
97,Rest of population,55326207.4,32463647.1,0.0,1609967.0,0.0,1609967.0,0.0,183452.6,21252593.4,0.0,0.6,0.0,103171.9,0.0,0.0,0.0,211132.1,4066.5
98,Rest of population,55322140.9,32360475.2,0.0,1497940.3,0.0,1497940.3,0.0,187519.1,21463725.4,0.0,0.6,0.0,95694.3,0.0,0.0,0.0,196890.0,3833.7
99,Rest of population,55318307.3,32264780.9,0.0,1392911.0,0.0,1392911.0,0.0,191352.7,21660615.4,0.0,0.6,0.0,88727.2,0.0,0.0,0.0,183470.7,3610.1
100,Rest of population,55314697.2,32176053.7,0.0,1294557.3,0.0,1294557.3,0.0,194962.8,21844086.1,0.0,0.6,0.0,82240.4,0.0,0.0,0.0,170839.4,3393.6
101,Rest of population,55311303.5,32093813.3,0.0,1202564.7,0.0,1202564.7,0.0,198356.5,22014925.5,0.0,0.6,0.0,76205.6,0.0,0.0,0.0,158974.6,3185.3
102,Rest of population,55308118.3,32017607.7,0.0,1116610.4,0.0,1116610.4,0.0,201541.7,22173900.1,0.0,0.6,0.0,70594.8,0.0,0.0,0.0,147852.9,2986.1
103,Rest of population,55305132.1,31947012.9,0.0,1036366.2,0.0,1036366.2,0.0,204527.9,22321753.0,0.0,0.6,0.0,65380.6,0.0,0.0,0.0,137438.5,2796.6
104,Rest of population,55302335.5,31881632.3,0.0,961511.7,0.0,961511.7,0.0,207324.5,22459191.5,0.0,0.6,0.0,60537.3,0.0,0.0,0.0,127694.7,2616.7
105,Rest of population,55299718.7,31821095.0,0.0,891737.6,0.0,891737.6,0.0,209941.3,22586886.2,0.0,0.6,0.0,56040.6,0.0,0.0,0.0,118586.4,2446.3
106,Rest of population,55297272.4,31765054.5,0.0,826745.4,0.0,826745.4,0.0,212387.6,22705472.6,0.0,0.6,0.0,51867.2,0.0,0.0,0.0,110079.2,2285.1
107,Rest of population,55294987.3,31713187.2,0.0,766248.3,0.0,766248.3,0.0,214672.7,22815551.8,0.0,0.6,0.0,47995.5,0.0,0.0,0.0,102140.2,2132.6
108,Rest of population,55292854.7,31665191.8,0.0,709970.9,0.0,709970.9,0.0,216805.3,22917692.0,0.0,0.6,0.0,44404.9,0.0,0.0,0.0,94737.4,1988.8
109,Rest of population,55290865.9,31620786.9,0.0,657649.7,0.0,657649.7,0.0,218794.1,23012429.4,0.0,0.6,0.0,41076.3,0.0,0.0,0.0,87839.9,1853.2
110,Rest of population,55289012.7,31579710.6,0.0,609032.8,0.0,609032.8,0.0,220647.3,23100269.3,0.0,0.6,0.0,37991.5,0.0,0.0,0.0,81418.0,1725.7
111,Rest of population,55287287.0,31541719.1,0.0,563880.6,0.0,563880.6,0.0,222373.0,23181687.2,0.0,0.6,0.0,35133.6,0.0,0.0,0.0,75443.6,1605.8
112,Rest of population,55285681.2,31506585.5,0.0,521964.9,0.0,521964.9,0.0,223978.8,23257130.8,0.0,0.6,0.0,32486.6,0.0,0.0,0.0,69888.9,1493.5
113,Rest of population,55284187.7,31474098.9,0.0,483069.2,0.0,483069.2,0.0,225472.3,23327019.6,0.0,0.6,0.0,30035.5,0.0,0.0,0.0,64726.8,1388.3
114,Rest of population,55282799.5,31444063.4,0.0,446989.6,0.0,446989.6,0.0,226860.5,23391746.5,0.0,0.6,0.0,27766.3,0.0,0.0,0.0,59931.9,1289.8
115,Rest of population,55281509.6,31416297.1,0.0,413534.2,0.0,413534.2,0.0,228150.4,23451678.4,0.0,0.6,0.0,25666.0,0.0,0.0,0.0,55480.1,1197.8
116,Rest of population,55280311.8,31390631.1,0.0,382522.2,0.0,382522.2,0.0,229348.2,23507158.5,0.0,0.6,0.0,23722.3,0.0,0.0,0.0,51348.5,1111.9
117,Rest of population,55279199.9,31366908.8,0.0,353784.1,0.0,353784.1,0.0,230460.1,23558507.0,0.0,0.6,0.0,21924.0,0.0,0.0,0.0,47515.5,1031.7
118,Rest of population,55278168.2,31344984.8,0.0,327160.8,0.0,327160.8,0.0,231491.8,23606022.6,0.0,0.6,0.0,20260.4,0.0,0.0,0.0,43960.8,956.9
119,Rest of population,55277211.2,31324724.4,0.0,302503.5,0.0,302503.5,0.0,232448.8,23649983.4,0.0,0.6,0.0,18721.7,0.0,0.0,0.0,40665.5,887.3
120,Rest of population,55276323.9,31306002.7,0.0,279672.4,0.0,279672.4,0.0,233336.1,23690648.9,0.0,0.6,0.0,17298.6,0.0,0.0,0.0,37611.6,822.4
121,Rest of population,55275501.5,31288704.1,0.0,258537.0,0.0,258537.0,0.0,234158.5,23728260.5,0.0,0.6,0.0,15982.8,0.0,0.0,0.0,34782.3,762.1
122,Rest of population,55274739.5,31272721.3,0.0,238975.5,0.0,238975.5,0.0,234920.5,23763042.7,0.0,0.6,0.0,14766.2,0.0,0.0,0.0,32161.7,705.9
123,Rest of population,55274033.5,31257955.1,0.0,220874.0,0.0,220874.0,0.0,235626.5,23795204.5,0.0,0.6,0.0,13641.4,0.0,0.0,0.0,29735.2,653.8
124,Rest of population,55273379.7,31244313.7,0.0,204126.4,0.0,204126.4,0.0,236280.3,23824939.6,0.0,0.6,0.0,12601.7,0.0,0.0,0.0,27488.7,605.4
125,Rest of population,55272774.4,31231712.0,0.0,188634.1,0.0,188634.1,0.0,236885.6,23852428.3,0.0,0.6,0.0,11640.7,0.0,0.0,0.0,25409.3,560.4
126,Rest of population,55272214.0,31220071.3,0.0,174305.0,0.0,174305.0,0.0,237446.0,23877837.6,0.0,0.6,0.0,10752.5,0.0,0.0,0.0,23485.1,518.7
127,Rest of population,55271695.3,31209318.8,0.0,161053.8,0.0,161053.8,0.0,237964.7,23901322.7,0.0,0.6,0.0,9931.7,0.0,0.0,0.0,21704.8,480.0
128,Rest of population,55271215.3,31199387.0,0.0,148800.8,0.0,148800.8,0.0,238444.7,23923027.5,0.0,0.6,0.0,9173.3,0.0,0.0,0.0,20057.8,444.0
129,Rest of population,55270771.3,31190213.8,0.0,137472.2,0.0,137472.2,0.0,238888.7,23943085.3,0.0,0.6,0.0,8472.5,0.0,0.0,0.0,18534.5,410.8
130,Rest of population,55270360.5,31181741.3,0.0,126999.5,0.0,126999.5,0.0,239299.5,23961619.7,0.0,0.6,0.0,7825.0,0.0,0.0,0.0,17125.7,379.9
131,Rest of population,55269980.6,31173916.3,0.0,117318.9,0.0,117318.9,0.0,239679.4,23978745.4,0.0,0.6,0.0,7226.7,0.0,0.0,0.0,15823.0,351.3
132,Rest of population,55269629.3,31166689.6,0.0,108371.3,0.0,108371.3,0.0,240030.7,23994568.4,0.0,0.6,0.0,6674.1,0.0,0.0,0.0,14618.5,324.9
133,Rest of population,55269304.4,31160015.5,0.0,100102.0,0.0,100102.0,0.0,240355.6,24009186.8,0.0,0.6,0.0,6163.5,0.0,0.0,0.0,13505.0,300.4
134,Rest of population,55269004.0,31153852.0,0.0,92460.2,0.0,92460.2,0.0,240656.0,24022691.8,0.0,0.6,0.0,5691.9,0.0,0.0,0.0,12475.7,277.7
135,Rest of population,55268726.4,31148160.1,0.0,85398.8,0.0,85398.8,0.0,240933.6,24035167.5,0.0,0.6,0.0,5256.3,0.0,0.0,0.0,11524.3,256.7
136,Rest of population,55268469.7,31142903.8,0.0,78874.1,0.0,78874.1,0.0,241190.3,24046691.8,0.0,0.6,0.0,4853.9,0.0,0.0,0.0,10645.0,237.2
137,Rest of population,55268232.5,31138049.9,0.0,72845.8,0.0,72845.8,0.0,241427.5,24057336.8,0.0,0.6,0.0,4482.2,0.0,0.0,0.0,9832.4,219.2
138,Rest of population,55268013.3,31133567.6,0.0,67276.4,0.0,67276.4,0.0,241646.7,24067169.2,0.0,0.6,0.0,4139.0,0.0,0.0,0.0,9081.6,202.6
139,Rest of population,55267810.7,31129428.7,0.0,62131.2,0.0,62131.2,0.0,241849.3,24076250.8,0.0,0.6,0.0,3821.9,0.0,0.0,0.0,8387.7,187.2
140,Rest of population,55267623.4,31125606.8,0.0,57378.1,0.0,57378.1,0.0,242036.6,24084638.5,0.0,0.6,0.0,3529.1,0.0,0.0,0.0,7746.7,173.0
141,Rest of population,55267450.5,31122077.6,0.0,52987.6,0.0,52987.6,0.0,242209.5,24092385.2,0.0,0.6,0.0,3258.7,0.0,0.0,0.0,7154.5,159.8
142,Rest of population,55267290.6,31118818.9,0.0,48932.0,0.0,48932.0,0.0,242369.4,24099539.7,0.0,0.6,0.0,3009.0,0.0,0.0,0.0,6607.3,147.7
143,Rest of population,55267143.0,31115809.9,0.0,45186.0,0.0,45186.0,0.0,242517.0,24106147.1,0.0,0.6,0.0,2778.4,0.0,0.0,0.0,6101.9,136.4
144,Rest of population,55267006.5,31113031.6,0.0,41726.0,0.0,41726.0,0.0,242653.5,24112248.9,0.0,0.6,0.0,2565.4,0.0,0.0,0.0,5635.0,126.0
145,Rest of population,55266880.5,31110466.1,0.0,38530.4,0.0,38530.4,0.0,242779.5,24117883.9,0.0,0.6,0.0,2368.7,0.0,0.0,0.0,5203.7,116.4
146,Rest of population,55266764.1,31108097.4,0.0,35579.1,0.0,35579.1,0.0,242895.9,24123087.7,0.0,0.6,0.0,2187.1,0.0,0.0,0.0,4805.4,107.5
147,Rest of population,55266656.6,31105910.3,0.0,32853.3,0.0,32853.3,0.0,243003.4,24127893.0,0.0,0.6,0.0,2019.4,0.0,0.0,0.0,4437.4,99.3
148,Rest of population,55266557.3,31103890.8,0.0,30336.0,0.0,30336.0,0.0,243102.7,24132330.4,0.0,0.6,0.0,1864.6,0.0,0.0,0.0,4097.6,91.7
149,Rest of population,55266465.5,31102026.2,0.0,28011.3,0.0,28011.3,0.0,243194.5,24136428.0,0.0,0.6,0.0,1721.6,0.0,0.0,0.0,3783.7,84.7
150,Rest of population,55266380.8,31100304.6,0.0,25864.5,0.0,25864.5,0.0,243279.2,24140211.7,0.0,0.6,0.0,1589.6,0.0,0.0,0.0,3493.8,78.2
151,Rest of population,55266302.6,31098715.0,0.0,23882.0,0.0,23882.0,0.0,243357.4,24143705.6,0.0,0.6,0.0,1467.7,0.0,0.0,0.0,3226.1,72.3
152,Rest of population,55266230.3,31097247.4,0.0,22051.2,0.0,22051.2,0.0,243429.7,24146931.7,0.0,0.6,0.0,1355.1,0.0,0.0,0.0,2978.9,66.7
153,Rest of population,55266163.6,31095892.3,0.0,20360.7,0.0,20360.7,0.0,243496.4,24149910.6,0.0,0.6,0.0,1251.2,0.0,0.0,0.0,2750.6,61.6
154,Rest of population,55266101.9,31094641.1,0.0,18799.6,0.0,18799.6,0.0,243558.1,24152661.2,0.0,0.6,0.0,1155.2,0.0,0.0,0.0,2539.8,56.9
155,Rest of population,55266045.0,31093486.0,0.0,17358.1,0.0,17358.1,0.0,243615.0,24155200.9,0.0,0.6,0.0,1066.6,0.0,0.0,0.0,2345.1,52.6
156,Rest of population,55265992.4,31092419.4,0.0,16027.1,0.0,16027.1,0.0,243667.6,24157546.0,0.0,0.6,0.0,984.7,0.0,0.0,0.0,2165.3,48.5
157,Rest of population,55265943.9,31091434.6,0.0,14798.0,0.0,14798.0,0.0,243716.1,24159711.3,0.0,0.6,0.0,909.2,0.0,0.0,0.0,1999.3,44.8
158,Rest of population,55265899.1,31090525.4,0.0,13663.1,0.0,13663.1,0.0,243760.9,24161710.5,0.0,0.6,0.0,839.4,0.0,0.0,0.0,1845.9,41.4
159,Rest of population,55265857.7,31089686.0,0.0,12615.3,0.0,12615.3,0.0,243802.3,24163556.5,0.0,0.6,0.0,775.0,0.0,0.0,0.0,1704.4,38.2
160,Rest of population,55265819.5,31088910.9,0.0,11647.7,0.0,11647.7,0.0,243840.5,24165260.8,0.0,0.6,0.0,715.6,0.0,0.0,0.0,1573.7,35.3
161,Rest of population,55265784.2,31088195.4,0.0,10754.3,0.0,10754.3,0.0,243875.8,24166834.5,0.0,0.6,0.0,660.7,0.0,0.0,0.0,1453.0,32.6
162,Rest of population,55265751.6,31087534.7,0.0,9929.4,0.0,9929.4,0.0,243908.4,24168287.5,0.0,0.6,0.0,610.0,0.0,0.0,0.0,1341.5,30.1
163,Rest of population,55265721.5,31086924.7,0.0,9167.8,0.0,9167.8,0.0,243938.5,24169629.0,0.0,0.6,0.0,563.2,0.0,0.0,0.0,1238.6,27.8
164,Rest of population,55265693.7,31086361.5,0.0,8464.6,0.0,8464.6,0.0,243966.3,24170867.7,0.0,0.6,0.0,520.0,0.0,0.0,0.0,1143.6,25.7
165,Rest of population,55265668.1,31085841.5,0.0,7815.3,0.0,7815.3,0.0,243991.9,24172011.3,0.0,0.6,0.0,480.1,0.0,0.0,0.0,1055.9,23.7
166,Rest of population,55265644.4,31085361.4,0.0,7215.8,0.0,7215.8,0.0,244015.6,24173067.2,0.0,0.6,0.0,443.3,0.0,0.0,0.0,974.9,21.9
167,Rest of population,55265622.5,31084918.1,0.0,6662.3,0.0,6662.3,0.0,244037.5,24174042.1,0.0,0.6,0.0,409.3,0.0,0.0,0.0,900.1,20.2
168,Rest of population,55265602.3,31084508.9,0.0,6151.2,0.0,6151.2,0.0,244057.7,24174942.2,0.0,0.6,0.0,377.9,0.0,0.0,0.0,831.1,18.6
169,Rest of population,55265583.7,31084131.0,0.0,5679.4,0.0,5679.4,0.0,244076.3,24175773.3,0.0,0.6,0.0,348.9,0.0,0.0,0.0,767.3,17.2
170,Rest of population,55265566.5,31083782.2,0.0,5243.7,0.0,5243.7,0.0,244093.5,24176540.6,0.0,0.6,0.0,322.1,0.0,0.0,0.0,708.4,15.9
171,Rest of population,55265550.6,31083460.1,0.0,4841.5,0.0,4841.5,0.0,244109.4,24177249.0,0.0,0.6,0.0,297.4,0.0,0.0,0.0,654.1,14.7
172,Rest of population,55265535.9,31083162.7,0.0,4470.1,0.0,4470.1,0.0,244124.1,24177903.1,0.0,0.6,0.0,274.6,0.0,0.0,0.0,603.9,13.6
173,Rest of population,55265522.3,31082888.1,0.0,4127.2,0.0,4127.2,0.0,244137.7,24178507.0,0.0,0.6,0.0,253.5,0.0,0.0,0.0,557.6,12.5
174,Rest of population,55265509.8,31082634.6,0.0,3810.7,0.0,3810.7,0.0,244150.2,24179064.5,0.0,0.6,0.0,234.1,0.0,0.0,0.0,514.8,11.6
175,Rest of population,55265498.3,31082400.5,0.0,3518.4,0.0,3518.4,0.0,244161.7,24179579.3,0.0,0.6,0.0,216.1,0.0,0.0,0.0,475.3,10.7
176,Rest of population,55265487.6,31082184.4,0.0,3248.6,0.0,3248.6,0.0,244172.4,24180054.6,0.0,0.6,0.0,199.5,0.0,0.0,0.0,438.8,9.8
177,Rest of population,55265477.8,31081984.9,0.0,2999.4,0.0,2999.4,0.0,244182.2,24180493.4,0.0,0.6,0.0,184.2,0.0,0.0,0.0,405.2,9.1
178,Rest of population,55265468.7,31081800.7,0.0,2769.4,0.0,2769.4,0.0,244191.3,24180898.6,0.0,0.6,0.0,170.1,0.0,0.0,0.0,374.1,8.4
179,Rest of population,55265460.3,31081630.5,0.0,2557.0,0.0,2557.0,0.0,244199.7,24181272.7,0.0,0.6,0.0,157.1,0.0,0.0,0.0,345.4,7.8
180,Rest of population,55265452.5,31081473.5,0.0,2361.0,0.0,2361.0,0.0,244207.5,24181618.1,0.0,0.6,0.0,145.0,0.0,0.0,0.0,318.9,7.2
181,Rest of population,55265445.4,31081328.5,0.0,2180.0,0.0,2180.0,0.0,244214.6,24181936.9,0.0,0.6,0.0,133.9,0.0,0.0,0.0,294.4,6.6
182,Rest of population,55265438.8,31081194.6,0.0,2012.8,0.0,2012.8,0.0,244221.2,24182231.3,0.0,0.6,0.0,123.6,0.0,0.0,0.0,271.8,6.1
183,Rest of population,55265432.7,31081070.9,0.0,1858.5,0.0,1858.5,0.0,244227.3,24182503.2,0.0,0.6,0.0,114.2,0.0,0.0,0.0,251.0,5.6
184,Rest of population,55265427.0,31080956.8,0.0,1716.1,0.0,1716.1,0.0,244233.0,24182754.2,0.0,0.6,0.0,105.4,0.0,0.0,0.0,231.7,5.2
185,Rest of population,55265421.8,31080851.4,0.0,1584.5,0.0,1584.5,0.0,244238.2,24182985.9,0.0,0.6,0.0,97.3,0.0,0.0,0.0,214.0,4.8
186,Rest of population,55265417.0,31080754.1,0.0,1463.1,0.0,1463.1,0.0,244243.0,24183199.8,0.0,0.6,0.0,89.9,0.0,0.0,0.0,197.5,4.4
187,Rest of population,55265412.6,31080664.2,0.0,1351.0,0.0,1351.0,0.0,244247.4,24183397.4,0.0,0.6,0.0,83.0,0.0,0.0,0.0,182.4,4.1
188,Rest of population,55265408.5,31080581.2,0.0,1247.5,0.0,1247.5,0.0,244251.5,24183579.8,0.0,0.6,0.0,76.6,0.0,0.0,0.0,168.4,3.8
189,Rest of population,55265404.7,31080504.6,0.0,1151.9,0.0,1151.9,0.0,244255.3,24183748.2,0.0,0.6,0.0,70.8,0.0,0.0,0.0,155.5,3.5
190,Rest of population,55265401.2,31080433.9,0.0,1063.7,0.0,1063.7,0.0,244258.8,24183903.7,0.0,0.6,0.0,65.3,0.0,0.0,0.0,143.6,3.2
191,Rest of population,55265398.0,31080368.5,0.0,982.3,0.0,982.3,0.0,244262.0,24184047.2,0.0,0.6,0.0,60.3,0.0,0.0,0.0,132.6,3.0
192,Rest of population,55265395.0,31080308.2,0.0,907.1,0.0,907.1,0.0,244265.0,24184179.8,0.0,0.6,0.0,55.7,0.0,0.0,0.0,122.4,2.7
193,Rest of population,55265392.3,31080252.5,0.0,837.6,0.0,837.6,0.0,244267.7,24184302.2,0.0,0.6,0.0,51.4,0.0,0.0,0.0,113.0,2.5
194,Rest of population,55265389.8,31080201.0,0.0,773.5,0.0,773.5,0.0,244270.2,24184415.2,0.0,0.6,0.0,47.5,0.0,0.0,0.0,104.3,2.3
195,Rest of population,55265387.4,31080153.5,0.0,714.4,0.0,714.4,0.0,244272.6,24184519.5,0.0,0.6,0.0,43.9,0.0,0.0,0.0,96.4,2.2
196,Rest of population,55265385.3,31080109.6,0.0,659.7,0.0,659.7,0.0,244274.7,24184615.9,0.0,0.6,0.0,40.5,0.0,0.0,0.0,89.0,2.0
197,Rest of population,55265383.3,31080069.1,0.0,609.3,0.0,609.3,0.0,244276.7,24184704.8,0.0,0.6,0.0,37.4,0.0,0.0,0.0,82.1,1.8
198,Rest of population,55265381.4,31080031.7,0.0,562.7,0.0,562.7,0.0,244278.6,24184787.0,0.0,0.6,0.0,34.6,0.0,0.0,0.0,75.9,1.7
199,Rest of population,55265379.7,31079997.1,0.0,519.7,0.0,519.7,0.0,244280.3,24184862.9,0.0,0.6,0.0,0.0,0.0,0.0,0.0,0.0,0.0
