dates,days,day1,population,susceptibles,isolated,infected,accumulatedinfected,tested_mit,infectednotisolated,confirmed,deaths,recovered,beta,susceptibleprop,newtested_mit,newinfected,newisolated,newisolatedinfected,newconfirmed,newrecovered,requireddxtests,actualdxtests,newdeaths,truepositives,falsepositives,truenegatives,falsenegatives,ppv,npv,incidence,prevalence,reff,positive rate,detection rate
2020-07-15,0,0,8200000.0,8199997.0,0.0,3.0,0.0,0.0,3.0,0.0,0.0,0.0,0.0,3.0,0.0,3.0,0.0,0.0,0.0,0.0,0.0,0.0,0.0,0.0,0.0,0.0,0.0,,,3.6585365853658536e-07,0.0,1.0,,0.0
2020-07-16,3,3,8200000.0,8199997.0,0.0,3.0,0.0,0.0,3.0,0.0,0.0,0.0,0.0,3.0,0.0,0.0,0.0,0.0,0.0,0.0,0.0,0.0,0.0,0.0,0.0,0.0,0.0,,,0.0,0.0,0.0,,
2020-07-17,6,6,8200000.0,8199997.0,0.0,3.0,0.0,0.0,3.0,0.0,0.0,0.0,0.0,3.0,0.0,0.0,0.0,0.0,0.0,0.0,0.0,0.0,0.0,0.0,0.0,0.0,0.0,,,0.0,0.0,0.0,,
2020-07-18,9,9,8200000.0,8199997.0,0.0,3.0,0.0,0.0,3.0,0.0,0.0,0.0,0.0,3.0,0.0,0.0,0.0,0.0,0.0,0.0,0.0,0.0,0.0,0.0,0.0,0.0,0.0,,,0.0,0.0,0.0,,
2020-07-19,12,12,8200000.0,8199995.5,0.0,4.43189,1.5,0.0,4.5,0.0,0.0,0.0,0.0,3.0,0.0,1.43189,0.0,0.0,0.0,0.0,0.0,0.0,0.0,0.0,0.0,0.0,0.0,,,1.7462073170731708e-07,1.8292682926829268e-07,0.32308789252440834,,0.0
2020-07-20,15,15,8200000.0,8199994.1,0.0,5.86377,2.9,0.0,5.9,0.0,0.0,0.0,0.0,3.0,0.0,1.43189,0.0,0.0,0.0,0.0,0.0,0.0,0.0,0.0,0.0,0.0,0.0,,,1.7462073170731708e-07,3.536585365853658e-07,0.2441927292509768,,0.0
2020-07-21,18,18,8200000.0,8199992.8,0.0,7.1956500000000005,4.199999999999999,0.0,7.199999999999999,0.0,0.0,0.0,0.0,3.0,0.0,1.43189,0.0,0.0,0.0,0.0,0.0,0.0,0.0,0.0,0.0,0.0,0.0,,,1.7462073170731708e-07,5.121951219512194e-07,0.19899383655402916,,0.0
2020-07-22,21,21,8200000.0,8199991.4,0.0,8.62754,5.6,0.0,8.6,0.0,0.0,0.0,0.0,3.0,0.0,1.43189,0.0,0.0,0.0,0.0,0.0,0.0,0.0,0.0,0.0,0.0,0.0,,,1.7462073170731708e-07,6.829268292682927e-07,0.1659673557004662,,0.0
2020-07-23,24,24,8200000.0,8199989.3,0.0,10.69656,7.7,0.0,10.7,0.0,0.0,0.0,0.0,3.0,0.0,2.06901,0.0,0.0,0.0,0.0,0.0,0.0,0.0,0.0,0.0,0.0,0.0,,,2.5231829268292685e-07,9.390243902439025e-07,0.19342760663241268,,0.0
2020-07-24,27,27,8200000.0,8199986.6,0.0,13.40271,10.4,0.0,13.4,0.0,0.0,0.0,0.0,3.0,0.0,2.70615,0.0,0.0,0.0,0.0,0.0,0.0,0.0,0.0,0.0,0.0,0.0,,,3.300182926829268e-07,1.2682926829268293e-06,0.20191065836685265,,0.0
2020-07-25,30,30,8200000.0,8199983.1,0.0,16.84599,13.9,0.0,16.9,0.0,0.0,0.0,0.0,3.0,0.0,3.34328,0.0,0.0,0.0,0.0,0.0,0.0,0.0,0.0,0.0,0.0,0.0,,,4.077170731707317e-07,1.6951219512195122e-06,0.19846147362072517,,0.0
2020-07-26,33,33,8200000.0,8199979.2,0.0,20.52821,17.8,0.0,20.5,0.0,0.0,0.30000000000000004,0.0,3.0,0.0,4.08042,0.0,0.0,0.0,0.30000000000000004,0.0,0.0,0.0,0.0,0.0,0.0,0.0,,,4.976121951219512e-07,2.1707317073170734e-06,0.19877134927984466,,0.0
2020-07-27,36,36,8200000.0,8199974.199999999,0.0,25.25265,22.8,0.0,25.2,0.0,0.0,0.6000000000000001,0.0,3.0,0.0,5.02263,0.0,0.0,0.0,0.30000000000000004,0.0,0.0,0.0,0.0,0.0,0.0,0.0,,,6.125158536585366e-07,2.780487804878049e-06,0.19889516545788266,,0.0
2020-07-28,39,39,8200000.0,8199967.7,0.0,31.32439,29.3,0.0,31.4,0.0,0.0,0.8999999999999999,0.0,3.0,0.0,6.2699300000000004,0.0,0.0,0.0,0.30000000000000004,0.0,0.0,0.0,0.0,0.0,0.0,0.0,,,7.646256097560976e-07,3.573170731707317e-06,0.20016128007600467,,0.0
2020-07-29,42,42,8200000.0,8199960.0,0.0,38.84851,37.0,0.0,38.8,0.0,0.0,1.2000000000000002,0.0,3.0,0.0,7.922319999999999,0.0,0.0,0.0,0.30000000000000004,0.0,0.0,0.0,0.0,0.0,0.0,0.0,,,9.661365853658536e-07,4.51219512195122e-06,0.20392854191833867,,0.0
2020-07-30,45,45,8200000.0,8199950.300000001,0.0,48.04541,46.7,0.0,48.0,0.0,0.0,1.5,0.0,3.0,0.0,9.687429999999999,0.0,0.0,0.0,0.30000000000000004,0.0,0.0,0.0,0.0,0.0,0.0,0.0,,,1.1813939024390243e-06,5.695121951219512e-06,0.20163070728296417,,0.0
2020-07-31,48,48,8200000.0,8199938.4,0.0,59.31637,58.6,0.0,59.400000000000006,0.0,0.0,2.0999999999999996,0.0,3.0,0.0,11.853850000000001,0.0,0.0,0.0,0.6000000000000001,0.0,0.0,0.0,0.0,0.0,0.0,0.0,,,1.4455914634146343e-06,7.146341463414634e-06,0.19984112311660343,,0.0
2020-08-01,51,51,8200000.0,8199923.8,0.0,73.35891000000001,73.2,0.0,73.4,0.0,0.0,3.0,0.0,3.0,0.0,14.717769999999998,0.0,0.0,0.0,0.6000000000000001,0.0,0.0,0.0,0.0,0.0,0.0,0.0,,,1.7948499999999998e-06,8.926829268292683e-06,0.20062689044861756,,0.0
2020-08-02,54,54,8200000.0,8199905.5,0.0,90.66674,91.5,0.0,90.6,0.0,0.0,3.8,0.0,3.0,0.0,18.27541,0.0,0.0,0.0,0.8999999999999999,0.0,0.0,0.0,0.0,0.0,0.0,0.0,,,2.228708536585366e-06,1.1158536585365854e-05,0.2015668590268052,,0.0
2020-08-03,57,57,8200000.0,8199883.0,0.0,112.19982,114.0,0.0,112.19999999999999,0.0,0.0,4.800000000000001,0.0,3.0,0.0,22.53632,0.0,0.0,0.0,1.1,0.0,0.0,0.0,0.0,0.0,0.0,0.0,,,2.748331707317073e-06,1.3902439024390244e-05,0.20085878925652464,,0.0
2020-08-04,60,60,8200000.0,8199855.2,0.0,138.65948,141.8,0.0,138.7,0.0,0.0,6.2,0.0,3.0,0.0,27.84187,0.0,0.0,0.0,1.2000000000000002,0.0,0.0,0.0,0.0,0.0,0.0,0.0,,,3.39535e-06,1.729268292682927e-05,0.20079312283588543,,0.0
2020-08-05,63,63,8200000.0,8199820.699999999,0.0,171.43347,176.3,0.0,171.4,0.0,0.0,7.800000000000001,0.0,3.0,0.0,34.37851,0.0,0.0,0.0,1.7,0.0,0.0,0.0,0.0,0.0,0.0,0.0,,,4.192501219512195e-06,2.15e-05,0.20053557802919114,,0.0
2020-08-06,66,66,8200000.0,8199778.2,0.0,211.95898,218.8,0.0,211.89999999999998,0.0,0.0,9.8,0.0,3.0,0.0,42.57781,0.0,0.0,0.0,2.0999999999999996,2.0999999999999996,0.0,0.0,0.0,0.0,0.0,0.0,,,5.192415853658536e-06,2.6682926829268294e-05,0.20087759433452643,,0.0
2020-08-07,69,69,8200000.0,8199729.300000001,0.0,258.21695,267.7,0.0,258.2,0.0,0.0,12.4,0.0,3.0,0.0,48.819900000000004,0.0,0.0,0.0,2.4000000000000004,2.4000000000000004,0.0,0.0,0.0,0.0,0.0,0.0,,,5.9536463414634155e-06,3.264634146341463e-05,0.18906543509246782,,0.0
2020-08-08,72,72,8200000.0,8199673.8,0.0,310.78527,323.2,0.0,310.8,0.0,0.0,15.5,0.0,3.0,0.0,55.62382,0.0,0.0,0.0,3.0,3.0,0.0,0.0,0.0,0.0,0.0,0.0,,,6.78339268292683e-06,3.941463414634146e-05,0.1789783022856907,,0.0
2020-08-09,75,75,8200000.0,8199610.8,0.0,369.86971,386.2,0.0,369.8,0.0,0.0,19.3,0.0,3.0,0.0,62.93782999999999,0.0,0.0,0.0,3.9000000000000004,3.9000000000000004,0.0,0.0,0.0,0.0,0.0,0.0,,,7.675345121951219e-06,4.7097560975609755e-05,0.17016216331961867,,0.0
2020-08-10,78,78,8200000.0,8199540.3,0.0,435.59686999999997,456.7,0.0,435.6,0.0,0.0,24.1,0.0,3.0,0.0,70.58554,0.0,0.0,0.0,4.7,4.7,0.0,0.0,0.0,0.0,0.0,0.0,,,8.607992682926828e-06,5.569512195121951e-05,0.16204326720713122,,0.0
2020-08-11,81,81,8200000.0,8199463.1,0.0,506.94606,533.9,0.0,506.90000000000003,0.0,0.0,30.0,0.0,3.0,0.0,77.24877,0.0,0.0,0.0,5.9,5.9,0.0,0.0,0.0,0.0,0.0,0.0,,,9.420581707317072e-06,6.510975609756097e-05,0.15238064972829654,,0.0
2020-08-12,84,84,8200000.0,8199380.7,0.0,582.03869,616.3,0.0,582.0999999999999,0.0,0.0,37.3,0.0,3.0,0.0,82.30895,0.0,0.0,0.0,7.4,7.4,0.0,0.0,0.0,0.0,0.0,0.0,,,1.0037676829268293e-05,7.515853658536585e-05,0.14141491178189547,,0.0
2020-08-13,87,87,8200000.0,8199295.3,0.0,658.4741,701.7,0.0,658.5,0.0,0.0,46.2,0.0,3.0,0.0,85.39294,0.0,0.0,0.0,8.9,8.9,0.0,0.0,0.0,0.0,0.0,0.0,,,1.0413773170731706e-05,8.557317073170732e-05,0.1296830657424491,,0.0
2020-08-14,90,90,8200000.0,8199209.5,0.0,733.08863,787.5,0.0,733.1,0.0,0.0,57.300000000000004,0.0,3.0,0.0,85.78372999999999,0.0,0.0,0.0,11.2,11.2,0.0,0.0,0.0,0.0,0.0,0.0,,,1.0461430487804877e-05,9.603658536585366e-05,0.1170168605670504,,0.0
2020-08-15,93,93,8200000.0,8199126.9,0.0,801.97072,870.0999999999999,0.0,801.9,0.0,0.0,71.1,0.0,3.0,0.0,82.59303,0.0,0.0,0.0,13.7,13.7,0.0,0.0,0.0,0.0,0.0,0.0,,,1.0072320731707317e-05,0.00010610975609756097,0.10298758787602619,,0.0
2020-08-16,96,96,8200000.0,8199051.8,0.0,860.0080800000001,945.2,0.0,860.0,0.0,0.0,88.0,0.0,3.0,0.0,75.09811,0.0,0.0,0.0,16.9,16.9,0.0,0.0,0.0,0.0,0.0,0.0,,,9.158306097560977e-06,0.00011526829268292684,0.08732256329498672,,0.0
2020-08-17,99,99,8200000.0,8198966.9,0.0,923.9640300000001,1030.1,0.0,924.0,0.0,0.0,109.0,0.0,3.0,0.0,84.87725,0.0,0.0,0.0,21.0,21.0,0.0,0.0,0.0,0.0,0.0,0.0,,,1.0350884146341465e-05,0.0001256219512195122,0.09186207173021659,,0.0
2020-08-18,102,102,8200000.0,8198872.3,0.0,992.9133300000001,1124.6999999999998,0.0,992.9000000000001,0.0,0.0,134.7,0.0,3.0,0.0,94.51149000000001,0.0,0.0,0.0,25.599999999999998,25.599999999999998,0.0,0.0,0.0,0.0,0.0,0.0,,,1.1525791463414635e-05,0.00013715853658536584,0.09518604206874733,,0.0
2020-08-19,105,105,8200000.0,8198768.9,0.0,1065.45896,1228.1000000000001,0.0,1065.5,0.0,0.0,165.5,0.0,3.0,0.0,103.45680000000002,0.0,0.0,0.0,30.8,30.8,0.0,0.0,0.0,0.0,0.0,0.0,,,1.261668292682927e-05,0.00014976829268292685,0.09710068982854114,,0.0
2020-08-20,108,108,8199999.7,8198657.9,0.0,1139.76261,1339.1,0.0,1139.8,0.0,0.30000000000000004,202.1,0.0,3.0,0.0,110.99247,0.0,0.0,0.0,36.7,36.7,0.0,0.0,0.0,0.0,0.0,0.0,,,1.353566756837808e-05,0.0001633048840233494,0.0973820943292744,,0.0
2020-08-21,111,111,8199999.7,8198538.699999999,0.0,1215.78,1458.3,0.0,1215.8,0.0,0.30000000000000004,245.2,0.0,3.0,0.0,119.22506999999999,0.0,0.0,0.0,43.2,43.2,0.0,0.0,0.0,0.0,0.0,0.0,,,1.4539643214864994e-05,0.00017784146992102937,0.0980646745299314,,0.0
2020-08-22,114,114,8199999.7,8198410.699999999,0.0,1293.5801999999999,1586.3,0.0,1293.6,0.0,0.30000000000000004,295.5,0.0,3.0,0.0,128.08692,0.0,0.0,0.0,50.2,50.2,0.0,0.0,0.0,0.0,0.0,0.0,,,1.5620356669037437e-05,0.00019345122658967901,0.0990173782808364,,0.0
2020-08-23,117,117,8199999.7,8198273.1,0.0,1373.33302,1723.9,0.0,1373.3,0.0,0.30000000000000004,353.1,0.0,3.0,0.0,137.46232,0.0,0.0,0.0,57.7,57.7,0.0,0.0,0.0,0.0,0.0,0.0,,,1.676369817428164e-05,0.00021023171500847738,0.10009394516706516,,0.0
2020-08-24,120,120,8199999.7,8198126.1,0.0,1455.0937600000002,1870.9,0.0,1455.1000000000001,0.0,0.30000000000000004,418.40000000000003,0.0,3.0,0.0,147.07857,0.0,0.0,0.0,65.3,65.3,0.0,0.0,0.0,0.0,0.0,0.0,,,1.7936411631819937e-05,0.0002281585449326297,0.10107841435592439,,0.0
2020-08-25,123,123,8199999.399999999,8197969.2,0.0,1539.22896,2027.8,0.0,1539.2,0.0,0.6000000000000001,491.09999999999997,0.0,3.0,0.0,156.84285,0.0,0.0,0.0,72.6,72.6,0.0,0.0,0.0,0.0,0.0,0.0,,,1.912717822881792e-05,0.00024729270102141716,0.10189702381899052,,0.0
2020-08-26,126,126,8199999.399999999,8197802.300000001,0.0,1626.4819,2194.7,0.0,1626.4999999999998,0.0,0.6000000000000001,570.6,0.0,3.0,0.0,166.96374,0.0,0.0,0.0,79.4,79.4,0.0,0.0,0.0,0.0,0.0,0.0,,,2.036143319717804e-05,0.00026764636104729473,0.10265330342747743,,0.0
2020-08-27,129,129,8199999.100000001,8197625.1,0.0,1718.3317299999999,2371.9,0.0,1718.3,0.0,0.8999999999999999,655.8,0.0,3.0,0.0,177.24955,0.0,0.0,0.0,85.2,85.2,0.0,0.30000000000000004,0.0,0.0,0.0,0.0,,,2.1615801152953784e-05,0.0002892561293085995,0.10315211370740388,,0.0
2020-08-28,132,132,8199999.100000001,8197437.3,0.0,1814.36631,2559.7,0.0,1814.3000000000002,0.0,0.8999999999999999,747.3,0.0,3.0,0.0,187.70630000000003,0.0,0.0,0.0,91.6,91.6,0.0,0.30000000000000004,0.0,0.0,0.0,0.0,,,2.2891014707550395e-05,0.0003121585708466724,0.10345556956467077,,0.0
2020-08-29,135,135,8199998.8,8197238.699999999,0.0,1914.35948,2758.3,0.0,1914.3,0.0,1.2000000000000002,845.8,0.0,3.0,0.0,198.56673,0.0,0.0,0.0,98.4,98.4,0.0,0.30000000000000004,0.0,0.0,0.0,0.0,,,2.4215458421774405e-05,0.000336378098006551,0.10372489183692918,,0.0
2020-08-30,138,138,8199998.5,8197028.9,0.0,2018.24154,2968.1000000000004,0.0,2018.2000000000003,0.0,1.5,951.3,0.0,3.0,0.0,209.79863,0.0,0.0,0.0,105.6,105.6,0.0,0.30000000000000004,0.0,0.0,0.0,0.0,,,2.558520346070795e-05,0.00036196348084697826,0.1039512000134533,,0.0
2020-08-31,141,141,8199998.2,8196807.300000001,0.0,2126.68567,3189.7,0.0,2126.7,0.0,1.7999999999999998,1064.3,0.0,3.0,0.0,221.61245,0.0,0.0,0.0,113.0,113.0,0.0,0.30000000000000004,0.0,0.0,0.0,0.0,,,2.7025914469103173e-05,0.0003889878902656344,0.10420555003786715,,0.0
2020-09-01,144,144,8199997.7,8196573.2,0.0,2239.8310300000003,3423.8,0.0,2239.8,0.0,2.3,1184.7,0.0,3.0,0.0,233.97981,0.0,0.0,0.0,120.4,120.4,0.0,0.30000000000000004,0.0,0.0,0.0,0.0,,,2.853413117420752e-05,0.0004175367024798068,0.10446315229412638,,0.0
2020-09-02,147,147,8199997.3,8196326.4,0.0,2357.9933199999996,3670.6,0.0,2357.8999999999996,0.0,2.7,1312.9,0.0,3.0,0.0,246.88339000000002,0.0,0.0,0.0,128.2,128.2,0.0,0.5,0.0,0.0,0.0,0.0,,,3.010774040132916e-05,0.00044763429373324305,0.10470063163707354,,0.0
2020-09-03,150,150,8199996.8,8196066.1,0.0,2481.58521,3930.8999999999996,0.0,2481.5,0.0,3.2,1449.0,0.0,3.0,0.0,260.22594000000004,0.0,0.0,0.0,136.1,136.1,0.0,0.6000000000000001,0.0,0.0,0.0,0.0,,,3.173488311605195e-05,0.0004793782358549213,0.10486278647671342,,0.0
2020-09-04,153,153,8199996.2,8195792.0,0.0,2610.84928,4205.0,0.0,2610.7999999999997,0.0,3.8,1593.1,0.0,3.0,0.0,274.14146999999997,0.0,0.0,0.0,144.2,144.2,0.0,0.6000000000000001,0.0,0.0,0.0,0.0,,,3.343190207819852e-05,0.0005128051156901755,0.1050008792541253,,0.0
2020-09-05,156,156,8199995.6,8195503.5,0.0,2746.3331399999997,4493.5,0.0,2746.3,0.0,4.4,1745.8000000000002,0.0,3.0,0.0,288.55951,0.0,0.0,0.0,152.5,152.5,0.0,0.6000000000000001,0.0,0.0,0.0,0.0,,,3.519020302888943e-05,0.0005479880989204434,0.10507083273954157,,0.0
2020-09-06,159,159,8199994.7,8195199.800000001,0.0,2888.05944,4797.2,0.0,2888.1,0.0,5.3,1906.9,0.0,3.0,0.0,303.7065,0.0,0.0,0.0,161.2,161.2,0.0,0.6000000000000001,0.0,0.0,0.0,0.0,,,3.703740198758909e-05,0.0005850247683696673,0.10515936611055346,,0.0
2020-09-07,162,162,8199994.1,8194880.3,0.0,3036.5926600000003,5116.7,0.0,3036.6000000000004,0.0,5.9,2077.2,0.0,3.0,0.0,319.50842,0.0,0.0,0.0,170.3,170.3,0.0,0.8,0.0,0.0,0.0,0.0,,,3.8964469498825615e-05,0.000623988253845207,0.10521938757501968,,0.0
2020-09-08,165,165,8199993.2,8194544.199999999,0.0,3192.0381599999996,5452.8,0.0,3191.9999999999995,0.0,6.8,2257.0,0.0,3.0,0.0,336.09509,0.0,0.0,0.0,179.8,179.8,0.0,0.8999999999999999,0.0,0.0,0.0,0.0,,,4.0987240086979586e-05,0.0006649761611997434,0.10529168924471757,,0.0
2020-09-09,168,168,8199992.3,8194190.9,0.0,3354.74474,5806.1,0.0,3354.7,0.0,7.7,2446.7,0.0,3.0,0.0,353.29701,0.0,0.0,0.0,189.7,189.7,0.0,0.8999999999999999,0.0,0.0,0.0,0.0,,,4.3085041677417185e-05,0.0007080616404969063,0.10531263550024972,,0.0
2020-09-10,171,171,8199991.300000001,8193819.4,0.0,3525.18639,6177.599999999999,0.0,3525.2000000000003,0.0,8.7,2646.8,0.0,3.0,0.0,371.44151999999997,0.0,0.0,0.0,199.89999999999998,199.89999999999998,0.0,0.8999999999999999,0.0,0.0,0.0,0.0,,,4.529779440131844e-05,0.0007533666529621804,0.10536790935471642,,0.0
2020-09-11,174,174,8199990.300000001,8193429.100000001,0.0,3703.73113,6567.9,0.0,3703.7000000000003,0.0,9.7,2857.4,0.0,3.0,0.0,390.34857,0.0,0.0,0.0,210.79999999999998,210.79999999999998,0.0,1.1,0.0,0.0,0.0,0.0,,,4.760354045784663e-05,0.0008009643621163795,0.10539333345182646,,0.0
2020-09-12,177,177,8199989.199999999,8193019.200000001,0.0,3890.74846,6977.800000000001,0.0,3890.7,0.0,10.8,3079.4,0.0,3.0,0.0,410.04331,0.0,0.0,0.0,222.0,222.0,0.0,1.1,0.0,0.0,0.0,0.0,,,5.000534756801875e-05,0.0008509523402786922,0.10538931370546634,,0.0
2020-09-13,180,180,8199988.0,8192588.3,0.0,4086.6170300000003,7408.7,0.0,4086.6,0.0,12.0,3313.0,0.0,3.0,0.0,430.7564100000001,0.0,0.0,0.0,233.6,233.6,0.0,1.2000000000000002,0.0,0.0,0.0,0.0,,,5.253134638733619e-05,0.0009035013221970568,0.10540660082356679,,0.0
2020-09-14,183,183,8199986.8,8192135.9,0.0,4291.8281799999995,7861.1,0.0,4291.799999999999,0.0,13.2,3558.9,0.0,3.0,0.0,452.32163,0.0,0.0,0.0,245.89999999999998,245.89999999999998,0.0,1.2000000000000002,0.0,0.0,0.0,0.0,,,5.516126318642367e-05,0.0009586722749358573,0.10539136494508969,,0.0
2020-09-15,186,186,8199985.5,8191661.0,0.0,4506.78202,8336.0,0.0,4506.8,0.0,14.5,3817.7,0.0,3.0,0.0,474.97189000000003,0.0,0.0,0.0,258.79999999999995,258.79999999999995,0.0,1.3,0.0,0.0,0.0,0.0,,,5.792350364521986e-05,0.0010165871634773014,0.10539047326722051,,0.0
2020-09-16,189,189,8199984.1,8191162.300000001,0.0,4731.8868299999995,8834.7,0.0,4731.799999999999,0.0,15.9,4089.8,0.0,3.0,0.0,498.64009999999996,0.0,0.0,0.0,272.09999999999997,272.09999999999997,0.0,1.4,0.0,0.0,0.0,0.0,,,6.080988620453544e-05,0.0010774045281380486,0.10537870365762741,,0.0
2020-09-17,192,192,8199982.6,8190639.0,0.0,4967.56228,9358.0,0.0,4967.5,0.0,17.4,4376.1,0.0,3.0,0.0,523.36021,0.0,0.0,0.0,286.2,286.2,0.0,1.5,0.0,0.0,0.0,0.0,,,6.382455128624298e-05,0.001141221933812396,0.1053555407059738,,0.0
2020-09-18,195,195,8199981.0,8190089.7,0.0,5214.44633,9907.3,0.0,5214.4,0.0,19.0,4676.9,0.0,3.0,0.0,549.26759,0.0,0.0,0.0,300.8,300.8,0.0,1.5,0.0,0.0,0.0,0.0,,,6.698400764587138e-05,0.0012082101165844163,0.10533574520461121,,0.0
2020-09-19,198,198,8199979.4,8189513.4,0.0,5472.79306,10483.6,0.0,5472.8,0.0,20.6,4993.3,0.0,3.0,0.0,576.39855,0.0,0.0,0.0,316.3,316.3,0.0,1.7,0.0,0.0,0.0,0.0,,,7.029268268649552e-05,0.0012784910166969443,0.10532072813292158,,0.0
2020-09-20,201,201,8199977.699999999,8188908.6,0.0,5743.369110000001,11088.400000000001,0.0,5743.4,0.0,22.3,5325.7,0.0,3.0,0.0,604.69017,0.0,0.0,0.0,332.5,332.5,0.0,1.7,0.0,0.0,0.0,0.0,,,7.374290420326387e-05,0.0013522475798928091,0.10528492221528139,,0.0
2020-09-21,204,204,8199975.9,8188274.4,0.0,6026.4521700000005,11722.6,0.0,6026.5,0.0,24.1,5675.1,0.0,3.0,0.0,634.28069,0.0,0.0,0.0,349.3,349.3,0.0,1.7999999999999998,0.0,0.0,0.0,0.0,,,7.735153099657281e-05,0.0014295895674522653,0.10524943567253102,,0.0
2020-09-22,207,207,8199973.9,8187609.1,0.0,6322.73336,12387.9,0.0,6322.7,0.0,26.099999999999998,6042.0,0.0,2.9,0.0,665.2103400000001,0.0,0.0,0.0,367.1,367.1,0.0,2.0,0.0,0.0,0.0,0.0,,,8.11234704051924e-05,0.001510724320720094,0.10520929827728812,,0.0
2020-09-23,210,210,8199971.9,8186911.5,0.0,6632.71881,13085.499999999998,0.0,6632.7,0.0,28.099999999999998,6427.6,0.0,2.9,0.0,697.52104,0.0,0.0,0.0,385.5,385.5,0.0,2.0,0.0,0.0,0.0,0.0,,,8.50638329626471e-05,0.0015957981514546408,0.10516366817003658,,0.0
2020-09-24,213,213,8199969.8,8186180.1,0.0,6957.029869999999,13816.900000000001,0.0,6957.1,0.0,30.200000000000003,6832.599999999999,0.0,2.9,0.0,731.35586,0.0,0.0,0.0,405.0,405.0,0.0,2.0999999999999996,0.0,0.0,0.0,0.0,,,8.919006750488276e-05,0.0016849940105876978,0.10512472616421296,,0.0
2020-09-25,216,216,8199967.5,8185413.5,0.0,7296.1028799999995,14583.500000000002,0.0,7296.1,0.0,32.5,7257.9,0.0,2.9,0.0,766.65881,0.0,0.0,0.0,425.3,425.3,0.0,2.3,0.0,0.0,0.0,0.0,,,9.349534739009637e-05,0.0017784826586202936,0.10507785082109479,,0.0
2020-09-26,219,219,8199965.2,8184610.1,0.0,7650.68942,15386.900000000001,0.0,7650.7,0.0,34.8,7704.5,0.0,2.9,0.0,803.57509,0.0,0.0,0.0,446.6,446.6,0.0,2.3,0.0,0.0,0.0,0.0,,,9.799737808643383e-05,0.0018764591830218989,0.10503302982072955,,0.0
2020-09-27,222,222,8199962.7,8183768.0,0.0,8021.35679,16229.0,0.0,8021.4,0.0,37.3,8173.4,0.0,2.9,0.0,842.05123,0.0,0.0,0.0,469.0,469.0,0.0,2.5,0.0,0.0,0.0,0.0,,,0.00010268964150288147,0.0019791553442066265,0.10497615952575026,,0.0
2020-09-28,225,225,8199960.1,8182885.699999999,0.0,8408.6883,17111.3,0.0,8408.699999999999,0.0,39.9,8665.7,0.0,2.9,0.0,882.23508,0.0,0.0,0.0,492.2,492.2,0.0,2.6,0.0,0.0,0.0,0.0,,,0.00010759016742044879,0.0020867540562788836,0.10491946526308986,,0.0
2020-09-29,228,228,8199957.3,8181961.7,0.0,8813.28268,18035.3,0.0,8813.3,0.0,42.7,9182.4,0.0,2.9,0.0,924.17571,0.0,0.0,0.0,516.7,516.7,0.0,2.7,0.0,0.0,0.0,0.0,,,0.00011270494176841629,0.0021994382824408122,0.10486168928828685,,0.0
2020-09-30,231,231,8199954.4,8180993.699999999,0.0,9235.95363,19003.300000000003,0.0,9235.9,0.0,45.6,9724.699999999999,0.0,2.9,0.0,967.82339,0.0,0.0,0.0,542.3,542.3,0.0,2.9,0.0,0.0,0.0,0.0,,,0.00011802789903319462,0.002317488497253107,0.10478868006183353,,0.0
2020-10-01,234,234,8199951.4,8179980.4,0.0,9677.22976,20016.6,0.0,9677.2,0.0,48.6,10293.8,0.0,2.9,0.0,1013.42954,0.0,0.0,0.0,569.2,569.2,0.0,3.0,0.0,0.0,0.0,0.0,,,0.0001235897007877388,0.0024410632482529102,0.10472310414587077,,0.0
2020-10-02,237,237,8199948.199999999,8178919.3,0.0,10137.85457,21077.699999999997,0.0,10137.8,0.0,51.8,10891.0,0.0,2.9,0.0,1060.94678,0.0,0.0,0.0,597.2,597.2,0.0,3.2,0.0,0.0,0.0,0.0,,,0.00012938457099033872,0.002570467457343206,0.10465200232202582,,0.0
2020-10-03,240,240,8199944.800000001,8177808.799999999,0.0,10618.38618,22188.199999999997,0.0,10618.4,0.0,55.2,11517.5,0.0,2.9,0.0,1110.52869,0.0,0.0,0.0,626.6,626.6,0.0,3.3,0.0,0.0,0.0,0.0,,,0.00013543123973224795,0.0027058962640821673,0.10458544934932854,,0.0
2020-10-04,243,243,8199941.4,8176646.800000001,0.0,11119.69671,23350.199999999997,0.0,11119.7,0.0,58.6,12174.9,0.0,2.9,0.0,1162.02976,0.0,0.0,0.0,657.3,657.3,0.0,3.5,0.0,0.0,0.0,0.0,,,0.00014171195906351232,0.0028476057158164565,0.10450192935163245,,0.0
2020-10-05,246,246,8199937.600000001,8175431.1,0.0,11642.27152,24565.899999999998,0.0,11642.3,0.0,62.400000000000006,12864.300000000001,0.0,2.9,0.0,1215.7052600000002,0.0,0.0,0.0,689.4,689.4,0.0,3.7,0.0,0.0,0.0,0.0,,,0.00014825786723059943,0.002995864261210963,0.10442165499332043,,0.0
2020-10-06,249,249,8199933.699999999,8174159.5,0.0,12186.90843,25837.5,0.0,12187.0,0.0,66.3,13587.2,0.0,2.9,0.0,1271.51114,0.0,0.0,0.0,723.0,723.0,0.0,3.9000000000000004,0.0,0.0,0.0,0.0,,,0.00015506358789218018,0.0031509401106499194,0.10433418346444408,,0.0
2020-10-07,252,252,8199929.699999999,8172829.899999999,0.0,12754.3168,27167.1,0.0,12754.300000000001,0.0,70.3,14345.4,0.0,2.9,0.0,1329.60396,0.0,0.0,0.0,758.0999999999999,758.0999999999999,0.0,4.1,0.0,0.0,0.0,0.0,,,0.00016214821451457077,0.0033130893792906544,0.10424736823222079,,0.0
2020-10-08,255,255,8199925.5,8171439.899999999,0.0,13345.116339999999,28557.1,0.0,13345.099999999999,0.0,74.5,15140.2,0.0,2.9,0.0,1389.94066,0.0,0.0,0.0,794.9000000000001,794.9000000000001,0.0,4.3,0.0,0.0,0.0,0.0,,,0.0001695064985651394,0.003482604811470543,0.10415350639048832,,0.0
2020-10-09,258,258,8199920.899999999,8169987.3,0.0,13960.035759999999,30009.7,0.0,13960.1,0.0,79.1,15973.599999999999,0.0,2.9,0.0,1452.6784,0.0,0.0,0.0,833.3,833.3,0.0,4.5,0.0,0.0,0.0,0.0,,,0.00017715761136183645,0.0036597548154397442,0.10405979074655322,,0.0
2020-10-10,261,261,8199916.199999999,8168469.600000001,0.0,14599.71119,31527.399999999998,0.0,14599.7,0.0,83.8,16847.0,0.0,2.9,0.0,1517.77437,0.0,0.0,0.0,873.4,873.4,0.0,4.8,0.0,0.0,0.0,0.0,,,0.00018509632696002434,0.003844844170480669,0.10395920509986473,,0.0
2020-10-11,264,264,8199911.299999999,8166884.300000001,0.0,15264.78451,33112.7,0.0,15264.800000000001,0.0,88.69999999999999,17762.2,0.0,2.9,0.0,1585.2855200000001,0.0,0.0,0.0,915.3,915.3,0.0,4.9,0.0,0.0,0.0,0.0,,,0.00019332959369938556,0.004038177827606501,0.1038524663719606,,0.0
2020-10-12,267,267,8199906.0,8165229.1,0.0,15955.801409999998,34767.899999999994,0.0,15955.8,0.0,94.0,18721.2,0.0,2.9,0.0,1655.2683699999998,0.0,0.0,0.0,959.0,959.0,0.0,5.2,0.0,0.0,0.0,0.0,,,0.0002018643103957533,0.004240036410173482,0.10374084807564674,,0.0
2020-10-13,270,270,8199900.6,8163481.300000001,0.0,16693.607109999997,36515.7,0.0,16693.6,0.0,99.39999999999999,19725.7,0.0,2.9,0.0,1747.77668,0.0,0.0,0.0,1004.7,2009.1999999999998,0.0,5.4,0.0,0.0,0.0,0.0,,,0.00021314608130737584,0.004453188127670718,0.10469736519395059,,0.0
2020-10-14,273,273,8199894.9,8161522.800000001,0.0,17594.02035,38474.2,0.0,17594.0,0.0,105.1,20778.0,0.0,2.8,0.0,1958.43958,0.0,0.0,0.0,1052.2,2104.5,0.0,5.7,0.0,0.0,0.0,0.0,,,0.00023883715631525958,0.004692035747921598,0.11131279497468582,,0.0
2020-10-15,276,276,8199889.0,8159339.5,0.0,18669.52705,40657.5,0.0,18669.5,0.0,111.0,21880.0,0.0,2.8,0.0,2183.38136,0.0,0.0,0.0,1101.8999999999999,2203.7999999999997,0.0,6.0,0.0,0.0,0.0,0.0,,,0.0002662696238936893,0.004958298825752398,0.11694893792180985,,0.0
2020-10-16,279,279,8199882.5,8156916.100000001,0.0,19932.8049,43080.9,0.0,19932.8,0.0,117.49999999999999,23033.7,0.0,2.8,0.0,2423.25214,0.0,0.0,0.0,1153.7,2307.4,0.0,6.300000000000001,0.0,0.0,0.0,0.0,,,0.00029552278828385653,0.005253843576417101,0.12157105596312741,,0.0
2020-10-17,282,282,8199876.0,8154234.3,0.0,21400.24146,45762.7,0.0,21400.2,0.0,124.0,24241.2,0.0,2.8,0.0,2681.82147,0.0,0.0,0.0,1207.6,2415.4,0.0,6.6,0.0,0.0,0.0,0.0,,,0.0003270563445105755,0.005580901467290481,0.12531734630250288,,0.0
2020-10-18,285,285,8199869.0,8151255.4,0.0,23108.45577,48741.6,0.0,23108.4,0.0,131.0,25505.2,0.0,2.8,0.0,2978.98159,0.0,0.0,0.0,1263.9,2527.9,0.0,7.0,0.0,0.0,0.0,0.0,,,0.000363296241683861,0.005944192523075673,0.1289130532844774,,0.0
2020-10-19,288,288,8199861.9,8147934.5,0.0,25099.62615,52062.5,0.0,25099.600000000002,0.0,138.10000000000002,26827.6,0.0,2.8,0.0,3320.85361,0.0,0.0,0.0,1322.4,2644.9,0.0,7.3,0.0,0.0,0.0,0.0,,,0.00040498896816786636,0.006349192295543416,0.13230689533596898,,0.0
2020-10-20,291,291,8199854.300000001,8144220.8,0.0,27422.467660000002,55776.2,0.0,27422.5,0.0,145.7,28211.0,0.0,2.8,0.0,3713.73704,0.0,0.0,0.0,1383.4,2766.8,0.0,7.6,0.0,0.0,0.0,0.0,,,0.0004529028082852642,0.006802096471397058,0.1354267998797596,,0.0
2020-10-21,294,294,8199846.2,8140055.9,0.0,30132.548570000003,59941.100000000006,0.0,30132.600000000002,0.0,153.8,29657.800000000003,0.0,2.8,0.0,4164.84854,0.0,0.0,0.0,1446.7,2893.5,0.0,7.9,0.0,0.0,0.0,0.0,,,0.0005079178850939911,0.007310027351488618,0.13821759982647228,,0.0
2020-10-22,297,297,8199837.9,8135370.199999999,0.0,33297.2339,64626.799999999996,0.0,33297.3,0.0,162.10000000000002,31170.5,0.0,2.8,0.0,4685.64896,0.0,0.0,0.0,1512.7,3025.4,0.0,8.4,0.0,0.0,0.0,0.0,,,0.0005714319011111183,0.007881472876433324,0.1407218681909791,,0.0
2020-10-23,300,300,8199829.1,8130080.5,0.0,36997.073879999996,69916.5,0.0,36997.1,0.0,170.9,32751.6,0.0,2.7,0.0,5289.78796,0.0,0.0,0.0,1581.1,3162.2999999999997,0.0,8.7,0.0,0.0,0.0,0.0,,,0.0006451095377097555,0.008526580145432543,0.14297854952414416,,0.0
2020-10-24,303,303,8199820.0,8124333.800000001,0.0,41080.3799,75663.2,0.0,41080.4,0.0,180.0,34405.9,0.0,2.7,0.0,5746.74876,0.0,0.0,0.0,1654.3,3308.5,0.0,9.2,0.0,0.0,0.0,0.0,,,0.0007008384037698389,0.00922742206536241,0.1398903509166428,,0.0
2020-10-25,306,306,8199810.5,8118058.6,0.0,45602.45346,81938.4,0.0,45602.5,0.0,189.5,36149.299999999996,0.0,2.7,0.0,6275.25055,0.0,0.0,0.0,1743.5,3487.0,0.0,9.6,0.0,0.0,0.0,0.0,,,0.000765292143031842,0.009992718734170746,0.13760773980076116,,0.0
2020-10-26,309,309,8199800.3,8111172.3,0.0,50628.614440000005,88824.7,0.0,50628.600000000006,0.0,199.7,37999.5,0.0,2.7,0.0,6886.22254,0.0,0.0,0.0,1850.1,3700.2,0.0,10.100000000000001,0.0,0.0,0.0,0.0,,,0.0008398036888776425,0.01083254429988984,0.1360144380044385,,0.0
2020-10-27,312,312,8199789.800000001,8103580.1,0.0,56234.99128,96416.9,0.0,56235.0,0.0,210.2,39974.600000000006,0.0,2.6,0.0,7592.232840000001,0.0,0.0,0.0,1975.3,3950.5,0.0,10.6,0.0,0.0,0.0,0.0,,,0.0009259057884630164,0.011758459954668593,0.13500905160983248,,0.0
2020-10-28,315,315,8199778.8,8095219.9,0.0,62463.56884,104777.1,0.0,62463.5,0.0,221.2,42095.399999999994,0.0,2.6,0.0,8360.26593,0.0,0.0,0.0,2120.6,4241.4,0.0,11.0,0.0,0.0,0.0,0.0,,,0.0010195721291896313,0.012778039817366782,0.13384227134723542,,0.0
2020-10-29,318,318,8199767.199999999,8086022.3,0.0,69359.59027,113974.7,0.0,69359.6,0.0,232.8,44385.3,0.0,2.6,0.0,9197.528409999999,0.0,0.0,0.0,2289.9,4579.9,0.0,11.5,0.0,0.0,0.0,0.0,,,0.0011216816509132114,0.013899748275780319,0.13260644092902307,,0.0
2020-10-30,321,321,8199755.199999999,8075910.199999999,0.0,76972.37167,124086.79999999999,0.0,76972.4,0.0,244.8,46872.5,0.0,2.6,0.0,10112.19336,0.0,0.0,0.0,2487.2,4974.6,0.0,12.0,0.0,0.0,0.0,0.0,,,0.0012332311286561335,0.015132988360433005,0.13137432484675837,,0.0
2020-10-31,324,324,8199742.5,8064796.800000001,0.0,85355.80525,135200.2,0.0,85355.8,0.0,257.5,49590.0,0.0,2.5,0.0,11113.42618,0.0,0.0,0.0,2717.5,5434.9,0.0,12.6,0.0,0.0,0.0,0.0,,,0.0013553384365423671,0.0164883470426053,0.13020117550821184,,0.0
2020-11-01,327,327,8199729.3,8052593.899999999,0.0,94559.2791,147403.1,0.0,94559.29999999999,0.0,270.70000000000005,52576.0,0.0,2.5,0.0,12202.78225,0.0,0.0,0.0,2986.0,5972.0,0.0,13.3,0.0,0.0,0.0,0.0,,,0.001488193305357044,0.017976581251285942,0.12904901947375358,,0.0
2020-11-02,330,330,8199715.6,8039212.7,0.0,104627.12499,160784.3,0.0,104627.2,0.0,284.4,55875.600000000006,0.0,2.4,0.0,13381.25615,0.0,0.0,0.0,3299.7,6599.200000000001,0.0,13.8,0.0,0.0,0.0,0.0,,,0.0016319171057591314,0.019608521544332586,0.12789471326177554,,0.0
2020-11-03,333,333,8199701.1,8024563.100000001,0.0,115596.11425,175433.9,0.0,115596.1,0.0,298.90000000000003,59541.899999999994,0.0,2.4,0.0,14649.707310000002,0.0,0.0,0.0,3666.2000000000003,7332.5,0.0,14.4,0.0,0.0,0.0,0.0,,,0.0017866147962393413,0.021395157928378632,0.1267318318184731,,0.0
2020-11-04,336,336,8199686.0,8008554.800000001,0.0,127518.46969,191442.2,0.0,127518.5,0.0,314.0,63612.8,0.0,2.4,0.0,16008.284499999998,0.0,0.0,0.0,4070.9,8141.7,0.0,15.100000000000001,0.0,0.0,0.0,0.0,,,0.001952304576053278,0.023347503794657505,0.1255369872216665,,0.0
2020-11-05,339,339,8199670.1,7991099.300000001,0.0,140438.99688999998,208897.7,0.0,140439.0,0.0,329.9,68131.79999999999,0.0,2.3,0.0,17455.47255,0.0,0.0,0.0,4519.0,9038.0,0.0,15.999999999999998,0.0,0.0,0.0,0.0,,,0.002128801809965501,0.02547635422551939,0.12429220470488082,,0.0
2020-11-06,342,342,8199653.2,7972111.6,0.0,154392.75397000002,227885.4,0.0,154392.8,0.0,346.79999999999995,73148.8,0.0,2.3,0.0,18987.74494,0.0,0.0,0.0,5017.099999999999,10034.1,0.0,16.9,0.0,0.0,0.0,0.0,,,0.002315676587395184,0.027792077840560377,0.12298339430935665,,0.0
2020-11-07,345,345,8199635.199999999,7951511.800000001,0.0,169401.88495,248485.2,0.0,169401.9,0.0,364.79999999999995,78721.5,0.0,2.2,0.0,20599.780010000002,0.0,0.0,0.0,5572.6,11145.3,0.0,18.0,0.0,0.0,0.0,0.0,,,0.002512280059727536,0.03030442134791558,0.12160301531520828,,0.0
2020-11-08,348,348,8199615.800000001,7929223.0,0.0,185481.46054,270774.0,0.0,185481.5,0.0,384.20000000000005,84911.4,0.0,2.2,0.0,22288.83649,0.0,0.0,0.0,6189.9,12379.7,0.0,19.3,0.0,0.0,0.0,0.0,,,0.0027182781527397906,0.03302276674963234,0.12016746269470582,,0.0
2020-11-09,351,351,8199594.9,7905171.8,0.0,202638.47079,294825.2,0.0,202638.5,0.0,405.1,91784.6,0.0,2.2,0.0,24051.10978,0.0,0.0,0.0,6873.2,13746.499999999998,0.0,20.9,0.0,0.0,0.0,0.0,,,0.0029332070758763948,0.03595606900043318,0.11868975168552692,,0.0
2020-11-10,354,354,8199572.300000001,7879289.4,0.0,220870.59561999998,320707.6,0.0,220870.60000000003,0.0,427.7,99412.2,0.0,2.0,0.0,25882.49147,0.0,0.0,0.0,7627.6,15255.300000000001,0.0,22.700000000000003,0.0,0.0,0.0,0.0,,,0.0031565660406458027,0.03911272298922225,0.11718396193638156,,0.0
2020-11-11,357,357,8199547.399999999,7851510.799999999,0.0,240166.09990000003,348486.2,0.0,240166.09999999998,0.0,452.6,107870.7,0.0,2.0,0.0,27778.70377,0.0,0.0,0.0,8458.5,16916.7,0.0,24.700000000000003,0.0,0.0,0.0,0.0,,,0.003387833793118874,0.04250066290244264,0.11566454958283642,,0.0
2020-11-12,360,360,8199520.199999999,7821773.1,0.0,260506.0426,378223.9,0.0,260506.0,0.0,479.79999999999995,117241.0,0.0,1.9,0.0,29737.641239999997,0.0,0.0,0.0,9370.3,18740.9,0.0,27.200000000000003,0.0,0.0,0.0,0.0,,,0.0036267538239615534,0.046127564878735226,0.11415336451777183,,0.0
2020-11-13,363,363,8199490.1,7790012.699999999,0.0,281868.30105,409984.30000000005,0.0,281868.3,0.0,509.9,127609.1,0.0,1.9,0.0,31760.444259999997,0.0,0.0,0.0,10368.1,20736.2,0.0,30.1,0.0,0.0,0.0,0.0,,,0.0038734657731948475,0.05000119458647801,0.11267831161463622,,0.0
2020-11-14,366,366,8199456.6,7756808.9,0.0,303584.25430000003,443188.80000000005,0.0,303584.3,0.0,543.4,139064.19999999998,0.0,1.9,0.0,33204.49975,0.0,0.0,0.0,11455.0,22910.199999999997,0.0,33.5,0.0,0.0,0.0,0.0,,,0.004049597597723733,0.054050996501402306,0.10937490755758211,,0.0
2020-11-15,369,369,8199419.4,7722160.0,0.0,325559.49683,477837.7,0.0,325559.5,0.0,580.6,151700.80000000002,0.0,1.9,0.0,34648.87875,0.0,0.0,0.0,12636.6,25273.0,0.0,37.2,0.0,0.0,0.0,0.0,,,0.004225772223579636,0.058277016540951666,0.10642871452800187,,0.0
2020-11-16,372,372,8199378.199999999,7684717.7,0.0,349043.65874,515280.0,0.0,349043.69999999995,0.0,621.8,165617.7,0.0,1.9,0.0,37442.28371,0.0,0.0,0.0,13916.900000000001,27833.800000000003,0.0,41.3,0.0,0.0,0.0,0.0,,,0.004566478432474307,0.06284378978884034,0.10727106129119074,,0.0
2020-11-17,375,375,8199332.5,7644372.0,0.0,374043.91207,555625.7,0.0,374043.9,0.0,667.5,180917.19999999998,0.0,1.9,0.0,40345.72674,0.0,0.0,0.0,15299.7,30599.4,0.0,45.8,0.0,0.0,0.0,0.0,,,0.004920611127796073,0.06776474792307788,0.10786361022886945,,0.0
2020-11-18,378,378,8199281.6,7601110.3,0.0,400467.7572,598887.4,0.0,400467.80000000005,0.0,718.4000000000001,197704.40000000002,0.0,1.9,0.0,43261.67692,0.0,0.0,0.0,16786.9,33574.0,0.0,50.9,0.0,0.0,0.0,0.0,,,0.00527627651183489,0.07304144792392545,0.10802786527054768,,0.0
2020-11-19,381,381,8199225.1,7554938.5,0.0,428202.60530000005,645059.2,0.0,428202.6,0.0,774.9000000000001,216084.7,0.0,1.9,0.0,46171.75517,0.0,0.0,0.0,18380.4,36760.8,0.0,56.5,0.0,0.0,0.0,0.0,,,0.005631234001613152,0.07867319071408345,0.10782688988464216,,0.0
2020-11-20,384,384,8199162.299999999,7505700.0,0.0,457297.85115999996,694297.7,0.0,457297.8,0.0,837.6999999999999,236165.3,0.0,1.8,0.0,49238.561910000004,0.0,0.0,0.0,20080.6,40161.2,0.0,62.8,0.0,0.0,0.0,0.0,,,0.006005316166262499,0.08467910191264295,0.10767284776234899,,0.0
2020-11-21,387,387,8199092.800000001,7453246.4,0.0,487794.43937,746751.3,0.0,487794.5,0.0,907.2,258052.7,0.0,1.8,0.0,52453.53067,0.0,0.0,0.0,21887.3,43774.7,0.0,69.60000000000001,0.0,0.0,0.0,0.0,,,0.0063974798126446375,0.09107730796753513,0.10753203898294779,,0.0
2020-11-22,390,390,8199015.6,7397452.3,0.0,519711.95583,802545.4,0.0,519712.0,0.0,984.4000000000001,281852.0,0.0,1.7000000000000002,0.0,55794.156539999996,0.0,0.0,0.0,23799.4,47598.9,0.0,77.2,0.0,0.0,0.0,0.0,,,0.006804982361541061,0.09788314099560928,0.10735592266853777,,0.0
2020-11-23,393,393,8198930.1,7338217.199999999,0.0,553046.48321,861780.5,0.0,553046.5,0.0,1069.9,307667.1,0.0,1.7000000000000002,0.0,59235.0972,0.0,0.0,0.0,25815.1,51630.0,0.0,85.5,0.0,0.0,0.0,0.0,,,0.007224734993166974,0.10510889707426582,0.10710690511254467,,0.0
2020-11-24,396,396,8198835.5,7275445.7,0.0,587791.44453,924552.0,0.0,587791.3999999999,0.0,1164.5,335599.1,0.0,1.7000000000000002,0.0,62771.48479,0.0,0.0,0.0,27931.9,55863.8,0.0,94.60000000000001,0.0,0.0,0.0,0.0,,,0.007656146386886284,0.11276625808628554,0.10679210351588614,,0.0
2020-11-25,399,399,8198731.0,7209049.5,0.0,625901.56587,990948.2,0.0,625901.5,0.0,1269.0,365682.9,0.0,1.7000000000000002,0.0,66396.19408,0.0,0.0,0.0,30083.899999999998,60167.7,0.0,104.5,0.0,0.0,0.0,0.0,,,0.0080983501080838,0.12086604622105543,0.10608088827467563,,0.0
2020-11-26,402,402,8198615.600000001,7138951.300000001,0.0,667426.97,1061046.4,0.0,667426.9,0.0,1384.4,397944.4,0.0,1.7000000000000002,0.0,70098.27385999999,0.0,0.0,0.0,32261.5,64523.0,0.0,115.4,0.0,0.0,0.0,0.0,,,0.008550013475445779,0.12941775194338906,0.10502763150251479,,0.0
2020-11-27,405,405,8198488.699999999,7065088.4,0.0,710046.33627,1134909.3,0.0,710046.3,0.0,1511.3000000000002,432533.2,0.0,1.7000000000000002,0.0,73862.87309000001,0.0,0.0,0.0,34588.7,69177.5,0.0,127.0,0.0,0.0,0.0,0.0,,,0.009009327913082324,0.13842908632660555,0.10402542667569395,,0.0
2020-11-28,408,408,8198349.1,6987414.399999999,0.0,753634.2341799999,1212583.2999999998,0.0,753634.2,0.0,1650.9,469599.19999999995,0.0,1.7000000000000002,0.0,77673.95324999999,0.0,0.0,0.0,37066.2,74132.3,0.0,139.6,0.0,0.0,0.0,0.0,,,0.009474340785268584,0.14790578995959075,0.10306585041815941,,0.0
2020-11-29,411,411,8198195.800000001,6905655.9,0.0,798302.54,1294341.7999999998,0.0,798302.5,0.0,1804.1999999999998,509283.9,0.0,1.6,0.0,81758.52862,0.0,0.0,0.0,39684.6,79369.2,0.0,153.2,0.0,0.0,0.0,0.0,,,0.009972746518203431,0.15788129871208975,0.10241546847639993,,0.0
2020-11-30,414,414,8198028.1,6819558.9,0.0,844156.5223300001,1380438.7999999998,0.0,844156.5,0.0,1971.9,551717.0,0.0,1.6,0.0,86097.06580000001,0.0,0.0,0.0,42433.0,84866.0,0.0,167.8,0.0,0.0,0.0,0.0,,,0.010502167685909738,0.16838668801342604,0.10199182677918432,,0.0
2020-12-01,417,417,8197844.8,6729178.1,0.0,890990.24861,1470819.6,0.0,890990.3,0.0,2155.2,597033.2000000001,0.0,1.6,0.0,90380.73681,0.0,0.0,0.0,45316.2,90632.5,0.0,183.2,0.0,0.0,0.0,0.0,,,0.011024938750975134,0.17941539952061547,0.10143852522628564,,0.0
2020-12-02,420,420,8197645.1,6634600.800000001,0.0,938564.78472,1565396.9,0.0,938564.7,0.0,2354.9,645371.5,0.0,1.6,0.0,94577.27089,0.0,0.0,0.0,48338.3,96676.70000000001,0.0,199.7,0.0,0.0,0.0,0.0,,,0.0115371267890092,0.19095690053720427,0.1007679730048843,,0.0
2020-12-03,423,423,8197427.899999999,6535920.8,0.0,986636.7453300001,1664076.9,0.0,986636.8,0.0,2572.1,696872.8,0.0,1.6,0.0,98679.97404999999,0.0,0.0,0.0,51501.3,103002.4,0.0,217.2,0.0,0.0,0.0,0.0,,,0.012037919119727786,0.20299988243873424,0.10001652028173198,,0.0
2020-12-04,426,426,8197192.3,6433241.4,0.0,1034958.81287,1766756.2999999998,0.0,1034958.8,0.0,2807.7,751677.3,0.0,1.5,0.0,102679.48362,0.0,0.0,0.0,54804.6,109609.0,0.0,235.6,0.0,0.0,0.0,0.0,,,0.012526177239980084,0.21553188400862572,0.09921117859295668,,0.0
2020-12-05,429,429,8196937.5,6326708.1,0.0,1083247.63971,1873289.5999999999,0.0,1083247.6,0.0,3062.5,809924.9,0.0,1.4,0.0,106533.26493,0.0,0.0,0.0,58247.5,116495.20000000001,0.0,254.8,0.0,0.0,0.0,0.0,,,0.012996715533087816,0.22853530358136803,0.09834617775721201,,0.0
2020-12-06,432,432,8196662.9,6216510.9,0.0,1131183.4773900001,1983486.7999999998,0.0,1131183.5,0.0,3337.1000000000004,871949.0,0.0,1.4,0.0,110197.21437,0.0,0.0,0.0,62024.100000000006,124048.20000000001,0.0,274.5,0.0,0.0,0.0,0.0,,,0.013444155958884194,0.2419871140485721,0.09741763080226384,,0.0
2020-12-07,435,435,8196368.5,6102881.8,0.0,1178413.5340800001,2097115.9,0.0,1178413.5,0.0,3631.5,938088.1,0.0,1.4,0.0,113629.14541,0.0,0.0,0.0,66139.1,132278.2,0.0,294.4,0.0,0.0,0.0,0.0,,,0.013863352460299948,0.25585915274551163,0.09642552645893657,,0.0
2020-12-08,438,438,8196052.800000001,5986092.6,0.0,1224556.01799,2213905.0999999996,0.0,1224556.0,0.0,3947.2000000000003,1008450.7,0.0,1.4,0.0,116789.25046000001,0.0,0.0,0.0,70362.5,140725.0,0.0,315.6,0.0,0.0,0.0,0.0,,,0.014249450718521482,0.2701184526288068,0.09537272998886502,,0.0
2020-12-09,441,441,8195714.6,5866454.8,0.0,1269201.72422,2333542.9,0.0,1269201.8,0.0,4285.4,1083132.6,0.0,1.3,0.0,119637.68767,0.0,0.0,0.0,74681.9,149363.8,0.0,338.2,0.0,0.0,0.0,0.0,,,0.014597590754319337,0.2847272036534801,0.09426215343626679,,0.0
2020-12-10,444,444,8195352.5,5744319.4,0.0,1311891.4507,2455678.3,0.0,1311891.5,0.0,4647.5,1162241.0,0.0,1.3,0.0,122135.45175000001,0.0,0.0,0.0,79108.3,158216.7,0.0,362.20000000000005,0.0,0.0,0.0,0.0,,,0.014903013842296595,0.2996427914479578,0.09309874813562577,,0.0
2020-12-11,447,447,8194965.199999999,5620073.800000001,0.0,1352118.70153,2579923.9000000004,0.0,1352118.7000000002,0.0,5034.799999999999,1245893.2,0.0,1.3,0.0,124245.56185999999,0.0,0.0,0.0,83652.29999999999,167304.5,0.0,387.2,0.0,0.0,0.0,0.0,,,0.015161206768760897,0.3148181642064814,0.09188953730128058,,0.0
2020-12-12,450,450,8194551.600000001,5494139.600000001,0.0,1389363.57376,2705858.1,0.0,1389363.6,0.0,5448.400000000001,1334186.5,0.0,1.3,0.0,125934.22494,0.0,0.0,0.0,88293.29999999999,176586.5,0.0,413.6,0.0,0.0,0.0,0.0,,,0.015368043437544526,0.3302020942793258,0.09064166307396943,,0.0
2020-12-13,453,453,8194110.6,5361422.9,0.0,1428645.04186,2838574.8,0.0,1428645.1,0.0,5889.4,1427194.2,0.0,1.1,0.0,132716.64706,0.0,0.0,0.0,93007.70000000001,186015.40000000002,0.0,441.09999999999997,0.0,0.0,0.0,0.0,,,0.016196589665265194,0.3464164615986511,0.09289686603133541,,0.0
2020-12-14,456,456,8193640.5,5222327.1,0.0,1469509.19049,2977670.5999999996,0.0,1469509.2000000002,0.0,6359.5,1524965.7,0.0,1.1,0.0,139095.79889,0.0,0.0,0.0,97771.5,195542.9,0.0,470.0,0.0,0.0,0.0,0.0,,,0.016976068072549682,0.36341240502313954,0.09465459609927261,,0.0
2020-12-15,459,459,8193140.4,5077344.2,0.0,1511437.93778,3122653.5,0.0,1511438.0,0.0,6859.6,1627525.6,0.0,1.1,0.0,144982.95565999998,0.0,0.0,0.0,102560.0,205119.9,0.0,500.2,0.0,0.0,0.0,0.0,,,0.01769565131094299,0.3811302318217322,0.09592385637279353,,0.0
2020-12-16,462,462,8192608.899999999,4927050.7,0.0,1553856.67069,3272947.0,0.0,1553856.7,0.0,7391.1,1734870.7,0.0,1.1,0.0,150293.44787,0.0,0.0,0.0,107345.1,214690.3,0.0,531.5,0.0,0.0,0.0,0.0,,,0.01834500458944159,0.3994999688072502,0.0967228514089792,,0.0
2020-12-17,465,465,8192042.800000001,4771702.2,0.0,1596543.77172,3428295.5,0.0,1596543.8,0.0,7957.200000000001,1846966.1,0.0,1.0,0.0,155348.51465,0.0,0.0,0.0,112095.4,224190.8,0.0,566.0,0.0,0.0,0.0,0.0,,,0.018963342653678515,0.41849091657577764,0.09730301004064475,,0.0
2020-12-18,468,468,8191439.300000001,4611647.0,0.0,1639219.7212399999,3588350.7,0.0,1639219.7000000002,0.0,8560.7,1963741.9,0.0,1.0,0.0,160055.21002,0.0,0.0,0.0,116775.70000000001,233551.4,0.0,603.6,0.0,0.0,0.0,0.0,,,0.01953932687018751,0.4380610743218228,0.09764109591051348,,0.0
2020-12-19,471,471,8190797.1,4447331.5,0.0,1681544.9078600002,3752666.2,0.0,1681544.9,0.0,9202.9,2085090.0,0.0,1.0,0.0,164315.50949,0.0,0.0,0.0,121348.2,242696.40000000002,0.0,642.1,0.0,0.0,0.0,0.0,,,0.020060991315485034,0.4581564106868183,0.09771699151295005,,0.0
2020-12-20,474,474,8190115.7,4279301.3,0.0,1723121.11694,3920696.4,0.0,1723121.1,0.0,9884.3,2210862.5,0.0,0.8999999999999999,0.0,168030.14598,0.0,0.0,0.0,125772.40000000001,251544.80000000002,0.0,681.6,0.0,0.0,0.0,0.0,,,0.020516211508465016,0.47871074641839306,0.09751499434839257,,0.0
2020-12-21,477,477,8189393.699999999,4108171.9000000004,0.0,1763525.8712499999,4091825.8,0.0,1763525.9,0.0,10606.3,2340865.3,0.0,0.8,0.0,171129.45312000002,0.0,0.0,0.0,130002.79999999999,260005.59999999998,0.0,722.0,0.0,0.0,0.0,0.0,,,0.020896474072311363,0.49964941849113936,0.09703824361743116,,0.0
2020-12-22,480,480,8188630.3,3934626.7,0.0,1802318.62179,4265371.0,0.0,1802318.5999999999,0.0,11369.7,2474854.4,0.0,0.8,0.0,173545.26278,0.0,0.0,0.0,133989.1,267978.30000000005,0.0,763.4,0.0,0.0,0.0,0.0,,,0.021193442177991597,0.52088943373106,0.09629000149132393,,0.0
2020-12-23,483,483,8187824.6,3764615.0,0.0,1833844.64515,4435382.7,0.0,1833844.6,0.0,12175.400000000001,2612534.3,0.0,0.8,0.0,170011.69416,0.0,0.0,0.0,137679.9,275359.9,0.0,805.8,0.0,0.0,0.0,0.0,,,0.020763963868986643,0.5417046549824724,0.0927077954011169,,0.0
2020-12-24,486,486,8186975.800000001,3598700.6,0.0,1857337.6318700002,4601297.1,0.0,1857337.6,0.0,13024.2,2754106.9,0.0,0.8,0.0,165914.30389,0.0,0.0,0.0,141572.6,283145.1,0.0,848.7,0.0,0.0,0.0,0.0,,,0.020265639955843035,0.5620264689190848,0.08932910260529991,,0.0
2020-12-25,489,489,8186083.6,3437440.1,0.0,1872083.95212,4762557.6,0.0,1872083.9,0.0,13916.400000000001,2899729.0,0.0,0.7,0.0,161260.5704,0.0,0.0,0.0,145622.1,291244.0,0.0,892.2,0.0,0.0,0.0,0.0,,,0.01969935542803399,0.5817870709260775,0.08613960405855947,,0.0
2020-12-26,492,492,8185147.7,3281368.6,0.0,1877442.50588,4918629.1,0.0,1877442.5,0.0,14852.3,3049505.9,0.0,0.6,0.0,156071.46021,0.0,0.0,0.0,149777.0,299553.9,0.0,935.9,0.0,0.0,0.0,0.0,,,0.019067641285202462,0.6009212393320648,0.08312982140395599,,0.0
2020-12-27,495,495,8184168.199999999,3131151.8,0.0,1872699.20123,5068845.9,0.0,1872699.2,0.0,15831.8,3203486.4000000004,0.0,0.6,0.0,150216.78352,0.0,0.0,0.0,153980.5,307961.0,0.0,979.6,0.0,0.0,0.0,0.0,,,0.01835455721938853,0.6193477181957234,0.08021404794818981,,0.0
2020-12-28,498,498,8183145.1,2987366.8,0.0,1857250.62723,5212630.9,0.0,1857250.7000000002,0.0,16854.9,3361697.0,0.0,0.6,0.0,143784.97078,0.0,0.0,0.0,158210.6,316421.19999999995,0.0,1022.9000000000001,0.0,0.0,0.0,0.0,,,0.017570869026873298,0.636996024914675,0.07741818399299634,,0.0
2020-12-29,501,501,8182079.5,2850493.6999999997,0.0,1830618.5811299998,5349504.0,0.0,1830618.5,0.0,17920.5,3524136.6,0.0,0.6,0.0,136873.212,0.0,0.0,0.0,162439.6,324879.2,0.0,1065.7,0.0,0.0,0.0,0.0,,,0.016728413846382205,0.6538073847852492,0.07476883137256873,,0.0
2020-12-30,504,504,8180972.1,2720909.6,0.0,1792461.3362699999,5479088.1,0.0,1792461.4,0.0,19027.9,3690770.4,0.0,0.5,0.0,129583.98392,0.0,0.0,0.0,166633.8,333267.69999999995,0.0,1107.4,0.0,0.0,0.0,0.0,,,0.015839680460467527,0.6697355806897325,0.07229387953753924,,0.0
2020-12-31,507,507,8179824.300000001,2598894.9,0.0,1742574.4932400002,5601102.800000001,0.0,1742574.5,0.0,20175.7,3861524.3,0.0,0.5,0.0,122014.78245,0.0,0.0,0.0,170753.9,341507.8,0.0,1147.8,0.0,0.0,0.0,0.0,,,0.014916552969236758,0.6847461014535484,0.07001983727142459,,0.0
2021-01-01,510,510,8178638.0,2484634.3,0.0,1680890.90934,5715363.4,0.0,1680890.9,0.0,21362.0,4036282.1,0.0,0.5,0.0,114260.58335,0.0,0.0,0.0,174757.8,349515.6,0.0,1186.4,0.0,0.0,0.0,0.0,,,0.01397061263134522,0.6988160375847422,0.06797620399700079,,0.0
2021-01-02,513,513,8177415.2,2378224.2,0.0,1607476.2867299998,5821773.5,0.0,1607476.2,0.0,22584.8,4214884.199999999,0.0,0.5,0.0,106410.11693,0.0,0.0,0.0,178602.0,357204.0,0.0,1222.7,0.0,0.0,0.0,0.0,,,0.013012683632598233,0.7119332157672512,0.06619700570915682,,0.0
2021-01-03,516,516,8176158.8,2279681.3,0.0,1523036.67046,5920316.4,0.0,1523036.6,0.0,23841.2,4396610.2,0.0,0.4,0.0,98542.89725,0.0,0.0,0.0,181726.09999999998,363452.19999999995,0.0,1256.4,0.0,0.0,0.0,0.0,,,0.012052468605428749,0.7240950848459549,0.06470159199793743,,0.0
2021-01-04,519,519,8174866.9,2188954.0,0.0,1428417.82405,6011043.7,0.0,1428417.8,0.0,25133.1,4580664.300000001,0.0,0.4,0.0,90727.24355999999,0.0,0.0,0.0,184054.1,368108.3,0.0,1291.9,0.0,0.0,0.0,0.0,,,0.011098314464300329,0.7353078372444204,0.0635158999225875,,0.0
2021-01-05,522,522,8173538.0,2105935.0,0.0,1324592.5649700002,6094062.7,0.0,1324592.5,0.0,26462.0,4766179.800000001,0.0,0.4,0.0,83019.08166,0.0,0.0,0.0,185515.4,371030.9,0.0,1328.9,0.0,0.0,0.0,0.0,,,0.010157055813528975,0.7455844335708722,0.062675183188787,,0.0
2021-01-06,525,525,8172171.1,2030473.3,0.0,1212640.92578,6169524.4,0.0,1212640.9,0.0,27828.9,4952226.300000001,0.0,0.3,0.0,75461.62789,0.0,0.0,0.0,186046.5,372093.0,0.0,1366.9,0.0,0.0,0.0,0.0,,,0.009233975520899215,0.7549431264355198,0.062229161399497766,,0.0
2021-01-07,528,528,8170766.0,1962364.4,0.0,1093768.24003,6237633.300000001,0.0,1093768.2,0.0,29234.0,5137802.6,0.0,0.3,0.0,68108.90023,0.0,0.0,0.0,185576.4,371152.8,0.0,1405.1,0.0,0.0,0.0,0.0,,,0.008335681162573987,0.7634086326789925,0.062269956044922185,,0.0
2021-01-08,531,531,8169322.199999999,1901363.9000000001,0.0,969279.49123,6298633.800000001,0.0,969279.5,0.0,30677.800000000003,5321848.100000001,0.0,0.3,0.0,61000.552749999995,0.0,0.0,0.0,184045.5,368091.1,0.0,1443.8000000000002,0.0,0.0,0.0,0.0,,,0.007467027405284615,0.7710105741697887,0.06293391462620475,,0.0
2021-01-09,534,534,8167839.800000001,1832148.0,0.0,855606.53895,6352797.7,0.0,855606.5,0.0,32160.199999999997,5503254.6,0.0,0.3,0.0,54163.9012,0.0,0.0,0.0,181406.40000000002,362812.8,0.0,1482.4,0.0,0.0,0.0,0.0,,,0.006631361844290824,0.7777818683466343,0.06330468355988714,,0.0
2021-01-10,537,537,8166319.199999999,1746208.0,0.0,768309.33111,6400413.6,0.0,768309.3,0.0,33680.8,5680879.800000001,0.0,0.3,0.0,47615.84602,0.0,0.0,0.0,177625.2,355250.3,0.0,1520.6,0.0,0.0,0.0,0.0,,,0.005830759838532885,0.7837574607664124,0.06197483759725777,,0.0
2021-01-11,540,540,8164760.9,1708145.1,0.0,676154.4959,6438476.5,0.0,676154.5,0.0,35239.1,5853561.300000001,0.0,0.3,0.0,38062.93519,0.0,0.0,0.0,172681.6,345363.2,0.0,1558.2,0.0,0.0,0.0,0.0,,,0.004661855461070513,0.7885688973451751,0.05629325164707523,,0.0
2021-01-12,543,543,8163166.2,1675371.8,0.0,580167.00921,6471249.800000001,0.0,580167.0,0.0,36833.8,6020130.4,0.0,0.3,0.0,32773.32409,0.0,0.0,0.0,166569.1,333138.1,0.0,1594.8000000000002,0.0,0.0,0.0,0.0,,,0.004014780942473032,0.7927377247323472,0.056489465222482535,,0.0
2021-01-13,546,546,8161536.3,1647199.6,0.0,481932.0807,6499422.0,0.0,481932.1,0.0,38463.7,6179424.4,0.0,0.3,0.0,28172.17458,0.0,0.0,0.0,159294.0,318587.9,0.0,1629.9,0.0,0.0,0.0,0.0,,,0.003451822493272498,0.7963478640657397,0.05845673219985747,,0.0
2021-01-14,549,549,8159878.0,1622510.7,0.0,383470.35938,6524110.9,0.0,383470.4,0.0,40122.0,6330350.7,0.0,0.3,0.0,24688.91068,0.0,0.0,0.0,150926.30000000002,301852.8,0.0,1658.4,0.0,0.0,0.0,0.0,,,0.0030256470354091077,0.7995353484451606,0.06438283970609192,,0.0
2021-01-15,552,552,8158198.3,1601250.4,0.0,285730.89931,6545371.2,0.0,285730.9,0.0,41801.7,6471900.800000001,0.0,0.3,0.0,21260.27167,0.0,0.0,0.0,141550.1,283100.1,0.0,1679.7,0.0,0.0,0.0,0.0,,,0.0026060008457994945,0.8023059699345627,0.07440662427949014,,0.0
2021-01-16,555,555,8156505.399999999,1583352.1,0.0,189654.82075,6563269.5,0.0,189654.8,0.0,43494.6,6603162.2,0.0,0.3,0.0,17898.37012,0.0,0.0,0.0,131261.4,262522.8,0.0,1693.0,0.0,0.0,0.0,0.0,,,0.002194367470166819,0.8046668491140827,0.09437339925882163,,0.0
