dates,days,day1,population,susceptibles,isolated,infected,importedinfections,accumulatedinfected,tested_mit,infectednotisolated,confirmed,deaths,recovered,beta,susceptibleprop,newtested_mit,newimportedinfections,newinfected,newisolated,newisolatedinfected,newconfirmed,newrecovered,requireddxtests,actualdxtests,newdeaths,truepositives,falsepositives,truenegatives,falsenegatives,ppv,npv,incidence,prevalence,actualdeaths,reff,positive rate,detection rate
2020-01-19,0,0,8654999.0,8654996.0,0.0,3.0,0.0,0.0,0.0,3.0,0.0,0.0,0.0,0.0,3.0,0.0,0.0,3.0,0.0,0.0,0.0,0.0,0.0,0.0,0.0,0.0,0.0,0.0,0.0,,,3.4662049065516934e-07,0.0,0.0,1.0,,0.0
2020-01-20,3,3,8654999.0,8654992.0,0.0,7.0,0.0,4.0,0.0,7.0,0.0,0.0,0.0,0.0,3.0,0.0,4.0,4.0,0.0,0.0,0.0,0.0,0.0,0.0,0.0,0.0,0.0,0.0,0.0,,,4.6216065420689245e-07,4.6216065420689245e-07,0.0,0.5714285714285714,,0.0
2020-01-21,6,6,8654999.0,8654988.0,0.0,11.0,0.0,8.0,0.0,11.0,0.0,0.0,0.0,0.0,3.0,0.0,4.0,4.0,0.0,0.0,0.0,0.0,0.0,0.0,0.0,0.0,0.0,0.0,0.0,,,4.6216065420689245e-07,9.243213084137849e-07,0.0,0.36363636363636365,,0.0
2020-01-22,9,9,8654999.0,8654984.0,0.0,15.0,0.0,12.0,0.0,15.0,0.0,0.0,0.0,0.0,3.0,0.0,4.0,4.0,0.0,0.0,0.0,0.0,0.0,0.0,0.0,0.0,0.0,0.0,0.0,,,4.6216065420689245e-07,1.3864819626206773e-06,0.0,0.26666666666666666,,0.0
2020-01-23,12,12,8654999.0,8654979.1,0.0,19.900000000000002,0.0,16.900000000000002,0.0,19.900000000000002,0.0,0.0,0.0,0.0,3.0,0.0,4.0,4.855,0.0,0.0,0.0,0.0,0.0,0.0,0.0,0.0,0.0,0.0,0.0,,,5.609474940436158e-07,1.952628764024121e-06,0.0,0.24396984924623116,,0.0
2020-01-24,15,15,8654999.0,8654973.2,0.0,25.799999999999997,0.0,22.8,0.0,25.799999999999997,0.0,0.0,0.0,0.0,3.0,0.0,4.0,5.999,0.0,0.0,0.0,0.0,0.0,0.0,0.0,0.0,0.0,0.0,0.0,,,6.931254411467869e-07,2.634315728979287e-06,0.0,0.23251937984496127,,0.0
2020-01-25,18,18,8654999.0,8654966.0,0.0,33.0,0.0,30.0,0.0,33.0,0.0,0.0,0.0,0.0,3.0,0.0,4.0,7.143,0.0,0.0,0.0,0.0,0.0,0.0,0.0,0.0,0.0,0.0,0.0,,,8.253033882499582e-07,3.4662049065516935e-06,0.0,0.21645454545454546,,0.0
2020-01-26,21,21,8654999.0,8654957.7,0.0,41.3,0.0,38.3,0.0,41.3,0.0,0.0,0.0,0.0,3.0,0.0,4.0,8.286999999999999,0.0,0.0,0.0,0.0,0.0,0.0,0.0,0.0,0.0,0.0,0.0,,,9.574813353531294e-07,4.425188264030995e-06,0.0,0.20065375302663438,,0.0
2020-01-27,24,24,8654999.0,8654948.0,0.0,51.0,0.0,48.0,0.0,51.0,0.0,0.0,0.0,0.0,3.0,0.0,4.0,9.676,0.0,0.0,0.0,0.0,0.0,0.0,0.0,0.0,0.0,0.0,0.0,,,1.1179666225264729e-06,5.545927850482709e-06,0.0,0.18972549019607843,,0.0
2020-01-28,27,27,8654999.0,8654936.7,0.0,62.3,0.0,59.3,0.0,62.3,0.0,0.0,0.0,0.0,3.0,0.0,4.0,11.391,0.0,0.0,0.0,0.0,0.0,0.0,0.0,0.0,0.0,0.0,0.0,,,1.316118003017678e-06,6.85153169861718e-06,0.0,0.18284109149277689,,0.0
2020-01-29,30,30,8654999.0,8654923.2,0.0,72.8,0.0,72.8,0.0,72.8,0.0,0.0,3.0,0.0,3.0,0.0,4.0,13.434,0.0,0.0,0.0,2.9699999999999998,0.0,0.0,0.0,0.0,0.0,0.0,0.0,,,1.5521665571538481e-06,8.411323906565443e-06,0.0,0.18453296703296704,,0.0
2020-01-30,33,33,8654999.0,8654907.4,0.0,84.60000000000001,0.0,88.6,0.0,84.60000000000001,0.0,0.0,6.9,0.0,3.0,0.0,4.0,15.805,0.0,0.0,0.0,3.96,0.0,0.0,0.0,0.0,0.0,0.0,0.0,,,1.8261122849349838e-06,1.0236858490682668e-05,0.0,0.18682033096926712,,0.0
2020-01-31,36,36,8654999.0,8654888.799999999,0.0,99.30000000000001,0.0,107.2,0.0,99.30000000000001,0.0,0.0,10.9,0.0,3.0,0.0,4.0,18.572,0.0,0.0,0.0,3.96,0.0,0.0,0.0,0.0,0.0,0.0,0.0,,,2.1458119174826015e-06,1.2385905532744718e-05,0.0,0.1870292044310171,,0.0
2020-02-01,39,39,8654999.0,8654867.0,0.0,117.2,0.0,129.0,0.0,117.2,0.0,0.0,14.8,0.0,3.0,0.0,4.0,21.831,0.0,0.0,0.0,3.96,0.0,0.0,0.0,0.0,0.0,0.0,0.0,,,2.522357310497667e-06,1.4904681098172282e-05,0.0,0.18627133105802046,,0.0
2020-02-02,42,42,8654999.0,8654842.2,0.0,137.2,0.0,153.8,0.0,137.2,0.0,0.0,19.7,0.0,3.0,0.0,4.0,24.826,0.0,0.0,0.0,4.806,0.0,0.0,0.0,0.0,0.0,0.0,0.0,,,2.868400100335078e-06,1.7770077154255015e-05,0.0,0.18094752186588922,,0.0
2020-02-03,45,45,8654999.0,8654813.9,0.0,159.4,0.0,182.1,0.0,159.4,0.0,0.0,25.5,0.0,3.0,0.0,4.0,28.215000000000003,0.0,0.0,0.0,5.939,0.0,0.0,0.0,0.0,0.0,0.0,0.0,,,3.259965714611868e-06,2.1039863782768778e-05,0.0,0.17700752823086577,,0.0
2020-02-04,48,48,8654999.0,8654781.6,0.0,184.7,0.0,214.4,0.0,184.7,0.0,0.0,32.7,0.0,3.0,0.0,4.0,32.395,0.0,0.0,0.0,7.071,0.0,0.0,0.0,0.0,0.0,0.0,0.0,,,3.7429235982580706e-06,2.4771811065489435e-05,0.0,0.17539252842447214,,0.0
2020-02-05,51,51,8654999.0,8654744.0,0.0,214.0,0.0,252.0,0.0,214.0,0.0,0.0,40.9,0.0,3.0,0.0,4.0,37.506,0.0,0.0,0.0,8.205,0.0,0.0,0.0,0.0,0.0,0.0,0.0,,,4.3334493741709275e-06,2.9116121215034226e-05,0.0,0.17526168224299066,,0.0
2020-02-06,54,54,8654999.0,8654700.9,0.0,247.70000000000002,0.0,295.1,0.0,247.70000000000002,0.0,0.0,50.5,0.0,3.0,0.0,4.0,43.233000000000004,0.0,0.0,0.0,9.58,0.0,0.0,0.0,0.0,0.0,0.0,0.0,,,4.9951478908316454e-06,3.409590226411349e-05,0.0,0.17453774727492935,,0.0
2020-02-07,57,57,8654999.0,8654651.2,0.0,286.0,0.0,344.8,0.0,286.0,0.0,0.0,61.800000000000004,0.0,3.0,0.0,4.0,49.605000000000004,0.0,0.0,0.0,11.278,0.0,0.0,0.0,0.0,0.0,0.0,0.0,,,5.731369812983226e-06,3.983824839263413e-05,0.0,0.17344405594405596,,0.0
2020-02-08,60,60,8654999.0,8654594.4,0.0,329.5,0.0,401.59999999999997,0.0,329.5,0.0,0.0,75.0,0.0,3.0,0.0,4.0,56.848,0.0,0.0,0.0,13.300999999999998,0.0,0.0,0.0,0.0,0.0,0.0,0.0,,,6.568227217588356e-06,4.6400929682371996e-05,0.0,0.17252807283763277,,0.0
2020-02-09,63,63,8654999.0,8654529.1,0.0,379.20000000000005,0.0,466.9,0.0,379.20000000000005,0.0,0.0,90.69999999999999,0.0,3.0,0.0,4.0,65.23,0.0,0.0,0.0,15.648,0.0,0.0,0.0,0.0,0.0,0.0,0.0,,,7.536684868478899e-06,5.394570236229952e-05,0.0,0.1720200421940928,,0.0
2020-02-10,66,66,8654999.0,8654454.3,0.0,435.70000000000005,0.0,541.7,0.0,435.70000000000005,0.0,0.0,109.1,0.0,3.0,0.0,4.0,74.855,0.0,0.0,0.0,18.387999999999998,0.0,0.0,0.0,0.0,0.0,0.0,0.0,,,8.648758942664234e-06,6.258810659596841e-05,0.0,0.17180399357355977,,0.0
2020-02-11,69,69,8654999.0,8654368.5,0.0,499.9,0.0,627.5,0.0,499.9,0.0,0.0,130.7,0.0,3.0,0.0,4.0,85.819,0.0,0.0,0.0,21.614,0.0,0.0,0.0,0.0,0.0,0.0,0.0,,,9.915541295845326e-06,7.250145262870626e-05,0.0,0.1716723344668934,,0.0
2020-02-12,72,72,8654999.0,8654270.1,0.0,573.6,0.0,725.9,0.0,573.6,0.0,0.0,155.3,0.0,3.0,0.0,4.0,98.274,0.0,0.0,0.0,24.580000000000002,0.0,0.0,0.0,0.0,0.0,0.0,0.0,,,1.1354594032882037e-05,8.38706047221958e-05,0.0,0.17132845188284518,,0.0
2020-02-13,75,75,8654999.0,8654157.7,0.0,658.0,0.0,838.3,0.0,658.0,0.0,0.0,183.2,0.0,3.0,0.0,4.0,112.455,0.0,0.0,0.0,27.935000000000002,0.0,0.0,0.0,0.0,0.0,0.0,0.0,,,1.2993069092209023e-05,9.685731910540948e-05,0.0,0.17090425531914893,,0.0
2020-02-14,78,78,8654999.0,8654029.2,0.0,754.5,0.0,966.8,0.0,754.5,0.0,0.0,215.3,0.0,3.0,0.0,4.0,128.606,0.0,0.0,0.0,32.074,0.0,0.0,0.0,0.0,0.0,0.0,0.0,,,1.4859158273732902e-05,0.0001117042301218059,0.0,0.1704519549370444,,0.0
2020-02-15,81,81,8654999.0,8653882.2,0.0,864.4,0.0,1113.8,0.0,864.4,0.0,0.0,252.39999999999998,0.0,3.0,0.0,4.0,146.971,0.0,0.0,0.0,37.134,0.0,0.0,0.0,0.0,0.0,0.0,0.0,,,1.6981053377360297e-05,0.0001286886341639092,0.0,0.17002660805182787,,0.0
2020-02-16,84,84,8654998.9,8653714.2,0.0,989.5,0.0,1281.8,0.0,989.5,0.0,0.1,295.3,0.0,3.0,0.0,4.0,168.047,0.0,0.0,0.0,42.804,0.0,0.0,0.0,0.0,0.0,0.0,0.0,,,1.9416178088711253e-05,0.00014809938335174136,0.0,0.16983021728145528,,0.0
2020-02-17,87,87,8654998.9,8653521.9,0.0,1132.6,0.0,1474.1,0.0,1132.6,0.0,0.1,344.2,0.0,3.0,0.0,4.0,192.221,0.0,0.0,0.0,49.113,0.0,0.0,0.0,0.0,0.0,0.0,0.0,,,2.220924603468176e-05,0.00017031775705944916,0.0,0.16971658131732298,,0.0
2020-02-18,90,90,8654998.8,8653302.1,0.0,1296.1,0.0,1693.9,0.0,1296.1,0.0,0.2,400.6,0.0,3.0,0.0,4.0,219.82,0.0,0.0,0.0,56.284,0.0,0.0,0.0,0.0,0.0,0.0,0.0,,,2.5398039338838495e-05,0.00019571348756281746,0.0,0.16960111102538386,,0.0
2020-02-19,93,93,8654998.7,8653050.9,0.0,1482.7,0.0,1945.1,0.0,1482.7,0.0,0.30000000000000004,465.2,0.0,3.0,0.0,4.0,251.22,0.0,0.0,0.0,64.583,0.0,0.0,0.0,0.0,0.0,0.0,0.0,,,2.902600089356455e-05,0.0002247371799143078,0.0,0.16943414041950494,,0.0
2020-02-20,96,96,8654998.7,8652763.899999999,0.0,1695.6,0.0,2232.1000000000004,0.0,1695.6,0.0,0.30000000000000004,539.3,0.0,3.0,0.0,4.0,287.025,0.0,0.0,0.0,74.113,0.0,0.0,0.0,0.0,0.0,0.0,0.0,,,3.316291659292797e-05,0.0002578972080030469,0.0,0.16927636234961074,,0.0
2020-02-21,99,99,8654998.6,8652435.9,0.0,1938.3,0.0,2560.1,0.0,1938.3,0.0,0.4,624.4,0.0,3.0,0.0,4.0,327.937,0.0,0.0,0.0,84.967,0.0,0.0,0.1,0.0,0.0,0.0,0.0,,,3.788989636578335e-05,0.00029579438637921903,0.0,0.16918794820203273,,0.0
2020-02-22,102,102,8654998.6,8652061.3,0.0,2215.7,0.0,2934.7,0.0,2215.7,0.0,0.4,721.5,0.0,3.0,0.0,4.0,374.686,0.0,0.0,0.0,97.299,0.0,0.0,0.1,0.0,0.0,0.0,0.0,,,4.329128372129373e-05,0.0003390757336459881,0.0,0.16910502324321885,,0.0
2020-02-23,105,105,8654998.399999999,8651633.2,0.0,2532.3,0.0,3362.8,0.0,2532.3,0.0,0.6000000000000001,832.9000000000001,0.0,3.0,0.0,4.0,428.036,0.0,0.0,0.0,111.34,0.0,0.0,0.1,0.0,0.0,0.0,0.0,,,4.94553528744731e-05,0.0003885384889268149,0.0,0.16903052560913004,,0.0
2020-02-24,108,108,8654998.3,8651144.2,0.0,2893.7,0.0,3851.8,0.0,2893.7,0.0,0.7,960.2,0.0,3.0,0.0,4.0,488.89,0.0,0.0,0.0,127.331,0.0,0.0,0.1,0.0,0.0,0.0,0.0,,,5.648643512731827e-05,0.0004450376379623321,0.0,0.16894978746932993,,0.0
2020-02-25,111,111,8654998.100000001,8650585.9,0.0,3306.3,0.0,4410.1,0.0,3306.3,0.0,0.8999999999999999,1105.7,0.0,3.0,0.0,4.0,558.331,0.0,0.0,0.0,145.512,0.0,0.0,0.1,0.0,0.0,0.0,0.0,,,6.450966176410829e-05,0.0005095437282649431,0.0,0.16886882618032242,,0.0
2020-02-26,114,114,8654997.9,8649948.299999999,0.0,3777.4,0.0,5047.7,0.0,3777.4,0.0,1.1,1272.2,0.0,3.0,0.0,4.0,637.601,0.0,0.0,0.0,166.38,0.0,0.0,0.2,0.0,0.0,0.0,0.0,,,7.366853318358402e-05,0.0005832121576829036,0.0,0.1687936146555832,,0.0
2020-02-27,117,117,8654997.7,8649220.3,0.0,4314.9,0.0,5775.7,0.0,4314.9,0.0,1.3,1462.3999999999999,0.0,3.0,0.0,4.0,728.095,0.0,0.0,0.0,190.313,0.0,0.0,0.30000000000000004,0.0,0.0,0.0,0.0,,,8.412422801683703e-05,0.0006673254228594423,0.0,0.16873971586827044,,0.0
2020-02-28,120,120,8654997.4,8648388.9,0.0,4928.5,0.0,6607.1,0.0,4928.5,0.0,1.6,1680.1,0.0,3.0,0.0,4.0,831.3960000000001,0.0,0.0,0.0,217.64000000000001,0.0,0.0,0.30000000000000004,0.0,0.0,0.0,0.0,,,9.605964757424422e-05,0.0007633855557252969,0.0,0.16869148828243888,,0.0
2020-02-29,123,123,8654997.2,8647439.5,0.0,5628.8,0.0,7556.5,0.0,5628.8,0.0,1.8,1928.8,0.0,3.0,0.0,4.0,949.327,0.0,0.0,0.0,248.72899999999998,0.0,0.0,0.30000000000000004,0.0,0.0,0.0,0.0,,,0.00010968541965559504,0.0008730794274549275,0.0,0.16865530841387152,,0.0
2020-03-01,126,126,8654996.9,8646355.6,0.0,6428.2,0.0,8640.4,0.0,6428.2,0.0,2.1,2213.0,0.0,3.0,0.0,4.0,1083.922,0.0,0.0,0.0,284.178,0.0,0.0,0.30000000000000004,0.0,0.0,0.0,0.0,,,0.00012523655554400024,0.000998313471377442,0.0,0.1686198313680346,,0.0
2020-03-02,129,129,8654996.5,8645118.1,0.0,7340.6,0.0,9877.9,0.0,7340.6,0.0,2.5,2537.7,0.0,3.0,0.0,4.0,1237.502,0.0,0.0,0.0,324.685,0.0,0.0,0.4,0.0,0.0,0.0,0.0,,,0.0001429812247757697,0.001141294511210952,0.0,0.16858322207993895,,0.0
2020-03-03,132,132,8654996.0,8643705.4,0.0,8382.0,0.0,11290.6,0.0,8382.0,0.0,3.0,2908.7,0.0,3.0,0.0,4.0,1412.748,0.0,0.0,0.0,370.97,0.0,0.0,0.4,0.0,0.0,0.0,0.0,,,0.0001632291915559522,0.0013045182227698314,0.0,0.16854545454545455,,0.0
2020-03-04,135,135,8654995.6,8642092.5,0.0,9570.5,0.0,12903.5,0.0,9570.5,0.0,3.4,3332.4,0.0,3.0,0.0,4.0,1612.75,0.0,0.0,0.0,423.789,0.0,0.0,0.4,0.0,0.0,0.0,0.0,,,0.00018633747196821222,0.001490873086059108,0.0,0.168512616895669,,0.0
2020-03-05,138,138,8654995.0,8640251.5,0.0,10926.9,0.0,14744.5,0.0,10926.9,0.0,4.0,3816.5,0.0,3.0,0.0,4.0,1841.0,0.0,0.0,0.0,484.04,0.0,0.0,0.6000000000000001,0.0,0.0,0.0,0.0,,,0.00021270953940470214,0.0017035827288172899,3.0,0.1684832843715967,,0.0
2020-03-06,141,141,8654994.3,8638150.2,0.0,12474.9,0.0,16845.8,0.0,12474.9,0.0,4.7,4369.3,0.0,3.0,0.0,4.0,2101.45,0.0,0.0,0.0,552.792,0.0,0.0,0.7,0.0,0.0,0.0,0.0,,,0.00024280200854667226,0.0019463675441126515,3.0,0.16845425614634185,,0.0
2020-03-07,144,144,8654993.5,8635751.6,0.0,14241.5,0.0,19244.4,0.0,14241.5,0.0,5.5,5000.5,0.0,3.0,0.0,4.0,2398.603,0.0,0.0,0.0,631.2760000000001,0.0,0.0,0.7,0.0,0.0,0.0,0.0,,,0.0002771351590269825,0.0022235025364259376,3.0,0.16842348067268195,,0.0
2020-03-08,147,147,8654992.7,8633013.9,23.2,16257.3,0.0,21982.1,264.3,16249.2,23.2,6.300000000000001,5721.5,0.0,3.0,264.3,4.0,2737.619,23.2,8.2,23.2,720.872,0.0,0.0,0.8,8.2,15.0,242.9,0.4,0.35344827586206895,0.9983559391697493,0.00031630517724180176,0.002539817277951026,6.0,0.16839321412534677,0.08777903897086643,0.008474517454766349
2020-03-09,150,150,8654991.8,8629889.6,23.2,18557.7,0.0,25106.4,264.3,18549.4,23.2,7.2,6544.6,0.0,3.0,0.0,4.0,3124.381,0.0,0.0,0.0,823.149,0.0,0.0,1.0,0.0,0.0,0.0,0.0,,,0.00036099179204306114,0.0029007999753390868,6.0,0.16836035715632863,,0.0
2020-03-10,153,153,8654990.7,8626324.0,23.2,21182.1,0.0,28672.0,264.3,21174.0,23.2,8.3,7484.5,0.0,3.0,0.0,4.0,3565.577,0.0,0.0,0.0,939.91,0.0,0.0,1.1,0.0,0.0,0.0,0.0,,,0.0004119677448064734,0.003312770746247018,9.0,0.16832972179340105,,0.0
2020-03-11,156,156,8654989.4,8622255.1,69.4,24176.5,0.0,32740.9,714.3,24148.0,69.4,9.6,8557.6,0.0,3.0,450.0,4.0,4068.808,46.199999999999996,20.4,46.199999999999996,1073.17,0.0,0.0,1.3,20.4,25.900000000000002,407.1,1.0,0.4406047516198704,0.9975496201911296,0.00047011126322118893,0.003782893136761092,12.0,0.16829598990755484,0.10266666666666666,0.011354676848846147
2020-03-12,159,159,8654988.0,8617614.8,118.5,27590.199999999997,0.0,37381.2,1164.3,27538.6,118.5,11.0,9782.9,0.0,3.0,450.0,4.0,4640.396,49.2,23.1,49.2,1225.2269999999999,0.0,0.0,1.4,23.1,26.0,404.40000000000003,1.3,0.4704684317718941,0.9967956618190781,0.0005361527942037586,0.0043190354510023584,12.0,0.16819000949612545,0.10933333333333334,0.010602543403623313
2020-03-13,162,162,8654986.299999999,8612319.9,170.8,31484.7,0.0,42676.1,1614.3,31406.8,170.8,12.700000000000001,11181.6,0.0,3.0,450.0,4.0,5294.813,52.3,26.200000000000003,52.3,1398.7330000000002,0.0,0.0,1.7,26.200000000000003,26.1,401.29999999999995,1.3,0.5009560229445507,0.9967709885742673,0.0006117644576745316,0.004930810809024621,33.0,0.1681709846369824,0.11622222222222221,0.009877591522117967
2020-03-14,165,165,8654984.3,8606279.1,223.5,35926.9,0.0,48716.899999999994,2064.3,35819.600000000006,223.5,14.7,12778.4,0.0,3.0,450.0,4.0,6040.91,52.6,29.4,52.6,1596.75,0.0,0.0,1.9,29.4,23.3,398.1,1.6,0.5578747628083491,0.9959969977483112,0.0006979689148598455,0.005628768153860197,39.0,0.16814448226816117,0.11688888888888889,0.00870729741048948
2020-03-15,168,168,8654982.2,8599901.399999999,279.9,40479.7,0.0,55094.600000000006,2514.3,40339.2,279.9,16.8,14601.1,0.0,3.0,450.0,4.0,6377.722,56.4,33.300000000000004,56.4,1822.737,0.0,0.0,2.1,33.300000000000004,23.1,394.3,1.7,0.5904255319148937,0.9957070707070708,0.0007368844733152658,0.0063656514510220495,42.0,0.15755358858884824,0.12533333333333332,0.008843282915122359
2020-03-16,171,171,8654979.6,8593211.5,340.6,45086.6,0.0,61784.5,2964.3,44908.3,340.6,19.4,16681.7,0.0,3.0,450.0,4.0,6689.867,60.7,37.6,60.7,2080.603,0.0,0.0,2.4,37.6,23.0,390.0,2.0,0.6204620462046204,0.9948979591836735,0.0007729500598707362,0.00713860723600088,42.0,0.14837816557469405,0.1348888888888889,0.009073424030701957
2020-03-17,174,174,8654976.8,8586247.0,405.49999999999994,49673.4,0.0,68749.0,3414.3,49453.3,405.49999999999994,22.2,19056.5,0.0,3.0,450.0,4.0,6964.519,64.9,41.900000000000006,64.9,2374.809,0.0,0.0,2.8,41.900000000000006,23.0,385.6,2.2,0.6456086286594761,0.9943269726663229,0.0008046837283261117,0.00794329107849255,81.0,0.14020620694375663,0.14422222222222222,0.009318662207684408
2020-03-18,177,177,8654973.6,8579062.0,382.6,54144.600000000006,0.0,75934.0,3414.3,53932.700000000004,405.49999999999994,25.4,21767.0,0.0,3.0,0.0,4.0,7184.947,0.0,0.0,0.0,2710.4610000000002,0.0,0.0,3.3,0.0,0.0,0.0,0.0,,,0.0008301523877554058,0.008773452526764496,84.0,0.13269923501143233,,0.0
2020-03-19,180,180,8654969.9,8571823.2,382.6,58286.2,0.0,83172.8,3414.3,58074.4,405.49999999999994,29.1,24860.4,0.0,3.0,0.0,4.0,7238.791,0.0,0.0,0.0,3093.386,0.0,0.0,3.7,0.0,0.0,0.0,0.0,,,0.000836373908128785,0.009609831225409576,123.0,0.124193908678212,,0.0
2020-03-20,183,183,8654965.600000001,8564712.5,382.6,61862.5,0.0,90283.5,3414.3,61650.7,405.49999999999994,33.400000000000006,28390.6,0.0,3.0,0.0,4.0,7110.723,0.0,0.0,0.0,3530.207,0.0,0.0,4.2,0.0,0.0,0.0,0.0,,,0.0008215772688917445,0.010431410611268054,162.0,0.11494399676702365,,0.0
2020-03-21,186,186,8654960.7,8557924.5,336.9,64617.3,0.0,97071.5,3414.3,64425.5,405.49999999999994,38.3,32419.0,0.0,3.0,0.0,4.0,6787.996,0.0,0.0,0.0,4028.444,0.0,0.0,4.8,0.0,0.0,0.0,0.0,,,0.000784289638657747,0.01121570661782439,225.0,0.10504920508903962,,0.0
2020-03-22,189,189,8654955.3,8551656.5,1498.7,66285.4,0.0,103339.5,9297.3,65203.4,1616.2000000000003,43.7,37013.3,0.0,3.0,5882.9,4.0,6268.039,1210.5,913.0,1210.5,4594.363,0.0,0.0,5.6,913.0,297.5,4675.700000000001,48.0,0.7542337876910368,0.989838474077524,0.0007242139078407487,0.011939923017280054,294.0,0.09456138154103318,0.20576586377466896,0.1931226018217181
2020-03-23,192,192,8654948.899999999,8546126.8,3079.3,66566.5,0.0,108869.20000000001,15202.9,64165.200000000004,3248.5,50.099999999999994,42255.6,0.0,3.0,5905.799999999999,4.0,5529.707,1632.4,1334.4,1632.4,5242.288,0.0,0.0,6.4,1334.4,297.9,4623.4,52.0,0.8174967836794707,0.9888779569662489,0.0006389069495257218,0.012578837987131273,360.0,0.08307041830350101,0.2764062447085916,0.2952055145055606
2020-03-24,195,195,8654941.6,8541548.7,5772.4,65156.299999999996,0.0,113447.3,23717.4,61101.7,5993.6,57.400000000000006,48236.7,0.0,3.0,8514.6,4.0,4578.018,2745.1,2317.1000000000004,2745.1,5980.983,0.0,0.0,7.2,2317.1000000000004,428.1,6526.6,82.1,0.8440550779542475,0.9875769818572487,0.0005289484564517454,0.013107806527544912,366.0,0.07026209284443716,0.3223991731848824,0.5996263011635166
2020-03-25,198,198,8654933.5,8536767.4,8610.1,63614.899999999994,0.0,118228.6,32264.3,57814.5,8887.3,65.5,54551.100000000006,0.0,3.0,8546.8,4.0,4781.259,2893.6,2465.0,2893.6,6314.453,0.0,0.0,8.3,2465.0,428.6,6452.3,87.8,0.8518800110588886,0.9865751288206602,0.0005524316275798075,0.013660255159672804,459.0,0.07515942019872704,0.33855946085084476,0.6051962464279805
2020-03-26,201,201,8654924.0,8531934.2,11569.8,61815.3,0.0,123061.79999999999,40839.1,54193.8,11907.1,75.0,61174.5,0.0,3.0,8574.8,4.0,4833.282999999999,3019.8,2590.5,3019.8,6623.5019999999995,0.0,0.0,9.5,2590.5,429.2,6389.700000000001,92.5,0.857866675497566,0.9857301533430008,0.0005584431475077077,0.01421870371132086,573.0,0.07818910528623171,0.3521714792181742,0.6247927133586013
2020-03-27,204,204,8654913.3,8527179.7,17294.0,59663.5,0.0,127816.3,57071.3,47885.0,17695.6,85.7,68070.09999999999,0.0,3.0,16232.300000000001,4.0,4754.437,5788.5,4978.0,5788.5,6895.429,0.0,0.0,10.7,4978.0,810.5,11917.5,184.4,0.859980996804008,0.9847627232087524,0.0005493338679660719,0.014768062436858841,693.0,0.07968753090247806,0.3566038084559797,1.217494311103502
2020-03-28,207,207,8654900.899999999,8522655.9,23064.199999999997,57061.3,0.0,132340.1,73870.4,40824.1,23465.8,98.10000000000001,75183.6,0.0,3.0,16799.0,4.0,4523.804,5770.2,4930.200000000001,5770.2,7113.671,0.0,0.0,12.3,4930.200000000001,840.0,12443.4,185.0,0.8544244566912759,0.9853504798707675,0.0005226869784262926,0.015290770111532997,792.0,0.07927972198320052,0.343484731234002,1.2755194522132258
2020-03-29,210,210,8654887.0,8518379.399999999,27202.5,54156.9,0.0,136616.59999999998,87001.4,34528.9,27604.1,112.0,82350.70000000001,0.0,3.0,13131.0,4.0,4276.527,4138.3,3479.2,4138.3,7166.98,0.0,0.0,14.0,3479.2,659.1,9968.0,131.89999999999998,0.8407317014232897,0.9869404647570769,0.0004941170231338664,0.01578490857246316,900.0,0.07896550578042687,0.3151549767725231,0.9676777441133892
2020-03-30,213,213,8654870.9,8514374.9,31220.8,51105.2,0.0,140621.1,100132.29999999999,28209.0,31622.4,128.1,89390.8,0.0,3.0,13131.0,4.0,4004.481,4018.3,3358.1,4018.3,7040.183,0.0,0.0,16.1,3358.1,660.2,10062.400000000001,126.9,0.8357016648831594,0.9875457587861777,0.0004626852377428299,0.016247625368969974,1077.0,0.07835760353153888,0.30601629731170515,1.0034508841470342
2020-03-31,216,216,8654852.8,8510846.299999999,34264.5,47894.899999999994,0.0,144149.69999999998,110691.70000000001,22579.0,34666.0,146.2,96111.40000000001,0.0,3.0,10559.6,4.0,3528.619,3043.6000000000004,2511.2,3043.6000000000004,6720.656999999999,0.0,0.0,18.2,2511.2,532.5,8244.0,94.1,0.8250484607550022,0.9887144553315503,0.0004077041032979787,0.016655361255826322,1299.0,0.07367421165927897,0.28823061479601503,0.8625470757823387
2020-04-01,219,219,8654831.9,8507849.4,36525.100000000006,44665.1,0.0,147146.6,122939.9,17226.8,38125.2,167.1,102317.40000000001,0.0,3.0,12248.2,4.0,2996.879,3459.2,2841.0,3459.2,6205.859,0.0,0.0,20.8,2841.0,618.1,9614.8,106.4,0.821311901939811,0.9890548491955726,0.00034626657509084606,0.01700167047727409,1464.0,0.06709665936044025,0.28242517267843437,1.1542674896116927
2020-04-02,222,222,8654808.0,8505325.2,38331.3,41690.8,0.0,149670.8,135927.6,10357.7,41547.6,191.0,107792.20000000001,0.0,3.0,12987.8,4.0,2524.352,3422.5,2764.8,3422.5,5474.849999999999,0.0,0.0,23.8,2764.8,657.6,10390.099999999999,102.5,0.8078541374474053,0.9902312105674476,0.0002916704795762078,0.017293370343975278,1608.0,0.060549377800378015,0.2635165308982276,1.3557934868037422
2020-04-03,225,225,8654780.9,8503274.5,36861.0,39181.6,0.0,151721.5,141838.8,9130.3,42795.200000000004,218.1,112324.79999999999,0.0,3.0,5911.2,4.0,2050.599,1247.6,945.5,1247.6,4532.603,0.0,0.0,27.2,945.5,302.0,4986.2,33.2,0.7579158316633267,0.9933856636251345,0.00023693251437480065,0.0175303686775017,1773.0,0.052335764746717854,0.21105697658681824,0.608407592123082
2020-04-04,228,228,8654750.0,8501644.8,35106.100000000006,36046.6,0.0,153351.2,147636.0,7611.0,43905.100000000006,249.0,117058.6,0.0,3.0,5797.2,4.0,1629.743,1110.0,812.8,1110.0,4733.827,0.0,0.0,31.0,812.8,297.2,4981.1,27.7,0.7322522522522522,0.9944697332694458,0.00018830619024235245,0.01771873248794015,1998.0,0.04521211431868748,0.19147174498033534,0.6810889815142633
2020-04-05,231,231,8654714.5,8500412.1,33104.4,32458.4,0.0,154583.9,153395.5,5897.7,44893.3,284.5,121844.0,0.0,3.0,5759.6,4.0,1232.662,988.1,691.9,988.1,4785.336,0.0,0.0,35.4,691.9,296.2,5040.200000000001,22.7,0.7002327699625545,0.9955164036421814,0.00014242665081557572,0.017861236208311666,2145.0,0.037976671678209645,0.17155705257309534,0.8015984917195468
2020-04-06,234,234,8654674.2,8499738.8,28325.9,28384.2,0.0,155257.2,159540.9,5341.5,45845.899999999994,324.8,126551.2,0.0,3.0,6145.1,4.0,673.334,952.7,635.8,952.7,4707.273,0.0,0.0,40.300000000000004,635.8,316.9,5457.5,20.0,0.6673664322451979,0.9963486992240986,7.780004012167205e-05,0.01793911548975466,2295.0,0.023722141191226103,0.15503409220354428,1.4148995892083276
2020-04-07,237,237,8654628.2,8499144.9,23517.0,24453.1,0.0,155851.1,166108.6,5093.9,46749.9,370.8,131030.20000000001,0.0,3.0,6567.700000000001,4.0,593.873,904.0999999999999,564.5,904.0999999999999,4478.928,0.0,0.0,46.0,564.5,339.6,5921.5,16.700000000000003,0.6243778343103639,0.9971876999764239,6.861912334951605e-05,0.018007833080570697,2463.0,0.02428620502104028,0.13765854104176498,1.5223793639380807
2020-04-08,240,240,8654575.6,8498649.3,19934.9,20662.0,0.0,156346.7,170987.7,4446.6,47265.2,423.4,135264.3,0.0,3.0,4879.1,4.0,495.629,515.3,261.5,515.3,4234.103,0.0,0.0,52.5,261.5,253.8,4539.700000000001,5.0,0.5074713758975354,0.9988998173696834,5.726785724767371e-05,0.018065207033375504,2685.0,0.023987464911431614,0.10561374023897849,1.0396889608961541
2020-04-09,243,243,8654515.7,8498264.3,16478.0,17022.300000000003,0.0,156731.7,176076.0,3832.9,47786.7,483.3,139229.1,0.0,3.0,5088.3,4.0,384.902,521.5,256.7,521.5,3964.7559999999994,0.0,0.0,60.0,256.7,264.8,4743.5,4.8,0.4922339405560882,0.9989891118926774,4.447412349139306e-05,0.01810981751411001,2844.0,0.02261163297556734,0.10249002613839592,1.35489033572182
2020-04-10,246,246,8654452.4,8497915.4,13961.599999999999,13814.400000000001,0.0,157080.6,181147.19999999998,3010.2,48283.8,546.6,142722.7,0.0,3.0,5071.1,4.0,348.959,497.0,233.0,497.0,3493.6139999999996,0.0,0.0,63.300000000000004,233.0,264.0,4741.9,4.0,0.4688128772635815,0.9991571672390905,4.032132639611028e-05,0.01815026448120507,3006.0,0.02526052524901552,0.09800634970716413,1.4242360850415092
2020-04-11,249,249,8654386.0,8497582.4,10988.099999999999,11113.8,0.0,157413.6,186011.8,2780.1,48735.0,613.0,145689.9,0.0,3.0,4864.700000000001,4.0,332.947,451.3,197.8,451.3,2967.149,0.0,0.0,66.30000000000001,197.8,253.39999999999998,4565.700000000001,2.9,0.4383865248226951,0.999365232237447,3.8471475619414246e-05,0.01818888133716245,3108.0,0.029957980168799154,0.09277036610685138,1.3554709908784282
2020-04-12,252,252,8654317.0,8497291.3,8036.8,8836.5,0.0,157704.7,190811.30000000002,4264.5,49172.2,682.0,148189.09999999998,0.0,3.0,4799.5,4.0,291.13,437.2,187.1,437.2,2499.31,0.0,0.0,69.1,187.1,250.1,4509.9,2.6,0.4279505946935041,0.9994238227146813,3.3639858581561086e-05,0.01822266274738954,3318.0,0.032946302268997904,0.09109282216897593,1.5017346202727304
2020-04-13,255,255,8654245.7,8497039.8,7221.9,6986.5,0.0,157956.2,195465.0,3191.6000000000004,49592.5,753.3,150219.4,0.0,3.0,4653.700000000001,4.0,251.488,420.2,177.7,420.2,2030.255,0.0,0.0,71.3,177.7,242.5,4376.0,2.4,0.42289386006663493,0.999451854558743,2.9059493885180546e-05,0.018251873759488942,3414.0,0.03599627853717884,0.09029374476223219,1.6708550706196716
2020-04-14,258,258,8654173.899999999,8496841.5,6515.1,5499.4,0.0,158154.5,199901.8,2363.6,49984.600000000006,825.0999999999999,151833.0,0.0,3.0,4436.9,4.0,198.363,392.09999999999997,160.8,392.09999999999997,1613.576,0.0,0.0,71.9,160.8,231.40000000000003,4178.5,1.9,0.4099949005609383,0.9995454980384653,2.2921078579204426e-05,0.018274938986377432,3522.0,0.03606993490198931,0.08837251233969663,1.9766791185856232
2020-04-15,261,261,8654103.3,8496658.0,5947.799999999999,4392.0,0.0,158338.0,204650.3,951.7,50395.8,895.6999999999999,153053.3,0.0,3.0,4748.2,4.0,183.498,411.2,163.6,411.2,1220.434,0.0,0.0,70.6,163.6,247.6,4475.6,1.9,0.3978599221789883,0.9995756560580682,2.120358327592415e-05,0.018296291887340884,3717.0,0.04178005464480874,0.08660123836401162,2.2408963585434174
2020-04-16,264,264,8654035.9,8496334.5,5340.5,3981.5,0.0,158661.5,208636.0,1879.8000000000002,50731.7,963.0999999999999,153720.0,0.0,3.0,3985.7,4.0,323.486,335.9,128.1,335.9,666.654,0.0,0.0,67.4,128.1,207.89999999999998,3764.3,1.2,0.38125,0.9996813172221485,3.737978484697527e-05,0.018333815786458662,3843.0,0.08124726861735526,0.08427628772862986,1.0383756947750444
2020-04-17,267,267,8653973.8,8496088.4,4763.9,3577.5,0.0,158907.6,212443.00000000003,1912.1,51050.100000000006,1025.2,154307.90000000002,0.0,3.0,3807.1,4.0,246.15800000000002,318.4,119.80000000000001,318.4,587.982,0.0,0.0,62.2,119.80000000000001,198.5,3597.2,1.0,0.37637448947533775,0.9997220832638541,2.844450488167644e-05,0.018362385150738497,3981.0,0.0688072676450035,0.08363321163090015,1.293478172555838
2020-04-18,270,270,8653919.0,8495901.9,4593.700000000001,3218.2999999999997,0.0,159094.1,216214.6,1664.8000000000002,51390.0,1080.0,154798.69999999998,0.0,3.0,3771.4,4.0,186.434,339.9,143.5,339.9,490.712,0.0,0.0,54.800000000000004,143.5,196.5,3538.8999999999996,2.3,0.42205882352941176,0.9993505026544673,2.1543303097706368e-05,0.018384052358243703,4104.0,0.057929341577851665,0.09012568277032401,1.8231653024662882
2020-04-19,273,273,8653873.5,8495836.4,4417.4,2857.3,0.0,159159.6,220137.7,749.2,51730.1,1125.5,155179.8,0.0,3.0,3923.3,4.0,65.445,339.9,135.5,339.9,381.08399999999995,0.0,0.0,45.4,135.5,204.40000000000003,3691.6,1.9000000000000001,0.3986466607825831,0.9994855827805604,7.562509435803515e-06,0.018391717882171494,4179.0,0.022904490253036078,0.08663625009558279,5.193674077469631
2020-04-20,276,276,8653826.1,8495683.7,4259.1,2617.1000000000004,0.0,159312.3,224115.3,0.0,52064.0,1172.8999999999999,155525.3,0.0,3.0,3977.3999999999996,4.0,152.691,333.9,126.5,333.9,345.497,0.0,0.0,47.5,126.5,207.39999999999998,3750.8,1.4,0.3788559448936808,0.9996268855604712,1.7644334221137168e-05,0.018409463994197895,4287.0,0.058343586412441244,0.0839493136219641,2.1867693577224587
2020-04-21,279,279,8653778.2,8495528.3,4131.799999999999,2394.9,0.0,159467.7,228194.3,0.0,52383.5,1220.8,155855.0,0.0,3.0,4079.1000000000004,4.0,155.433,319.6,106.69999999999999,319.6,329.64300000000003,0.0,0.0,47.900000000000006,106.69999999999999,212.89999999999998,3868.0,0.4,0.33385481852315396,0.9998965980767242,1.7961287706680535e-05,0.018427523367770163,4434.0,0.0649016660403357,0.07835061655757397,2.056191413663765
2020-04-22,282,282,8653731.0,8495392.5,4032.4000000000005,2195.3,0.0,159603.5,232238.99999999997,0.0,52716.899999999994,1268.0,156143.2,0.0,3.0,4044.7000000000003,4.0,135.77,333.4,122.4,333.4,288.24199999999996,0.0,0.0,47.2,122.4,211.0,3818.7,1.3,0.36712657468506305,0.9996596858638743,1.5689186548553452e-05,0.018443316530176408,4527.0,0.06184576139935316,0.08242885751724478,2.4556234808867936
2020-04-23,285,285,8653686.1,8495340.2,3956.6000000000004,1953.6999999999998,0.0,159655.8,236360.69999999998,0.0,53057.1,1312.9,156392.1,0.0,3.0,4121.7,4.0,52.364999999999995,340.2,125.3,340.2,248.993,0.0,0.0,44.9,125.3,215.0,3891.0,1.3,0.36820452541874815,0.9996660072450736,6.051178583886929e-06,0.018449455891403316,4647.0,0.026802989199979525,0.08253875827935075,6.496705814952736
2020-04-24,288,288,8653643.7,8495336.2,3909.0,1719.0,0.0,159659.8,240532.3,0.0,53397.8,1355.3,156588.6,0.0,3.0,4171.4,4.0,4.0,340.6,123.0,340.6,196.39600000000002,0.0,0.0,42.4,123.0,217.60000000000002,3941.1,1.2000000000000002,0.3611274221961245,0.9996956091621643,4.62233036010022e-07,0.01845000852068823,4767.0,0.002326934264107039,0.08165124418660404,85.15
2020-04-25,291,291,8653604.0,8495332.2,3822.8,1501.6,0.0,159663.8,244660.69999999998,0.0,53718.8,1395.0,156770.3,0.0,3.0,4128.6,4.0,4.0,321.0,105.4,321.0,181.678,0.0,0.0,39.7,105.4,215.5,3916.4,0.3,0.32845123091305706,0.9999234049071922,4.622351565890928e-07,0.0184505553986524,4797.0,0.002663825253063399,0.07775032698735648,80.25
2020-04-26,294,294,8653569.0,8495328.3,3796.5,1150.1999999999998,0.0,159667.7,248716.0,0.0,54025.0,1430.0,157090.5,0.0,3.0,4055.2999999999997,4.0,4.0,306.2,94.5,306.2,320.27700000000004,0.0,0.0,34.9,94.5,211.7,3852.6000000000004,0.0,0.3086218158066623,1.0,4.622370261333792e-07,0.01845108070438914,4830.0,0.003477656059815685,0.07550612778339458,76.55
2020-04-27,297,297,8653539.2,8495324.2,3788.3,880.8,0.0,159671.8,252781.59999999998,0.0,54332.1,1459.8,157334.2,0.0,3.0,4065.4,4.0,4.0,307.1,94.80000000000001,307.1,243.716,0.0,0.0,29.700000000000003,94.80000000000001,212.3,3862.1,0.0,0.3086942364050798,1.0,4.622386179287199e-07,0.018451618038547744,4995.0,0.004541326067211626,0.07553992227087127,76.775
2020-04-28,300,300,8653514.2,8495320.1,3764.1,675.1999999999999,0.0,159675.9,256916.7,0.0,54644.3,1484.8000000000002,157518.8,0.0,3.0,4135.1,4.0,4.0,312.3,96.30000000000001,312.3,184.584,0.0,0.0,25.0,96.30000000000001,216.0,3928.4,0.0,0.30835734870317005,1.0,4.6223995333595225e-07,0.018452145141219043,5097.0,0.0059241706161137445,0.07552417112040821,78.075
2020-04-29,303,303,8653493.799999999,8495316.100000001,3746.3,594.0,0.0,159679.90000000002,261138.7,0.0,54963.2,1505.2,157583.7,0.0,3.0,4222.0,4.0,4.0,318.8,98.4,318.8,64.796,0.0,0.0,20.4,98.4,220.4,4011.0,0.0,0.3086574654956085,1.0,4.622410430339709e-07,0.018452650881890045,5148.0,0.006734006734006734,0.07550923732828044,79.7
2020-04-30,306,306,8653477.7,8495312.100000001,3746.4,430.70000000000005,0.0,159683.90000000002,265522.0,0.0,55293.8,1521.3,157734.9,0.0,3.0,4383.3,4.0,4.0,330.7,101.69999999999999,330.7,151.176,0.0,0.0,16.2,101.69999999999999,229.0,4164.2,0.0,0.3075294829150287,1.0,4.6224190304436797e-07,0.01845314745538664,5211.0,0.009287206872533085,0.07544544064973878,82.675
2020-05-01,309,309,8653465.5,8495308.2,3760.4,268.5,0.0,159687.8,269901.3,0.0,55624.2,1533.5,157888.7,0.0,3.0,4379.3,4.0,4.0,330.4,101.69999999999999,330.4,153.891,0.0,0.0,12.200000000000001,101.69999999999999,228.8,4160.4,0.0,0.307715582450832,1.0,4.622425547313963e-07,0.018453624157859068,5262.0,0.0148975791433892,0.075445847509876,82.6
2020-05-02,312,312,8653458.8,8495304.1,3759.4,131.4,0.0,159691.9,274263.4,0.0,55953.399999999994,1540.1999999999998,158023.2,0.0,3.0,4362.1,4.0,4.0,329.2,101.4,329.2,134.423,0.0,0.0,6.7,101.4,227.8,4144.0,0.0,0.30801944106925877,1.0,4.622429126258739e-07,0.018454112244689947,5286.0,0.030441400304414,0.0754682377753834,82.3
2020-05-03,315,315,8653452.9,8495300.2,3751.0999999999995,77.8,0.0,159695.8,278614.5,0.0,56281.8,1546.1,158075.0,0.0,3.0,4350.9,4.0,4.0,328.4,101.19999999999999,328.4,51.845,0.0,0.0,6.0,101.19999999999999,227.20000000000002,4133.4,0.0,0.3081607795371498,1.0,4.6224322778714147e-07,0.018454575514012445,5286.0,0.05141388174807198,0.07547863660392103,82.1
2020-05-04,318,318,8653448.0,8495296.1,3735.9,72.9,0.0,159699.9,282878.80000000005,0.0,56603.9,1551.0,158078.9,0.0,3.0,4264.3,4.0,4.0,322.1,99.4,322.1,3.96,0.0,0.0,4.9,99.4,222.7,4051.0,0.0,0.30859981372244644,1.0,4.622434895315717e-07,0.01845505976346076,5352.0,0.05486968449931413,0.07553408531294703,80.525
2020-05-05,321,321,8653444.1,8495292.2,3740.8,69.1,0.0,159703.8,287150.5,0.0,56926.5,1554.9,158082.9,0.0,3.0,4271.9,4.0,4.0,322.70000000000005,99.5,322.70000000000005,3.96,0.0,0.0,3.8000000000000003,99.5,223.00000000000003,4058.3,0.0,0.3085271317829457,1.0,4.622436978589831e-07,0.018455518768532866,5385.0,0.057887120115774245,0.07554015777522884,80.67500000000001
2020-05-06,324,324,8653440.7,8495288.2,3759.7,65.8,0.0,159707.8,291417.1,0.0,57248.8,1558.3000000000002,158086.8,0.0,3.0,4266.4,4.0,4.0,322.2,99.5,322.2,3.96,0.0,0.0,3.5,99.5,222.7,4053.0000000000005,0.0,0.308814400993172,1.0,4.622438794779053e-07,0.01845598826372035,5415.0,0.060790273556231005,0.07552034502156385,80.55
2020-05-07,327,327,8653437.4,8495284.2,3778.4,62.3,0.0,159711.8,295688.5,0.0,57571.399999999994,1561.6,158090.8,0.0,3.0,4271.4,4.0,4.0,322.6,99.5,322.6,3.96,0.0,0.0,3.1999999999999997,99.5,223.00000000000003,4057.9,0.0,0.3085271317829457,1.0,4.6224405575523086e-07,0.018456457545992067,5430.0,0.06420545746388444,0.07552558879992509,80.65
2020-05-08,330,330,8653434.6,8495280.2,3794.7999999999997,59.5,0.0,159715.8,299999.2,0.0,57896.899999999994,1564.3999999999999,158094.8,0.0,3.0,4310.7,4.0,4.0,325.5,100.5,325.5,3.96,0.0,0.0,2.8,100.5,225.0,4095.2999999999997,0.0,0.3087557603686636,1.0,4.6224420532397623e-07,0.01845692576217078,5469.0,0.06722689075630252,0.07550977799429327,81.375
2020-05-09,333,333,8653432.0,8495276.2,3805.0,57.099999999999994,0.0,159719.8,304316.8,0.0,58223.1,1567.0,158098.7,0.0,3.0,4317.6,4.0,4.0,326.1,100.7,326.1,3.96,0.0,0.0,2.5,100.7,225.4,4101.7,0.0,0.30880098129408157,1.0,4.6224434420932643e-07,0.01845739355206119,5490.0,0.07005253940455342,0.07552807115063924,81.525
2020-05-10,336,336,8653430.0,8495272.2,3794.7,55.099999999999994,0.0,159723.8,308513.19999999995,0.0,58540.0,1569.0,158102.7,0.0,3.0,4196.4,4.0,4.0,316.9,97.8,316.9,3.96,0.0,0.0,2.0,97.8,219.10000000000002,3986.6,0.0,0.3086147049542442,1.0,4.62244451044268e-07,0.018457860062426112,5499.0,0.07259528130671507,0.07551710990372701,79.225
2020-05-11,339,339,8653428.2,8495268.299999999,3792.0,53.400000000000006,0.0,159727.69999999998,312807.8,0.0,58864.399999999994,1570.8,158106.7,0.0,3.0,4294.700000000001,4.0,4.0,324.4,100.1,324.4,3.96,0.0,0.0,1.8,100.1,224.3,4080.0,0.0,0.30856966707768185,1.0,4.6224454719575764e-07,0.018458314590279953,5535.0,0.07490636704119849,0.07553496169697532,81.1
2020-05-12,342,342,8653425.0,8495264.100000001,3793.7999999999997,50.2,0.0,159731.90000000002,317148.5,0.0,59192.1,1574.0,158110.6,0.0,3.0,4340.7,4.0,4.0,327.7,101.1,327.7,3.96,0.0,0.0,3.2,101.1,226.6,4123.6,0.0,0.30851388465059504,1.0,4.62244718131838e-07,0.018458806773040737,5601.0,0.0796812749003984,0.07549473587209436,81.925
2020-05-13,345,345,8653422.600000001,8495260.200000001,3803.8,47.9,0.0,159735.80000000002,321598.0,0.0,59527.2,1576.3999999999999,158114.6,0.0,3.0,4449.5,4.0,4.0,335.1,102.8,335.1,3.96,0.0,0.0,2.5,102.8,232.4,4227.0,0.0,0.30668257756563244,1.0,4.622448463339811e-07,0.018459262581258885,5610.0,0.08350730688935282,0.07531183279020115,83.775
2020-05-14,348,348,8653420.7,8495256.1,3822.0,46.1,0.0,159739.9,326076.9,0.0,59864.3,1578.3000000000002,158118.5,0.0,3.0,4478.9,4.0,4.0,337.2,103.19999999999999,337.2,3.96,0.0,0.0,1.7999999999999998,103.19999999999999,234.0,4255.0,0.0,0.3060498220640569,1.0,4.6224494782739506e-07,0.018459740435363324,5616.0,0.08676789587852494,0.07528634262877046,84.3
2020-05-15,351,351,8653420.1,8495252.1,3842.8,45.4,0.0,159743.9,330601.8,0.0,60204.5,1578.8999999999999,158122.5,0.0,3.0,4524.9,4.0,4.0,340.29999999999995,103.9,340.29999999999995,3.96,0.0,0.0,0.7,103.9,236.4,4298.6,0.0,0.30531883632089335,1.0,4.62244979877956e-07,0.018460203960281554,5634.0,0.0881057268722467,0.07520608190236248,85.07499999999999
2020-05-16,354,354,8653418.6,8495248.2,3867.1000000000004,43.8,0.0,159747.8,335173.1,0.0,60548.0,1580.3999999999999,158126.5,0.0,3.0,4571.3,4.0,4.0,343.4,104.69999999999999,343.4,3.96,0.0,0.0,1.5,104.69999999999999,238.8,4342.8,0.0,0.30480349344978164,1.0,4.622450600043779e-07,0.018460657849141842,5637.0,0.09132420091324202,0.07512086277426552,85.85
2020-05-17,357,357,8653417.0,8495244.1,3894.7,42.4,0.0,159751.9,339797.8,0.0,60894.899999999994,1582.0,158130.4,0.0,3.0,4624.7,4.0,4.0,347.09999999999997,105.5,347.09999999999997,3.96,0.0,0.0,1.5,105.5,241.6,4393.6,0.0,0.3039469893402477,1.0,4.6224514547259194e-07,0.01846113506375574,5643.0,0.09433962264150944,0.07505351698488551,86.77499999999999
2020-05-18,360,360,8653415.7,8495240.2,3914.6,41.1,0.0,159755.8,344352.7,0.0,61237.2,1583.3,158134.4,0.0,3.0,4554.7,4.0,4.0,342.2,104.4,342.2,3.96,0.0,0.0,1.3,104.4,237.8,4327.0,0.0,0.30508474576271183,1.0,4.622452149155391e-07,0.01846158852625097,5658.0,0.097323600973236,0.07513118317342525,85.55
2020-05-19,363,363,8653415.200000001,8495236.1,3935.7,40.6,0.0,159759.9,348933.0,0.0,61581.2,1583.8,158138.3,0.0,3.0,4580.5,4.0,4.0,344.0,104.8,344.0,3.96,0.0,0.0,0.5,104.8,239.20000000000002,4351.4,0.0,0.30465116279069765,1.0,4.622452416243704e-07,0.018462063394346313,5673.0,0.09852216748768472,0.07510097150966051,86.0
2020-05-20,366,366,8653415.1,8495232.2,3966.2999999999997,40.6,0.0,159763.8,353518.9,0.0,61925.5,1583.9,158142.3,0.0,3.0,4585.7,4.0,4.0,344.29999999999995,104.9,344.29999999999995,3.96,0.0,0.0,0.0,104.9,239.4,4356.6,0.0,0.3046761545164101,1.0,4.622452469661371e-07,0.018462514296812133,5676.0,0.09852216748768472,0.0750812307826504,86.07499999999999
2020-05-21,369,369,8653415.1,8495228.2,3990.7999999999997,40.6,0.0,159767.8,358123.4,0.0,62271.2,1583.9,158146.3,0.0,3.0,4604.7,4.0,4.0,345.6,105.19999999999999,345.6,3.96,0.0,0.0,0.0,105.19999999999999,240.4,4374.4,0.0,0.3043981481481481,1.0,4.622452469661371e-07,0.018462976542059098,5694.0,0.09852216748768472,0.0750537494299303,86.4
2020-05-22,372,372,8653415.1,8495224.2,3990.5,40.6,0.0,159771.8,362415.7,0.0,62595.4,1583.9,158150.2,0.0,3.0,4292.4,4.0,4.0,324.2,100.0,324.2,3.96,0.0,0.0,0.0,100.0,224.10000000000002,4077.7,0.0,0.308546744831842,1.0,4.622452469661371e-07,0.018463438787306066,5709.0,0.09852216748768472,0.07552884167365577,81.05
2020-05-23,375,375,8653415.0,8495220.2,3957.3,40.6,0.0,159775.8,366369.0,0.0,62894.0,1584.0,158154.3,0.0,3.0,3953.3,4.0,4.0,298.6,92.1,298.6,3.96,0.0,0.0,0.0,92.1,206.4,3755.6000000000004,0.0,0.3085427135678392,1.0,4.6224525230790387e-07,0.018463901245924296,5715.0,0.09852216748768472,0.07553183416386311,74.65
2020-05-24,378,378,8653415.0,8495216.2,3916.0,40.6,0.0,159779.8,370241.3,0.0,63186.4,1584.0,158158.1,0.0,3.0,3872.1,4.0,4.0,292.5,90.3,292.5,3.96,0.0,0.0,0.0,90.3,202.3,3678.6,0.0,0.3086124401913875,1.0,4.6224525230790387e-07,0.018464363491176604,5718.0,0.09852216748768472,0.07554040443170373,73.125
2020-05-25,381,381,8653415.0,8495212.2,3920.5,40.6,0.0,159783.8,374010.7,0.0,63527.8,1584.0,158162.09999999998,0.0,3.0,3769.3999999999996,4.0,4.0,341.3,139.8,341.3,3.96,0.0,0.0,0.0,139.8,201.4,3581.0,0.0,0.4097303634232122,1.0,4.6224525230790387e-07,0.01846482573642891,5739.0,0.09852216748768472,0.09054491430996976,85.325
2020-05-26,384,384,8653415.0,8495208.200000001,3917.9,40.6,0.0,159787.80000000002,377584.4,0.0,63865.100000000006,1584.0,158166.1,0.0,3.0,3573.7,4.0,4.0,337.4,146.39999999999998,337.4,3.96,0.0,0.0,0.0,146.39999999999998,191.0,3395.0,0.0,0.4339063426200355,1.0,4.6224525230790387e-07,0.018465287981681223,5745.0,0.09852216748768472,0.09441195399725774,84.35
2020-05-27,387,387,8653414.8,8495204.1,3929.1000000000004,40.6,0.0,159791.9,381195.6,0.0,64220.0,1584.2,158170.0,0.0,3.0,3611.1000000000004,4.0,4.0,354.8,161.9,354.8,3.96,0.0,0.0,0.0,161.9,193.0,3430.6000000000004,0.0,0.4561848408002255,1.0,4.6224526299143774e-07,0.01846576220985038,5751.0,0.09852216748768472,0.09825261000803079,88.7
2020-05-28,390,390,8653414.8,8495200.2,3867.2000000000003,40.6,0.0,159795.8,383906.7,0.0,64496.899999999994,1584.2,158174.0,0.0,3.0,2711.3,4.0,4.0,276.90000000000003,131.89999999999998,276.90000000000003,3.96,0.0,0.0,0.0,131.89999999999998,145.0,2575.7,0.0,0.4763452509931383,1.0,4.6224526299143774e-07,0.018466212898981794,5757.0,0.09852216748768472,0.10212813041714307,69.22500000000001
2020-05-29,393,393,8653414.8,8495196.1,3925.8999999999996,40.6,0.0,159799.9,387674.7,0.0,64896.2,1584.2,158177.9,0.0,3.0,3768.0000000000005,4.0,4.0,399.29999999999995,198.0,399.29999999999995,3.96,0.0,0.0,0.0,198.0,201.3,3579.6,0.0,0.4958677685950413,1.0,4.6224526299143774e-07,0.018466686700376364,5757.0,0.09852216748768472,0.10597133757961781,99.82499999999999
2020-05-30,396,396,8653414.7,8495192.2,4019.2,40.6,0.0,159803.8,391629.0,0.0,65330.49999999999,1584.3,158181.8,0.0,3.0,3954.3,4.0,4.0,434.3,223.0,434.3,3.96,0.0,0.0,0.0,223.0,211.3,3756.6,0.0,0.5134699516463274,1.0,4.6224526833320496e-07,0.018467137602916454,5757.0,0.09852216748768472,0.10982980552815921,108.575
2020-05-31,399,399,8653414.7,8495188.2,4039.7,40.6,0.0,159807.8,395518.7,0.0,65693.1,1584.3,158185.9,0.0,3.0,3889.6,4.0,4.0,362.7,154.8,362.7,3.96,0.0,0.0,0.0,154.8,207.9,3695.0,0.0,0.4267990074441687,1.0,4.6224526833320496e-07,0.018467599848184788,5760.0,0.09852216748768472,0.09324866310160428,90.675
2020-06-01,402,402,8653414.7,8495184.1,4089.9,40.6,0.0,159811.9,399385.69999999995,0.0,66064.3,1584.3,158189.8,0.0,3.0,3866.9999999999995,4.0,4.0,371.2,164.5,371.2,3.96,0.0,0.0,0.0,164.5,206.7,3673.7,0.0,0.4431573275862069,1.0,4.6224526833320496e-07,0.01846807364958483,5760.0,0.09852216748768472,0.09599172485130593,92.8
2020-06-02,405,405,8653414.7,8495180.2,4060.4,40.6,0.0,159815.8,403053.99999999994,0.0,66330.4,1584.3,158193.80000000002,0.0,3.0,3668.3,4.0,4.0,266.1,70.1,266.1,3.96,0.0,0.0,0.0,70.1,196.0,3484.9,0.0,0.26343479894776395,1.0,4.6224526833320496e-07,0.018468524338721454,5760.0,0.09852216748768472,0.07254041381566394,66.525
2020-06-03,408,408,8653414.600000001,8495176.1,3949.4,40.6,0.0,159819.9,406396.69999999995,0.0,66509.1,1584.3999999999999,158197.7,0.0,3.0,3342.9,4.0,4.0,178.7,0.0,178.7,3.96,0.0,0.0,0.0,0.0,178.7,3175.7,0.0,0.0,1.0,4.6224527367497213e-07,0.018468998353551667,5763.0,0.09852216748768472,0.05345657961650064,44.675
2020-06-04,411,411,8653414.600000001,8495172.2,3831.2,40.6,0.0,159823.8,410508.0,0.0,66728.8,1584.3999999999999,158201.6,0.0,3.0,4111.3,4.0,4.0,219.70000000000002,0.0,219.70000000000002,3.96,0.0,0.0,0.0,0.0,219.70000000000002,3905.7,0.0,0.0,1.0,4.6224527367497213e-07,0.0184694490426935,5763.0,0.09852216748768472,0.05343808527716294,54.925000000000004
2020-06-05,414,414,8653414.5,8495168.2,3684.2,40.6,0.0,159827.8,414007.69999999995,0.0,66915.8,1584.5,158205.7,0.0,3.0,3499.7000000000003,4.0,4.0,187.0,0.0,187.0,3.96,0.0,0.0,0.0,0.0,187.0,3324.7000000000003,0.0,0.0,1.0,4.6224527901673957e-07,0.01846991150140791,5763.0,0.09852216748768472,0.053433151412978254,46.75
2020-06-06,417,417,8653414.5,8495164.2,3525.8,40.6,0.0,159831.8,417616.69999999995,0.0,67108.70000000001,1584.5,158209.6,0.0,3.0,3609.0,4.0,4.0,192.9,0.0,192.9,3.96,0.0,0.0,0.0,0.0,192.9,3428.6,0.0,0.0,1.0,4.6224527901673957e-07,0.01847037374668693,5763.0,0.09852216748768472,0.05344970906068163,48.225
2020-06-07,420,420,8653414.4,8495160.2,3448.4,40.6,0.0,159835.8,421299.30000000005,0.0,67305.4,1584.6,158213.6,0.0,3.0,3682.3999999999996,4.0,4.0,196.7,0.0,196.7,3.96,0.0,0.0,0.0,0.0,196.7,3498.3,0.0,0.0,1.0,4.6224528435850706e-07,0.018470836205417365,5763.0,0.09852216748768472,0.05341625027156203,49.175
2020-06-08,423,423,8653414.4,8495156.2,3251.0,40.6,0.0,159839.8,425004.7,0.0,67503.4,1584.6,158217.5,0.0,3.0,3705.6000000000004,4.0,4.0,198.0,0.0,198.0,3.96,0.0,0.0,0.0,0.0,198.0,3520.2999999999997,0.0,0.0,1.0,4.6224528435850706e-07,0.018471298450701723,5769.0,0.09852216748768472,0.05343264248704663,49.5
2020-06-09,426,426,8653414.4,8495152.1,3036.1000000000004,40.6,0.0,159843.9,429030.6,0.0,67718.5,1584.6,158221.5,0.0,3.0,4025.7,4.0,4.0,215.0,0.0,215.0,3.96,0.0,0.0,0.0,0.0,215.0,3824.3999999999996,0.0,0.0,1.0,4.6224528435850706e-07,0.018471772252118192,5802.0,0.09852216748768472,0.05340686091859801,53.75
2020-06-10,429,429,8653414.3,8495148.2,2913.3999999999996,40.6,0.0,159847.8,433451.5,0.0,67954.8,1584.6999999999998,158225.5,0.0,3.0,4421.1,4.0,4.0,236.3,0.0,236.3,3.96,0.0,0.0,0.0,0.0,236.3,4200.0,0.0,0.0,1.0,4.622452897002747e-07,0.018472223154737892,5808.0,0.09852216748768472,0.053448236864128834,59.075
2020-06-11,432,432,8653414.3,8495144.1,2785.7,40.6,0.0,159851.9,437940.4,0.0,68194.70000000001,1584.6999999999998,158229.4,0.0,3.0,4488.9,4.0,4.0,239.89999999999998,0.0,239.89999999999998,3.96,0.0,0.0,0.0,0.0,239.89999999999998,4264.4,0.0,0.0,1.0,4.622452897002747e-07,0.018472696956159836,5811.0,0.09852216748768472,0.053442937022433114,59.974999999999994
2020-06-12,435,435,8653414.3,8495140.2,2763.2,40.6,0.0,159855.8,442450.1,0.0,68435.7,1584.6999999999998,158233.4,0.0,3.0,4509.7,4.0,4.0,241.10000000000002,0.0,241.10000000000002,3.96,0.0,0.0,0.0,0.0,241.10000000000002,4284.2,0.0,0.0,1.0,4.622452897002747e-07,0.01847314764531729,5814.0,0.09852216748768472,0.05346253631061934,60.275000000000006
2020-06-13,438,438,8653414.2,8495136.1,2833.5,40.6,0.0,159859.9,447075.0,0.0,68682.8,1584.8,158237.3,0.0,3.0,4624.9,4.0,4.0,247.10000000000002,0.0,247.10000000000002,3.96,0.0,0.0,0.0,0.0,247.10000000000002,4393.6,0.0,0.0,1.0,4.622452950420425e-07,0.01847362166022285,5814.0,0.09852216748768472,0.05342818223096717,61.775000000000006
2020-06-14,441,441,8653414.1,8495132.2,2870.8999999999996,40.6,0.0,159863.8,451845.5,0.0,68937.7,1584.9,158241.3,0.0,3.0,4770.5,4.0,4.0,254.89999999999998,0.0,254.89999999999998,3.96,0.0,0.0,0.0,0.0,254.89999999999998,4532.0,0.0,0.0,1.0,4.6224530038381037e-07,0.018474072562874345,5814.0,0.09852216748768472,0.05343255423959752,63.724999999999994
2020-06-15,444,444,8653414.1,8495128.2,2943.0,40.6,0.0,159867.8,456659.60000000003,0.0,69195.0,1584.9,158245.3,0.0,3.0,4814.1,4.0,4.0,257.3,0.0,257.3,3.96,0.0,0.0,0.0,0.0,257.3,4573.6,0.0,0.0,1.0,4.6224530038381037e-07,0.01847453480817473,5817.0,0.09852216748768472,0.05344716561766477,64.325
2020-06-16,447,447,8653414.1,8495124.2,3012.9,40.6,0.0,159871.8,461540.3,0.0,69455.9,1584.9,158249.2,0.0,3.0,4880.7,4.0,4.0,260.9,0.0,260.9,3.96,0.0,0.0,0.0,0.0,260.9,4636.6,0.0,0.0,1.0,4.6224530038381037e-07,0.018474997053475113,5862.0,0.09852216748768472,0.05345544696457475,65.225
2020-06-17,450,450,8653414.0,8495120.2,3092.7,40.6,0.0,159875.8,466679.30000000005,0.0,69730.4,1585.0,158253.2,0.0,3.0,5139.3,4.0,4.0,274.7,0.0,274.7,3.96,0.0,0.0,0.0,0.0,274.7,4882.2,0.0,0.0,1.0,4.622453057255784e-07,0.018475459512280353,5868.0,0.09852216748768472,0.05345085906640982,68.675
2020-06-18,453,453,8653414.0,8495116.100000001,3192.2000000000003,40.6,0.0,159879.90000000002,472209.0,0.0,70025.8,1585.0,158257.1,0.0,3.0,5529.5,4.0,4.0,295.5,0.0,295.5,3.96,0.0,0.0,0.0,0.0,295.5,5253.2,0.0,0.0,1.0,4.622453057255784e-07,0.018475933313718728,5868.0,0.09852216748768472,0.0534406365855864,73.875
2020-06-19,456,456,8653414.0,8495112.2,3283.3,40.6,0.0,159883.8,477901.9,0.0,70330.09999999999,1585.0,158261.1,0.0,3.0,5692.9,4.0,4.0,304.3,0.0,304.3,3.96,0.0,0.0,0.0,0.0,304.3,5408.4,0.0,0.0,1.0,4.622453057255784e-07,0.018476384002891807,5868.0,0.09852216748768472,0.05345254615398128,76.075
2020-06-20,459,459,8653414.0,8495108.2,3364.7,40.6,0.0,159887.8,483800.6,0.0,70645.4,1585.0,158265.1,0.0,3.0,5898.7,4.0,4.0,315.3,0.0,315.3,3.96,0.0,0.0,0.0,0.0,315.3,5603.8,0.0,0.0,1.0,4.622453057255784e-07,0.01847684624819753,5868.0,0.09852216748768472,0.05345245562581586,78.825
2020-06-21,462,462,8653413.9,8495104.2,3443.2,40.6,0.0,159891.8,489714.3,0.0,70961.3,1585.1,158269.1,0.0,3.0,5913.9,4.0,4.0,316.1,0.0,316.1,3.96,0.0,0.0,0.0,0.0,316.1,5618.2,0.0,0.0,1.0,4.6224531106734646e-07,0.018477308707029485,5868.0,0.09852216748768472,0.05345034579549875,79.025
2020-06-22,465,465,8653413.8,8495100.2,3519.1000000000004,40.6,0.0,159895.8,495599.80000000005,0.0,71275.8,1585.1999999999998,158273.0,0.0,3.0,5885.5,4.0,4.0,314.5,0.0,314.5,3.96,0.0,0.0,0.0,0.0,314.5,5591.2,0.0,0.0,1.0,4.622453164091147e-07,0.01847777116587213,5868.0,0.09852216748768472,0.053436411519836885,78.625
2020-06-23,468,468,8653413.8,8495096.2,3593.1,40.6,0.0,159899.8,501565.10000000003,0.0,71594.7,1585.1999999999998,158276.9,0.0,3.0,5965.3,4.0,4.0,318.7,0.0,318.7,3.96,0.0,0.0,0.0,0.0,318.7,5667.0,0.0,0.0,1.0,4.622453164091147e-07,0.018478233411188538,5868.0,0.09852216748768472,0.05342564498013511,79.675
2020-06-24,471,471,8653413.6,8495092.1,3656.2,40.6,0.0,159903.9,507468.8,0.0,71910.1,1585.4,158280.9,0.0,3.0,5903.7,4.0,4.0,315.5,0.0,315.5,3.96,0.0,0.0,0.0,0.0,315.5,5608.6,0.0,0.0,1.0,4.6224532709265163e-07,0.018478707639722664,5874.0,0.09852216748768472,0.05344106238460627,78.875
2020-06-25,474,474,8653413.6,8495088.2,3716.2999999999997,40.6,0.0,159907.8,513360.1,0.0,72224.79999999999,1585.4,158284.9,0.0,3.0,5891.5,4.0,4.0,314.9,0.0,314.9,3.96,0.0,0.0,0.0,0.0,314.9,5597.0,0.0,0.0,1.0,4.6224532709265163e-07,0.018479158328916577,5874.0,0.09852216748768472,0.05344988542815921,78.725
2020-06-26,477,477,8653413.6,8495084.1,3785.8,40.6,0.0,159911.9,519491.0,0.0,72552.5,1585.4,158288.8,0.0,3.0,6130.7,4.0,4.0,327.7,0.0,327.7,3.96,0.0,0.0,0.0,0.0,327.7,5824.2,0.0,0.0,1.0,4.6224532709265163e-07,0.01847963213037685,5886.0,0.09852216748768472,0.0534522974537981,81.925
2020-06-27,480,480,8653413.6,8495080.2,3848.8,40.6,0.0,159915.8,525759.7,0.0,72887.6,1585.4,158292.80000000002,0.0,3.0,6268.7,4.0,4.0,335.1,0.0,335.1,3.96,0.0,0.0,0.0,0.0,335.1,5955.4,0.0,0.0,1.0,4.6224532709265163e-07,0.018480082819570764,5886.0,0.09852216748768472,0.05345605947006557,83.775
2020-06-28,483,483,8653413.5,8495076.1,3901.5,40.6,0.0,159919.9,532219.3,0.0,73232.70000000001,1585.5,158296.7,0.0,3.0,6459.9,4.0,4.0,345.3,0.0,345.3,3.96,0.0,0.0,0.0,0.0,345.3,6136.8,0.0,0.0,1.0,4.6224533243442023e-07,0.01848055683459481,5886.0,0.09852216748768472,0.053452839827241916,86.325
2020-06-29,486,486,8653413.5,8495072.2,3953.8,40.6,0.0,159923.8,538835.2,0.0,73586.20000000001,1585.5,158300.7,0.0,3.0,6615.9,4.0,4.0,353.5,0.0,353.5,3.96,0.0,0.0,0.0,0.0,353.5,6285.2,0.0,0.0,1.0,4.6224533243442023e-07,0.018481007523793933,5886.0,0.09852216748768472,0.05343188379509969,88.375
2020-06-30,489,489,8653413.5,8495068.2,3969.9,40.6,0.0,159927.8,544977.7,0.0,73914.4,1585.5,158304.7,0.0,3.0,6142.3,4.0,4.0,328.3,0.0,328.3,3.96,0.0,0.0,0.0,0.0,328.3,5835.2,0.0,0.0,1.0,4.6224533243442023e-07,0.018481469769126367,5889.0,0.09852216748768472,0.05344903374957263,82.075
2020-07-01,492,492,8653413.4,8495064.200000001,4021.3,40.6,0.0,159931.80000000002,551792.8,0.0,74278.7,1585.6,158308.6,0.0,3.0,6815.099999999999,4.0,4.0,364.3,0.0,364.3,3.96,0.0,0.0,0.0,0.0,364.3,6474.4,0.0,0.0,1.0,4.62245337776189e-07,0.018481932228038477,5895.0,0.09852216748768472,0.05345482824903524,91.075
2020-07-02,495,495,8653413.3,8495060.2,4025.6,40.6,0.0,159935.8,557701.1,0.0,74594.4,1585.7,158312.6,0.0,3.0,5908.3,4.0,4.0,315.7,0.0,315.7,3.96,0.0,0.0,0.0,0.0,315.7,5612.8,0.0,0.0,1.0,4.622453431179578e-07,0.01848239468696127,5895.0,0.09852216748768472,0.053433305688607546,78.925
2020-07-03,498,498,8653413.3,8495056.2,3976.7999999999997,40.6,0.0,159939.8,562693.2,0.0,74861.1,1585.7,158316.6,0.0,3.0,4992.3,4.0,4.0,266.7,0.0,266.7,3.96,0.0,0.0,0.0,0.0,266.7,4742.6,0.0,0.0,1.0,4.622453431179578e-07,0.018482856932304385,5895.0,0.09852216748768472,0.05342227029625623,66.675
2020-07-04,501,501,8653413.3,8495052.2,3877.6000000000004,40.6,0.0,159943.8,566680.8,0.0,75074.09999999999,1585.7,158320.5,0.0,3.0,3987.6000000000004,4.0,4.0,213.0,0.0,213.0,3.96,0.0,0.0,0.0,0.0,213.0,3788.3,0.0,0.0,1.0,4.622453431179578e-07,0.018483319177647502,5895.0,0.09852216748768472,0.05341558832380379,53.25
2020-07-05,504,504,8653413.2,8495048.3,3720.9,40.6,0.0,159947.7,569583.5,0.0,75229.40000000001,1585.8,158324.5,0.0,3.0,2902.7,4.0,4.0,155.0,0.0,155.0,3.96,0.0,0.0,0.0,0.0,155.0,2757.6,0.0,0.0,1.0,4.622453484597269e-07,0.018483770080457967,5895.0,0.09852216748768472,0.05339855996141524,38.75
2020-07-06,507,507,8653413.2,8495044.2,3523.6000000000004,40.6,0.0,159951.8,571959.8,0.0,75356.4,1585.8,158328.4,0.0,3.0,2376.3,4.0,4.0,127.0,0.0,127.0,3.96,0.0,0.0,0.0,0.0,127.0,2257.4,0.0,0.0,1.0,4.622453484597269e-07,0.018484243881940133,5895.0,0.09852216748768472,0.05344443041703488,31.75
2020-07-07,510,510,8653413.2,8495040.2,3318.9,40.6,0.0,159955.8,574336.1000000001,0.0,75483.4,1585.8,158332.4,0.0,3.0,2376.3,4.0,4.0,127.0,0.0,127.0,3.96,0.0,0.0,0.0,0.0,127.0,2257.4,0.0,0.0,1.0,4.622453484597269e-07,0.018484706127288593,5898.0,0.09852216748768472,0.05344443041703488,31.75
2020-07-08,513,513,8653413.2,8495036.1,2977.1000000000004,40.6,0.0,159959.9,574336.1000000001,0.0,75483.4,1585.8,158336.4,0.0,3.0,0.0,4.0,4.0,0.0,0.0,0.0,3.96,0.0,0.0,0.0,0.0,0.0,0.0,0.0,,,4.622453484597269e-07,0.018485179928770766,5898.0,0.09852216748768472,,0.0
2020-07-09,516,516,8653413.100000001,8495032.1,2627.1,40.6,0.0,159963.9,574336.1000000001,0.0,75483.4,1585.8999999999999,158340.3,0.0,3.0,0.0,4.0,4.0,0.0,0.0,0.0,3.96,0.0,0.0,0.0,0.0,0.0,0.0,0.0,,,4.622453538014959e-07,0.018485642387741776,5898.0,0.09852216748768472,,0.0
2020-07-10,519,519,8653413.0,8495028.2,2794.3,40.6,0.0,159967.8,583545.8,0.0,75975.40000000001,1586.0,158344.3,0.0,3.0,9209.7,4.0,4.0,492.1,0.0,492.1,3.96,0.0,0.0,0.0,0.0,492.1,8749.4,0.0,0.0,1.0,4.622453591432652e-07,0.018486093290589502,5898.0,0.09852216748768472,0.05343279368491916,123.025
2020-07-11,522,522,8653413.0,8495024.1,2925.8,40.6,0.0,159971.9,592755.7,0.0,76467.5,1586.0,158348.2,0.0,3.0,9209.7,4.0,4.0,492.1,0.0,492.1,3.96,0.0,0.0,0.0,0.0,492.1,8749.4,0.0,0.0,1.0,4.622453591432652e-07,0.018486567092082625,5904.0,0.09852216748768472,0.05343279368491916,123.025
2020-07-12,525,525,8653412.9,8495020.2,3166.7,40.6,0.0,159975.8,603113.0,0.0,77021.0,1586.1,158352.2,0.0,3.0,10357.5,4.0,4.0,553.5,0.0,553.5,3.96,0.0,0.0,0.0,0.0,553.5,9839.599999999999,0.0,0.0,1.0,4.6224536448503454e-07,0.018487017994946245,5904.0,0.09852216748768472,0.05343953656770456,138.375
2020-07-13,528,528,8653412.9,8495016.100000001,3456.0,40.6,0.0,159979.90000000002,613470.5,0.0,77574.5,1586.1,158356.2,0.0,3.0,10357.5,4.0,4.0,553.5,0.0,553.5,3.96,0.0,0.0,0.0,0.0,553.5,9839.599999999999,0.0,0.0,1.0,4.6224536448503454e-07,0.018487491796444846,5904.0,0.09852216748768472,0.05343953656770456,138.375
2020-07-14,531,531,8653412.9,8495012.200000001,3829.8,40.6,0.0,159983.80000000002,624413.2,0.0,78159.40000000001,1586.1,158360.1,0.0,3.0,10942.7,4.0,4.0,584.7,0.0,584.7,3.96,0.0,0.0,0.0,0.0,584.7,10395.599999999999,0.0,0.0,1.0,4.6224536448503454e-07,0.01848794248567522,5904.0,0.09852216748768472,0.05343288219543623,146.175
2020-07-15,534,534,8653412.9,8495008.2,4305.1,40.6,0.0,159987.8,636180.9,0.0,78788.1,1586.1,158364.1,0.0,3.0,11767.7,4.0,4.0,628.9,0.0,628.9,3.96,0.0,0.0,0.0,0.0,628.9,11179.400000000001,0.0,0.0,1.0,4.6224536448503454e-07,0.0184884047310397,5904.0,0.09852216748768472,0.05344289878225991,157.225
2020-07-16,537,537,8653412.8,8495004.2,4845.1,40.6,0.0,159991.8,648638.0,0.0,79453.7,1586.1999999999998,158368.0,0.0,3.0,12457.099999999999,4.0,4.0,665.7,0.0,665.7,3.96,0.0,0.0,0.0,0.0,665.7,11834.400000000001,0.0,0.0,1.0,4.6224536982680404e-07,0.018488867190064016,5907.0,0.09852216748768472,0.05343940403464692,166.425
2020-07-17,540,540,8653412.8,8495000.2,5018.0,40.6,0.0,159995.8,654226.1,0.0,79752.4,1586.1999999999998,158371.9,0.0,3.0,5588.1,4.0,4.0,298.7,0.0,298.7,3.96,0.0,0.0,0.0,0.0,298.7,5308.8,0.0,0.0,1.0,4.6224536982680404e-07,0.01848932943543384,5907.0,0.09852216748768472,0.053452873069558524,74.675
2020-07-18,543,543,8653412.7,8494996.2,5346.799999999999,40.6,0.0,159999.8,660382.4,0.0,80081.3,1586.3,158376.0,0.0,3.0,6156.3,4.0,4.0,328.9,0.0,328.9,3.96,0.0,0.0,0.0,0.0,328.9,5848.599999999999,0.0,0.0,1.0,4.622453751685737e-07,0.018489791894474188,5907.0,0.09852216748768472,0.053424946802462514,82.225
2020-07-19,546,546,8653412.7,8494992.2,5636.0,40.6,0.0,160003.8,665793.1000000001,0.0,80370.59999999999,1586.3,158379.9,0.0,3.0,5410.7,4.0,4.0,289.1,0.0,289.1,3.96,0.0,0.0,0.0,0.0,289.1,5140.2,0.0,0.0,1.0,4.622453751685737e-07,0.018490254139849355,5907.0,0.09852216748768472,0.0534311641746909,72.275
2020-07-20,549,549,8653412.6,8494988.3,5444.6,40.6,0.0,160007.7,671330.8999999999,0.0,80666.5,1586.4,158383.9,0.0,3.0,5538.1,4.0,4.0,295.9,0.0,295.9,3.96,0.0,0.0,0.0,0.0,295.9,5261.2,0.0,0.0,1.0,4.622453805103434e-07,0.01849070504277122,5913.0,0.09852216748768472,0.053429876672505004,73.975
2020-07-21,552,552,8653412.6,8494984.2,5243.0,40.6,0.0,160011.8,676673.2,0.0,80952.0,1586.4,158387.8,0.0,3.0,5342.1,4.0,4.0,285.5,0.0,285.5,3.96,0.0,0.0,0.0,0.0,285.5,5075.2,0.0,0.0,1.0,4.622453805103434e-07,0.018491178844286242,5916.0,0.09852216748768472,0.053443402407293006,71.375
2020-07-22,555,555,8653412.6,8494980.2,4936.3,40.6,0.0,160015.8,681190.3,0.0,81193.3,1586.4,158391.7,0.0,3.0,4517.1,4.0,4.0,241.5,0.0,241.5,3.96,0.0,0.0,0.0,0.0,241.5,4291.4,0.0,0.0,1.0,4.622453805103434e-07,0.018491641089666753,5916.0,0.09852216748768472,0.05346350534635053,60.375
2020-07-23,558,558,8653412.5,8494976.1,4575.1,40.6,0.0,160019.9,684685.3,0.0,81380.20000000001,1586.5,158395.8,0.0,3.0,3495.0,4.0,4.0,186.7,0.0,186.7,3.96,0.0,0.0,0.0,0.0,186.7,3320.2999999999997,0.0,0.0,1.0,4.622453858521133e-07,0.018492115104879144,5925.0,0.09852216748768472,0.053419170243204576,46.675
2020-07-24,561,561,8653412.5,8494972.1,4261.9,40.6,0.0,160023.9,689660.0,0.0,81645.8,1586.5,158399.7,0.0,3.0,4974.7,4.0,4.0,265.9,0.0,265.9,3.96,0.0,0.0,0.0,0.0,265.9,4726.0,0.0,0.0,1.0,4.622453858521133e-07,0.018492577350264997,5931.0,0.09852216748768472,0.05345045932418035,66.475
2020-07-25,564,564,8653412.5,8494968.2,3900.1,40.6,0.0,160027.8,694538.1,0.0,81906.5,1586.5,158403.7,0.0,3.0,4878.1,4.0,4.0,260.7,0.0,260.7,3.96,0.0,0.0,0.0,0.0,260.7,4634.2,0.0,0.0,1.0,4.622453858521133e-07,0.0184930280395162,5931.0,0.09852216748768472,0.05344293884914208,65.175
2020-07-26,567,567,8653412.5,8494964.100000001,3499.0,40.6,0.0,160031.90000000002,699365.0,0.0,82164.6,1586.5,158407.6,0.0,3.0,4826.9,4.0,4.0,257.9,0.0,257.9,3.96,0.0,0.0,0.0,0.0,257.9,4585.6,0.0,0.0,1.0,4.622453858521133e-07,0.018493501841036705,5931.0,0.09852216748768472,0.053429737512689306,64.475
2020-07-27,570,570,8653412.3,8494960.200000001,3463.4000000000005,40.6,0.0,160035.80000000002,704233.1,0.0,82424.7,1586.6999999999998,158411.5,0.0,3.0,4868.1,4.0,4.0,260.1,0.0,260.1,3.96,0.0,0.0,0.0,0.0,260.1,4624.6,0.0,0.0,1.0,4.622453965356533e-07,0.01849395295772513,5934.0,0.09852216748768472,0.05342946940284711,65.025
2020-07-28,573,573,8653412.3,8494956.1,3398.7,40.6,0.0,160039.9,709117.0,0.0,82685.6,1586.6999999999998,158415.6,0.0,3.0,4883.9,4.0,4.0,260.9,0.0,260.9,3.96,0.0,0.0,0.0,0.0,260.9,4639.8,0.0,0.0,1.0,4.622453965356533e-07,0.018494426759256576,5934.0,0.09852216748768472,0.05342042220356682,65.225
2020-07-29,576,576,8653412.3,8494952.2,3410.1000000000004,40.6,0.0,160043.8,714687.3,0.0,82983.3,1586.6999999999998,158419.5,0.0,3.0,5570.3,4.0,4.0,297.7,0.0,297.7,3.96,0.0,0.0,0.0,0.0,297.7,5291.8,0.0,0.0,1.0,4.622453965356533e-07,0.018494877448518195,5937.0,0.09852216748768472,0.05344415920147927,74.425
2020-07-30,579,579,8653412.2,8494948.2,3447.5,40.6,0.0,160047.8,720871.0,0.0,83313.7,1586.8000000000002,158423.5,0.0,3.0,6183.7,4.0,4.0,330.5,0.0,330.5,3.96,0.0,0.0,0.0,0.0,330.5,5874.4,0.0,0.0,1.0,4.622454018774236e-07,0.01849533990764938,5940.0,0.09852216748768472,0.0534469654090593,82.625
2020-07-31,582,582,8653412.2,8494944.2,3433.2000000000003,40.6,0.0,160051.8,725892.5,0.0,83582.0,1586.8000000000002,158427.4,0.0,3.0,5021.5,4.0,4.0,268.3,0.0,268.3,3.96,0.0,0.0,0.0,0.0,268.3,4770.4,0.0,0.0,1.0,4.622454018774236e-07,0.018495802153051254,5943.0,0.09852216748768472,0.053430249925321124,67.075
2020-08-01,585,585,8653412.2,8494940.2,3465.8,40.6,0.0,160055.8,730974.1,0.0,83853.7,1586.8000000000002,158431.4,0.0,3.0,5081.9,4.0,4.0,271.5,0.0,271.5,3.96,0.0,0.0,0.0,0.0,271.5,4827.8,0.0,0.0,1.0,4.622454018774236e-07,0.018496264398453133,5943.0,0.09852216748768472,0.05342490013577599,67.875
2020-08-02,588,588,8653412.2,8494936.2,3551.1,40.6,0.0,160059.8,736031.8,0.0,84124.0,1586.8000000000002,158435.4,0.0,3.0,5057.5,4.0,4.0,270.3,0.0,270.3,3.96,0.0,0.0,0.0,0.0,270.3,4804.6,0.0,0.0,1.0,4.622454018774236e-07,0.01849672664385501,5943.0,0.09852216748768472,0.053445378151260506,67.575
2020-08-03,591,591,8653412.1,8494932.2,3558.3,40.6,0.0,160063.8,741090.7,0.0,84394.3,1586.9,158439.3,0.0,3.0,5059.1,4.0,4.0,270.3,0.0,270.3,3.96,0.0,0.0,0.0,0.0,270.3,4806.2,0.0,0.0,1.0,4.6224540721919393e-07,0.0184971891030129,5943.0,0.09852216748768472,0.053428475420529344,67.575
2020-08-04,594,594,8653412.1,8494928.3,3568.6,40.6,0.0,160067.7,746113.6,0.0,84662.8,1586.9,158443.3,0.0,3.0,5022.9,4.0,4.0,268.5,0.0,268.5,3.96,0.0,0.0,0.0,0.0,268.5,4771.8,0.0,0.0,1.0,4.6224540721919393e-07,0.018497639792284942,5943.0,0.09852216748768472,0.053455175297139106,67.125
2020-08-05,597,597,8653412.0,8494924.1,3545.0,40.6,0.0,160071.9,750450.1000000001,0.0,84894.4,1587.0,158447.2,0.0,3.0,4336.5,4.0,4.0,231.7,0.0,231.7,3.96,0.0,0.0,0.0,0.0,231.7,4119.6,0.0,0.0,1.0,4.622454125609644e-07,0.01849812536372936,5952.0,0.09852216748768472,0.05343018563357546,57.925
2020-08-06,600,600,8653412.0,8494920.2,3553.8999999999996,40.6,0.0,160075.8,755436.0,0.0,85160.9,1587.0,158451.2,0.0,3.0,4985.9,4.0,4.0,266.5,0.0,266.5,3.96,0.0,0.0,0.0,0.0,266.5,4736.6,0.0,0.0,1.0,4.622454125609644e-07,0.018498576053006605,5955.0,0.09852216748768472,0.0534507310615937,66.625
2020-08-07,603,603,8653411.899999999,8494916.1,3559.3999999999996,40.6,0.0,160079.9,760375.2999999999,0.0,85424.79999999999,1587.1000000000001,158455.2,0.0,3.0,4939.3,4.0,4.0,263.9,0.0,263.9,3.96,0.0,0.0,0.0,0.0,263.9,4692.4,0.0,0.0,1.0,4.6224541790273505e-07,0.01849905006833201,5958.0,0.09852216748768472,0.053428623489158375,65.975
2020-08-08,606,606,8653411.899999999,8494912.2,3530.3,40.6,0.0,160083.8,765345.2,0.0,85690.29999999999,1587.1000000000001,158459.1,0.0,3.0,4969.9,4.0,4.0,265.5,0.0,265.5,3.96,0.0,0.0,0.0,0.0,265.5,4721.4,0.0,0.0,1.0,4.6224541790273505e-07,0.018499500757614463,5958.0,0.09852216748768472,0.05342159802008089,66.375
2020-08-09,609,609,8653411.899999999,8494908.200000001,3472.6000000000004,40.6,0.0,160087.80000000002,770390.3,0.0,85960.0,1587.1000000000001,158463.1,0.0,3.0,5045.1,4.0,4.0,269.7,0.0,269.7,3.96,0.0,0.0,0.0,0.0,269.7,4792.8,0.0,0.0,1.0,4.6224541790273505e-07,0.01849996300303237,5958.0,0.09852216748768472,0.05345781054884937,67.425
2020-08-10,612,612,8653411.8,8494904.1,3477.1,40.6,0.0,160091.9,775445.2,0.0,86230.1,1587.2,158467.0,0.0,3.0,5055.1,4.0,4.0,270.1,0.0,270.1,3.96,0.0,0.0,0.0,0.0,270.1,4802.4,0.0,0.0,1.0,4.6224542324450566e-07,0.01850043701837927,5961.0,0.09852216748768472,0.05343118830488022,67.525
2020-08-11,615,615,8653411.8,8494900.2,3480.8,40.6,0.0,160095.8,780544.0,0.0,86502.5,1587.2,158471.0,0.0,3.0,5098.7,4.0,4.0,272.5,0.0,272.5,3.96,0.0,0.0,0.0,0.0,272.5,4843.8,0.0,0.0,1.0,4.6224542324450566e-07,0.018500887707666933,5970.0,0.09852216748768472,0.053444995783238865,68.125
2020-08-12,618,618,8653411.8,8494896.1,3520.2999999999997,40.6,0.0,160099.9,786290.7,0.0,86809.6,1587.2,158475.0,0.0,3.0,5746.7,4.0,4.0,307.1,0.0,307.1,3.96,0.0,0.0,0.0,0.0,307.1,5459.4,0.0,0.0,1.0,4.6224542324450566e-07,0.018501361509225756,5973.0,0.09852216748768472,0.05343936520089791,76.775
2020-08-13,621,621,8653411.8,8494892.2,3522.7000000000003,40.6,0.0,160103.8,791346.3999999999,0.0,87079.7,1587.2,158479.0,0.0,3.0,5055.7,4.0,4.0,270.1,0.0,270.1,3.96,0.0,0.0,0.0,0.0,270.1,4802.8,0.0,0.0,1.0,4.6224542324450566e-07,0.01850181219851342,5973.0,0.09852216748768472,0.053424847202167856,67.525
2020-08-14,624,624,8653411.600000001,8494888.2,3531.3999999999996,40.6,0.0,160107.8,796482.3,0.0,87354.2,1587.3999999999999,158482.9,0.0,3.0,5135.9,4.0,4.0,274.5,0.0,274.5,3.96,0.0,0.0,0.0,0.0,274.5,4879.2,0.0,0.0,1.0,4.6224543392804747e-07,0.018502274871566256,5973.0,0.09852216748768472,0.05344730232286454,68.625
2020-08-15,627,627,8653411.600000001,8494884.2,3579.3,40.6,0.0,160111.8,801670.7999999999,0.0,87631.5,1587.3999999999999,158486.8,0.0,3.0,5188.5,4.0,4.0,277.3,0.0,277.3,3.96,0.0,0.0,0.0,0.0,277.3,4929.2,0.0,0.0,1.0,4.6224543392804747e-07,0.018502737117000186,5973.0,0.09852216748768472,0.05344511901320228,69.325
2020-08-16,630,630,8653411.600000001,8494880.2,3571.2,40.6,0.0,160115.8,806457.7,0.0,87887.4,1587.3999999999999,158490.8,0.0,3.0,4786.9,4.0,4.0,255.89999999999998,0.0,255.89999999999998,3.96,0.0,0.0,0.0,0.0,255.89999999999998,4547.6,0.0,0.0,1.0,4.6224543392804747e-07,0.018503199362434112,5973.0,0.09852216748768472,0.05345839687480415,63.974999999999994
2020-08-17,633,633,8653411.5,8494876.2,3594.7,40.6,0.0,160119.8,811785.2,0.0,88172.1,1587.5,158494.8,0.0,3.0,5327.5,4.0,4.0,284.7,0.0,284.7,3.96,0.0,0.0,0.0,0.0,284.7,5061.2,0.0,0.0,1.0,4.622454392698186e-07,0.018503661821698873,5973.0,0.09852216748768472,0.05343969967151572,71.175
2020-08-18,636,636,8653411.5,8494872.2,3621.0,40.6,0.0,160123.8,817198.5000000001,0.0,88461.29999999999,1587.5,158498.7,0.0,3.0,5413.3,4.0,4.0,289.3,0.0,289.3,3.96,0.0,0.0,0.0,0.0,289.3,5142.6,0.0,0.0,1.0,4.622454392698186e-07,0.018504124067138143,5976.0,0.09852216748768472,0.05344244730571001,72.325
2020-08-19,639,639,8653411.5,8494868.2,3658.1000000000004,40.6,0.0,160127.8,822888.4,0.0,88765.20000000001,1587.5,158502.7,0.0,3.0,5689.7,4.0,4.0,304.1,0.0,304.1,3.96,0.0,0.0,0.0,0.0,304.1,5405.4,0.0,0.0,1.0,4.622454392698186e-07,0.018504586312577415,5988.0,0.09852216748768472,0.05344745768669702,76.025
2020-08-20,642,642,8653411.5,8494864.1,3706.3,40.6,0.0,160131.9,828795.7,0.0,89080.9,1587.5,158506.6,0.0,3.0,5907.3,4.0,4.0,315.7,0.0,315.7,3.96,0.0,0.0,0.0,0.0,315.7,5612.0,0.0,0.0,1.0,4.622454392698186e-07,0.018505060114152667,5994.0,0.09852216748768472,0.05344235098945372,78.925
2020-08-21,645,645,8653411.4,8494860.2,3765.4,40.6,0.0,160135.8,834949.6,0.0,89409.79999999999,1587.6,158510.6,0.0,3.0,6153.9,4.0,4.0,328.9,0.0,328.9,3.96,0.0,0.0,0.0,0.0,328.9,5846.2,0.0,0.0,1.0,4.622454446115898e-07,0.018505511017308154,6000.0,0.09852216748768472,0.05344578234940444,82.225
2020-08-22,648,648,8653411.3,8494856.100000001,3802.7,40.6,0.0,160139.90000000002,841338.8,0.0,89751.29999999999,1587.6999999999998,158514.6,0.0,3.0,6389.3,4.0,4.0,341.5,0.0,341.5,3.96,0.0,0.0,0.0,0.0,341.5,6070.0,0.0,0.0,1.0,4.622454499533611e-07,0.018505985032746565,6000.0,0.09852216748768472,0.05344873460316466,85.375
2020-08-23,651,651,8653411.3,8494852.2,3909.0,40.6,0.0,160143.8,848330.9,0.0,90125.0,1587.6999999999998,158518.5,0.0,3.0,6992.099999999999,4.0,4.0,373.7,0.0,373.7,3.96,0.0,0.0,0.0,0.0,373.7,6642.599999999999,0.0,0.0,1.0,4.622454499533611e-07,0.018506435722060267,6003.0,0.09852216748768472,0.05344603195034396,93.425
2020-08-24,654,654,8653411.3,8494848.2,3992.2999999999997,40.6,0.0,160147.8,854975.2,0.0,90480.0,1587.6999999999998,158522.5,0.0,3.0,6644.3,4.0,4.0,355.1,0.0,355.1,3.96,0.0,0.0,0.0,0.0,355.1,6312.2,0.0,0.0,1.0,4.622454499533611e-07,0.01850689796751022,6003.0,0.09852216748768472,0.053444305645440456,88.775
2020-08-25,657,657,8653411.2,8494844.2,4076.6000000000004,40.6,0.0,160151.8,861690.3,0.0,90838.7,1587.8000000000002,158526.4,0.0,3.0,6714.9,4.0,4.0,358.9,0.0,358.9,3.96,0.0,0.0,0.0,0.0,358.9,6379.2,0.0,0.0,1.0,4.6224545529513267e-07,0.018507360426833756,6006.0,0.09852216748768472,0.053448301538369894,89.725
2020-08-26,660,660,8653411.2,8494840.2,4199.0,40.6,0.0,160155.8,868719.8,0.0,91214.40000000001,1587.8000000000002,158530.4,0.0,3.0,7029.7,4.0,4.0,375.7,0.0,375.7,3.96,0.0,0.0,0.0,0.0,375.7,6678.2,0.0,0.0,1.0,4.6224545529513267e-07,0.01850782267228905,6009.0,0.09852216748768472,0.05344467046957907,93.925
2020-08-27,663,663,8653411.2,8494836.1,4308.6,40.6,0.0,160159.9,876046.1,0.0,91605.90000000001,1587.8000000000002,158534.4,0.0,3.0,7326.099999999999,4.0,4.0,391.5,0.0,391.5,3.96,0.0,0.0,0.0,0.0,391.5,6959.8,0.0,0.0,1.0,4.6224545529513267e-07,0.01850829647388073,6009.0,0.09852216748768472,0.05343907399571396,97.875
2020-08-28,666,666,8653411.1,8494832.2,4367.0,40.6,0.0,160163.8,882497.4,0.0,91950.70000000001,1587.9,158538.3,0.0,3.0,6451.3,4.0,4.0,344.7,0.0,344.7,3.96,0.0,0.0,0.0,0.0,344.7,6128.8,0.0,0.0,1.0,4.6224546063690424e-07,0.018508747377089248,6012.0,0.09852216748768472,0.053431091407933284,86.175
2020-08-29,669,669,8653411.1,8494828.2,4481.2,40.6,0.0,160167.8,890268.1,0.0,92365.90000000001,1587.9,158542.3,0.0,3.0,7770.9,4.0,4.0,415.3,0.0,415.3,3.96,0.0,0.0,0.0,0.0,415.3,7382.4,0.0,0.0,1.0,4.6224546063690424e-07,0.018509209622549885,6015.0,0.09852216748768472,0.05344297314339395,103.825
2020-08-30,672,672,8653411.1,8494824.2,4597.799999999999,40.6,0.0,160171.8,898298.8,0.0,92795.09999999999,1587.9,158546.3,0.0,3.0,8030.7,4.0,4.0,429.1,0.0,429.1,3.96,0.0,0.0,0.0,0.0,429.1,7629.2,0.0,0.0,1.0,4.6224546063690424e-07,0.018509671868010523,6015.0,0.09852216748768472,0.053432452961759254,107.275
2020-08-31,675,675,8653411.0,8494820.2,4703.1,40.6,0.0,160175.8,906362.9,0.0,93226.0,1588.0,158550.2,0.0,3.0,8063.9,4.0,4.0,430.9,0.0,430.9,3.96,0.0,0.0,0.0,0.0,430.9,7660.8,0.0,0.0,1.0,4.622454659786759e-07,0.018510134327376797,6018.0,0.09852216748768472,0.05343568248614194,107.725
2020-09-01,678,678,8653410.9,8494816.200000001,4800.0,40.6,0.0,160179.80000000002,914501.8,0.0,93660.9,1588.1,158554.2,0.0,3.0,8139.099999999999,4.0,4.0,434.9,0.0,434.9,3.96,0.0,0.0,0.0,0.0,434.9,7732.2,0.0,0.0,1.0,4.6224547132044774e-07,0.018510596786753767,6033.0,0.09852216748768472,0.053433426300205186,108.725
2020-09-02,681,681,8653410.9,8494812.1,4874.5,40.6,0.0,160183.9,922819.2,0.0,94105.4,1588.1,158558.1,0.0,3.0,8317.5,4.0,4.0,444.5,0.0,444.5,3.96,0.0,0.0,0.0,0.0,444.5,7901.599999999999,0.0,0.0,1.0,4.6224547132044774e-07,0.018511070588361867,6033.0,0.09852216748768472,0.05344153892395551,111.125
2020-09-03,684,684,8653410.9,8494808.2,4977.8,40.6,0.0,160187.8,931329.1000000001,0.0,94560.09999999999,1588.1,158562.1,0.0,3.0,8509.7,4.0,4.0,454.70000000000005,0.0,454.70000000000005,3.96,0.0,0.0,0.0,0.0,454.70000000000005,8084.4,0.0,0.0,1.0,4.6224547132044774e-07,0.018511521277696404,6039.0,0.09852216748768472,0.05343314100379567,113.67500000000001
2020-09-04,687,687,8653410.8,8494804.100000001,5151.7,40.6,0.0,160191.90000000002,941232.4,0.0,95089.4,1588.2,158566.09999999998,0.0,3.0,9903.3,4.0,4.0,529.3,0.0,529.3,3.96,0.0,0.0,0.0,0.0,529.3,9408.2,0.0,0.0,1.0,4.622454766622197e-07,0.01851199529323166,6039.0,0.09852216748768472,0.05344683085436168,132.325
2020-09-05,690,690,8653410.8,8494800.2,5193.0,40.6,0.0,160195.8,948965.2999999999,0.0,95502.6,1588.2,158570.0,0.0,3.0,7732.9,4.0,4.0,413.3,0.0,413.3,3.96,0.0,0.0,0.0,0.0,413.3,7346.4,0.0,0.0,1.0,4.622454766622197e-07,0.0185124459825714,6039.0,0.09852216748768472,0.05344696039002186,103.325
2020-09-06,693,693,8653410.8,8494796.1,5299.1,40.6,0.0,160199.9,958203.8,0.0,95996.29999999999,1588.2,158574.0,0.0,3.0,9238.5,4.0,4.0,493.70000000000005,0.0,493.70000000000005,3.96,0.0,0.0,0.0,0.0,493.70000000000005,8776.599999999999,0.0,0.0,1.0,4.622454766622197e-07,0.01851291978418498,6039.0,0.09852216748768472,0.05343941115982032,123.42500000000001
2020-09-07,696,696,8653410.8,8494792.2,5450.8,40.6,0.0,160203.8,967431.3,0.0,96489.4,1588.2,158577.9,0.0,3.0,9227.5,4.0,4.0,493.1,0.0,493.1,3.96,0.0,0.0,0.0,0.0,493.1,8766.2,0.0,0.0,1.0,4.622454766622197e-07,0.018513370473524724,6042.0,0.09852216748768472,0.053438092657816315,123.275
2020-09-08,699,699,8653410.7,8494788.2,5538.8,40.6,0.0,160207.8,976771.8,0.0,96988.5,1588.3,158581.8,0.0,3.0,9340.5,4.0,4.0,499.1,0.0,499.1,3.96,0.0,0.0,0.0,0.0,499.1,8873.599999999999,0.0,0.0,1.0,4.622454820039918e-07,0.01851383293294978,6054.0,0.09852216748768472,0.05343397034419999,124.775
2020-09-09,702,702,8653410.6,8494784.2,5114.0,40.6,0.0,160211.8,976771.8,0.0,96988.5,1588.4,158585.9,0.0,3.0,0.0,4.0,4.0,0.0,0.0,0.0,3.96,0.0,0.0,0.0,0.0,0.0,0.0,0.0,,,4.62245487345764e-07,0.018514295392385516,6057.0,0.09852216748768472,,0.0
2020-09-10,705,705,8653410.6,8494780.2,4687.3,40.6,0.0,160215.8,976771.8,0.0,96988.5,1588.4,158589.8,0.0,3.0,0.0,4.0,4.0,0.0,0.0,0.0,3.96,0.0,0.0,0.0,0.0,0.0,0.0,0.0,,,4.62245487345764e-07,0.018514757637872862,6060.0,0.09852216748768472,,0.0
2020-09-11,708,708,8653410.5,8494776.2,4256.6,40.6,0.0,160219.8,976771.8,0.0,96988.5,1588.5,158593.9,0.0,3.0,0.0,4.0,4.0,0.0,0.0,0.0,3.96,0.0,0.0,0.0,0.0,0.0,0.0,0.0,,,4.6224549268753633e-07,0.01851522009732463,6060.0,0.09852216748768472,,0.0
2020-09-12,711,711,8653410.5,8494772.2,3816.7000000000003,40.6,0.0,160223.8,976771.8,0.0,96988.5,1588.5,158597.7,0.0,3.0,0.0,4.0,4.0,0.0,0.0,0.0,3.96,0.0,0.0,0.0,0.0,0.0,0.0,0.0,,,4.6224549268753633e-07,0.018515682342817318,6060.0,0.09852216748768472,,0.0
2020-09-13,714,714,8653410.5,8494768.2,3366.3999999999996,40.6,0.0,160227.8,976771.8,0.0,96988.5,1588.5,158601.6,0.0,3.0,0.0,4.0,4.0,0.0,0.0,0.0,3.96,0.0,0.0,0.0,0.0,0.0,0.0,0.0,,,4.6224549268753633e-07,0.018516144588310007,6063.0,0.09852216748768472,,0.0
2020-09-14,717,717,8653410.5,8494764.200000001,2842.4,40.6,0.0,160231.80000000002,976771.8,0.0,96988.5,1588.5,158605.7,0.0,3.0,0.0,4.0,4.0,0.0,0.0,0.0,3.96,0.0,0.0,0.0,0.0,0.0,0.0,0.0,,,4.6224549268753633e-07,0.0185166068338027,6075.0,0.09852216748768472,,0.0
2020-09-15,720,720,8653410.4,8494760.2,2433.3999999999996,40.6,0.0,160235.8,976771.8,0.0,96988.5,1588.6,158609.6,0.0,3.0,0.0,4.0,4.0,0.0,0.0,0.0,3.96,0.0,0.0,0.0,0.0,0.0,0.0,0.0,,,4.6224549802930874e-07,0.018517069293281178,6084.0,0.09852216748768472,,0.0
2020-09-16,723,723,8653410.4,8494756.1,1944.5,40.6,0.0,160239.9,976771.8,0.0,96988.5,1588.6,158613.6,0.0,3.0,0.0,4.0,4.0,0.0,0.0,0.0,3.96,0.0,0.0,0.0,0.0,0.0,0.0,0.0,,,4.6224549802930874e-07,0.01851754309491666,6117.0,0.09852216748768472,,0.0
